Truth,MOS,MOS_Var,n_votes,V1,V2,V3,V4,V5,V6,V7,V8,V9,V10
3.94,4.1,0.5444444444444444,10,4,3,5,4,5,4,4,5,3,4
2.03,1.7,0.4555555555555555,10,2,2,1,2,1,1,2,1,2,3
3.97,4.0,0.6666666666666666,10,4,3,5,4,3,4,3,5,4,5
1.38,1.4,0.48888888888888904,10,1,1,1,1,2,3,2,1,1,1
2.57,2.5,1.3888888888888888,10,2,1,3,2,4,1,2,4,2,4
3.22,3.7,0.4555555555555555,10,5,3,4,4,4,4,3,3,4,3
4.5200000000000005,4.8,0.17777777777777776,10,5,5,5,5,5,4,5,5,4,5
3.01,3.5,0.9444444444444444,10,4,3,4,2,2,3,4,5,4,4
4.79,4.8,0.17777777777777776,10,5,5,5,5,5,4,5,5,4,5
2.95,3.1,1.2111111111111112,10,4,5,3,2,4,2,2,4,3,2
2.64,2.4,1.6000000000000003,10,3,1,3,2,2,3,3,1,1,5
2.69,3.0,0.6666666666666666,10,4,4,3,2,3,4,3,2,2,3
4.08,3.6,0.7111111111111112,10,4,4,5,3,4,2,3,4,4,3
2.02,2.2,0.8444444444444444,10,1,1,3,3,1,3,2,3,3,2
2.34,1.8,1.288888888888889,10,1,1,3,1,3,1,2,1,4,1
1.17,1.0,0.0,10,1,1,1,1,1,1,1,1,1,1
2.2,2.2,1.7333333333333334,10,1,4,1,4,4,2,2,2,1,1
2.05,2.6,1.3777777777777775,10,4,2,3,4,1,1,4,2,3,2
1.86,1.8,0.6222222222222222,10,3,2,1,3,1,1,2,2,1,2
1.02,1.0,0.0,10,1,1,1,1,1,1,1,1,1,1
2.08,2.3,1.1222222222222222,10,2,4,4,3,2,2,1,2,1,2
2.83,2.5,1.3888888888888888,10,2,2,1,3,1,4,4,2,4,2
1.31,1.1,0.09999999999999999,10,1,1,1,1,1,2,1,1,1,1
1.78,1.9,0.7666666666666665,10,2,1,1,3,1,1,2,3,3,2
3.94,4.1,1.211111111111111,10,3,5,5,2,5,3,5,5,4,4
4.779999999999999,4.7,0.23333333333333334,10,5,4,5,5,5,4,5,5,4,5
1.95,2.1,0.3222222222222222,10,2,2,2,2,2,2,3,3,2,1
1.61,1.2,0.1777777777777778,10,1,1,1,1,2,1,2,1,1,1
1.31,1.4,0.2666666666666667,10,2,1,1,2,1,1,1,2,2,1
2.2,1.8,0.6222222222222222,10,1,1,1,1,3,3,2,2,2,2
4.36,4.5,0.2777777777777778,10,4,5,4,5,4,5,4,5,4,5
4.93,5.0,0.0,10,5,5,5,5,5,5,5,5,5,5
1.87,1.9,1.655555555555556,10,1,1,2,2,3,5,2,1,1,1
3.1100000000000003,3.2,1.2888888888888892,10,5,1,4,3,3,4,3,2,4,3
2.35,1.6,0.2666666666666667,10,2,2,2,1,1,2,2,2,1,1
3.05,3.2,0.17777777777777773,10,4,3,3,3,3,3,3,3,3,4
3.17,3.6,0.48888888888888904,10,3,4,3,3,5,4,4,3,3,4
2.91,2.7,0.4555555555555555,10,2,3,3,3,3,3,2,2,4,2
2.75,3.1,1.8777777777777775,10,4,3,4,3,1,4,1,2,5,4
3.35,3.1,2.322222222222223,10,4,5,2,5,2,4,4,1,3,1
4.55,4.4,0.26666666666666666,10,4,4,4,4,4,5,5,5,5,4
2.44,2.3,0.6777777777777777,10,2,1,2,4,3,2,2,2,3,2
3.35,3.8,0.6222222222222222,10,4,4,4,4,3,2,4,4,5,4
2.78,2.6,1.3777777777777775,10,2,5,2,3,1,3,2,2,4,2
2.59,2.3,1.5666666666666667,10,1,1,3,1,3,1,2,4,4,3
3.51,3.9,0.9888888888888889,10,5,5,4,3,4,4,2,3,4,5
2.49,1.8,0.4000000000000001,10,1,2,2,1,3,2,2,1,2,2
3.98,3.9,0.5444444444444444,10,4,5,5,4,3,3,3,4,4,4
1.57,1.6,0.48888888888888904,10,3,2,1,2,1,1,1,1,2,2
4.12,3.8,0.8444444444444444,10,5,3,3,2,4,4,4,5,4,4
2.08,2.1,0.5444444444444443,10,2,3,2,3,3,1,1,2,2,2
3.73,3.7,0.8999999999999999,10,4,2,4,3,3,4,4,5,5,3
1.34,1.2,0.1777777777777778,10,1,1,1,2,1,1,1,1,2,1
4.529999999999999,4.6,0.26666666666666666,10,4,5,5,5,4,5,4,5,5,4
1.54,1.4,0.2666666666666667,10,1,2,1,1,1,2,2,1,2,1
1.51,1.8,0.6222222222222223,10,3,2,2,1,2,3,2,1,1,1
2.92,2.8,0.8444444444444444,10,2,3,4,3,3,4,3,3,1,2
2.23,2.3,0.8999999999999999,10,2,4,3,2,2,2,1,1,3,3
1.15,1.1,0.1,10,1,1,1,1,1,1,1,1,2,1
3.56,3.8,0.8444444444444444,10,5,4,3,3,4,5,4,4,4,2
1.43,1.6,0.48888888888888904,10,1,1,3,1,2,2,2,1,2,1
3.61,4.1,0.5444444444444444,10,4,5,5,4,5,3,3,4,4,4
1.36,1.4,0.2666666666666667,10,2,2,1,1,1,1,2,2,1,1
4.68,4.3,1.1222222222222222,10,3,5,5,5,2,5,4,5,5,4
3.24,3.6,0.9333333333333333,10,4,4,3,3,3,3,5,4,5,2
2.54,2.8,1.0666666666666669,10,4,3,3,2,2,1,3,4,2,4
3.87,3.6,1.1555555555555557,10,2,4,3,4,2,4,5,3,4,5
2.13,1.9,0.5444444444444445,10,3,2,1,1,2,2,1,2,3,2
4.0,3.8,1.288888888888889,10,4,5,3,4,4,5,2,5,4,2
1.14,1.0,0.0,10,1,1,1,1,1,1,1,1,1,1
4.32,4.5,0.2777777777777778,10,4,5,5,5,4,4,5,5,4,4
3.39,3.3,1.5666666666666667,10,3,2,5,4,1,4,4,2,4,4
2.26,2.3,0.8999999999999999,10,3,2,1,2,2,1,3,4,3,2
2.0,2.3,0.6777777777777777,10,2,3,1,1,3,3,2,3,3,2
1.32,1.4,0.2666666666666667,10,2,1,1,2,2,1,1,1,1,2
4.03,4.1,0.7666666666666666,10,3,4,4,5,3,5,3,4,5,5
4.79,5.0,0.0,10,5,5,5,5,5,5,5,5,5,5
3.82,3.9,0.5444444444444445,10,4,4,3,3,4,5,4,4,3,5
4.7700000000000005,4.5,0.5,10,5,4,4,5,4,3,5,5,5,5
3.79,4.1,0.9888888888888889,10,4,4,5,5,5,3,2,4,5,4
4.62,4.5,0.5,10,5,5,5,5,4,3,5,5,4,4
3.31,2.8,0.8444444444444444,10,5,3,2,3,2,3,3,2,3,2
3.75,3.9,0.7666666666666666,10,3,5,5,4,3,4,4,5,3,3
2.76,3.1,0.7666666666666666,10,3,2,2,5,4,3,3,3,3,3
1.99,2.0,0.8888888888888888,10,1,4,2,1,2,2,2,1,3,2
3.68,3.9,0.5444444444444444,10,4,3,4,5,3,4,5,4,4,3
3.67,3.8,1.2888888888888888,10,4,2,5,4,4,4,5,3,5,2
2.91,2.9,1.4333333333333331,10,2,1,3,2,2,3,4,3,5,4
3.01,2.7,0.8999999999999999,10,2,4,4,1,3,3,2,3,3,2
3.47,3.2,1.0666666666666669,10,3,4,2,5,2,3,3,4,4,2
3.56,3.5,1.1666666666666667,10,5,3,5,4,4,3,3,2,2,4
2.47,2.5,0.9444444444444444,10,2,3,3,3,1,2,1,3,3,4
1.54,1.9,1.4333333333333336,10,1,5,1,1,2,2,2,2,2,1
4.33,4.5,0.5,10,5,4,5,4,5,4,5,3,5,5
4.03,4.0,0.6666666666666666,10,3,3,4,5,4,3,4,5,5,4
2.67,2.3,0.6777777777777777,10,2,2,1,3,3,3,2,1,3,3
1.69,1.5,0.2777777777777778,10,2,1,1,2,2,1,2,1,1,2
2.19,2.1,0.09999999999999999,10,2,3,2,2,2,2,2,2,2,2
1.45,1.3,0.45555555555555544,10,3,1,1,2,1,1,1,1,1,1
4.55,4.7,0.23333333333333334,10,5,5,4,4,5,5,5,4,5,5
4.51,4.5,0.5,10,4,5,3,5,5,4,5,5,5,4
3.89,4.3,0.6777777777777777,10,3,5,4,5,4,5,4,5,3,5
2.46,2.7,1.1222222222222222,10,4,4,3,2,1,4,3,2,2,2
1.3,1.0,0.0,10,1,1,1,1,1,1,1,1,1,1
1.2,1.2,0.1777777777777778,10,1,1,2,1,1,2,1,1,1,1
1.76,1.8,0.6222222222222222,10,2,2,1,1,2,1,1,3,3,2
4.220000000000001,4.2,0.39999999999999997,10,4,4,4,5,5,3,5,4,4,4
4.84,5.0,0.0,10,5,5,5,5,5,5,5,5,5,5
4.3100000000000005,4.2,0.8444444444444444,10,5,4,4,4,5,2,5,5,4,4
2.14,2.3,1.1222222222222222,10,3,3,2,3,1,4,3,1,2,1
1.69,2.0,0.6666666666666666,10,2,1,3,3,2,1,1,2,2,3
4.05,4.4,0.4888888888888888,10,3,4,5,4,5,5,4,4,5,5
2.9,3.4,0.48888888888888893,10,4,3,4,3,3,4,4,2,4,3
1.97,2.2,1.066666666666667,10,2,1,1,2,4,3,1,3,3,2
1.92,2.2,0.8444444444444444,10,4,2,1,3,2,2,2,3,2,1
3.24,3.1,0.9888888888888889,10,2,3,2,2,5,4,3,3,4,3
5.0,5.0,0.0,10,5,5,5,5,5,5,5,5,5,5
1.46,1.3,0.45555555555555544,10,1,1,3,1,1,2,1,1,1,1
1.43,1.2,0.17777777777777784,10,2,1,1,1,1,1,1,1,2,1
2.2,2.1,1.4333333333333333,10,1,2,3,1,4,4,2,1,1,2
2.88,2.8,1.5111111111111113,10,5,3,4,3,2,4,1,2,2,2
3.91,3.7,1.3444444444444443,10,2,3,4,4,3,5,2,4,5,5
1.74,1.4,0.2666666666666667,10,1,1,1,1,2,2,1,2,2,1
1.24,1.2,0.17777777777777784,10,1,1,2,2,1,1,1,1,1,1
3.45,3.8,1.5111111111111115,10,2,3,5,4,2,3,5,5,5,4
1.22,1.2,0.1777777777777778,10,1,1,1,1,1,2,1,2,1,1
2.29,2.4,0.7111111111111112,10,3,2,1,3,2,3,3,3,1,3
1.0699999999999998,1.0,0.0,10,1,1,1,1,1,1,1,1,1,1
3.97,4.0,0.4444444444444444,10,4,4,5,4,4,3,3,5,4,4
3.26,3.3,0.4555555555555555,10,2,3,3,4,4,3,3,4,3,4
1.66,1.4,0.48888888888888904,10,2,1,1,1,3,2,1,1,1,1
1.08,1.0,0.0,10,1,1,1,1,1,1,1,1,1,1
4.44,4.8,0.17777777777777773,10,5,5,4,4,5,5,5,5,5,5
2.46,2.5,0.9444444444444444,10,3,2,3,3,2,1,3,3,1,4
1.17,1.3,0.23333333333333334,10,1,1,1,2,2,1,1,1,2,1
4.66,4.7,0.23333333333333334,10,4,5,5,5,5,4,5,5,4,5
3.63,4.1,0.9888888888888889,10,5,5,5,5,3,3,3,5,3,4
2.85,3.0,1.1111111111111112,10,4,2,2,4,4,3,3,4,1,3
2.41,2.6,0.9333333333333336,10,3,2,2,2,4,3,2,4,3,1
2.88,2.9,0.7666666666666665,10,3,2,4,4,2,3,2,2,3,4
1.06,1.0,0.0,10,1,1,1,1,1,1,1,1,1,1
2.49,2.3,1.3444444444444443,10,2,4,2,2,1,3,1,3,4,1
1.21,1.0,0.0,10,1,1,1,1,1,1,1,1,1,1
2.43,2.9,1.2111111111111112,10,2,3,2,4,3,3,5,1,3,3
2.1,1.8,0.6222222222222223,10,1,2,2,1,1,2,1,3,2,3
1.23,1.2,0.1777777777777778,10,1,1,2,1,1,2,1,1,1,1
2.48,2.4,1.3777777777777775,10,5,1,3,3,2,2,2,1,3,2
1.08,1.0,0.0,10,1,1,1,1,1,1,1,1,1,1
3.72,3.9,0.7666666666666667,10,3,4,5,4,3,3,4,5,5,3
1.56,1.4,0.48888888888888893,10,1,1,1,2,1,1,2,3,1,1
1.93,1.7,0.6777777777777778,10,1,1,1,2,1,3,2,2,1,3
2.8,2.3,0.8999999999999999,10,2,1,2,2,3,3,3,4,1,2
2.83,2.5,1.3888888888888888,10,4,1,2,2,1,3,4,4,2,2
4.14,4.6,0.2666666666666667,10,5,4,5,4,4,5,5,5,4,5
4.25,4.4,0.4888888888888888,10,5,3,4,4,5,4,5,5,4,5
3.33,2.8,1.0666666666666667,10,3,4,3,4,3,2,2,4,2,1
3.59,3.4,0.9333333333333333,10,4,3,4,2,5,4,4,3,3,2
1.12,1.0,0.0,10,1,1,1,1,1,1,1,1,1,1
4.87,4.7,0.23333333333333334,10,4,5,5,5,4,5,5,4,5,5
1.92,1.9,1.4333333333333331,10,1,2,1,1,2,2,1,1,4,4
3.29,3.4,1.1555555555555557,10,5,3,5,2,4,3,3,4,2,3
1.61,1.6,0.2666666666666667,10,1,2,2,2,2,2,1,1,1,2
1.28,1.1,0.09999999999999999,10,1,1,1,1,1,2,1,1,1,1
1.73,1.7,0.8999999999999998,10,1,1,4,2,1,1,2,2,2,1
2.07,2.1,1.2111111111111112,10,4,3,2,1,1,1,3,2,1,3
1.63,1.7,0.6777777777777778,10,3,1,2,3,2,1,1,1,1,2
1.15,1.1,0.09999999999999999,10,1,1,1,1,2,1,1,1,1,1
1.84,1.6,0.2666666666666667,10,2,2,2,1,1,2,1,2,2,1
4.58,4.6,0.26666666666666666,10,4,5,4,5,4,5,5,4,5,5
3.22,3.2,1.2888888888888888,10,4,5,4,3,2,3,1,3,4,3
4.59,4.6,0.2666666666666667,10,5,5,4,4,4,5,5,5,5,4
1.44,1.6,0.48888888888888904,10,3,2,2,2,1,2,1,1,1,1
4.18,4.3,0.4555555555555555,10,4,4,5,4,5,5,4,4,3,5
1.29,1.2,0.1777777777777778,10,1,1,2,1,1,2,1,1,1,1
2.53,2.8,0.6222222222222222,10,2,2,3,2,3,2,4,3,4,3
4.16,4.2,0.39999999999999997,10,3,5,4,4,4,5,4,4,5,4
1.16,1.0,0.0,10,1,1,1,1,1,1,1,1,1,1
1.36,1.4,0.2666666666666667,10,2,1,2,1,1,1,2,2,1,1
4.3,4.2,0.8444444444444444,10,3,5,5,4,5,3,5,4,3,5
4.43,4.8,0.17777777777777773,10,5,5,4,4,5,5,5,5,5,5
4.96,4.9,0.09999999999999996,10,5,4,5,5,5,5,5,5,5,5
4.33,4.0,1.1111111111111112,10,5,2,5,5,4,4,3,5,4,3
2.06,1.6,0.7111111111111112,10,2,1,2,3,1,1,1,1,1,3
3.56,3.3,0.8999999999999999,10,3,2,5,2,4,3,4,4,3,3
4.74,5.0,0.0,10,5,5,5,5,5,5,5,5,5,5
1.93,2.2,1.0666666666666669,10,4,2,2,1,3,2,3,1,1,3
2.27,2.3,0.6777777777777777,10,3,2,3,2,3,2,3,3,1,1
4.15,4.0,0.6666666666666666,10,3,5,3,4,5,3,4,4,4,5
4.91,4.9,0.09999999999999998,10,5,5,5,5,5,4,5,5,5,5
3.86,3.8,0.8444444444444444,10,4,5,4,3,5,3,4,2,4,4
4.1,4.3,0.8999999999999999,10,3,5,4,3,5,5,5,3,5,5
3.73,3.6,0.7111111111111111,10,3,4,4,4,3,3,4,5,4,2
2.82,2.9,0.7666666666666665,10,3,2,3,2,4,4,2,2,3,4
4.66,4.8,0.17777777777777773,10,5,5,5,5,4,5,5,5,4,5
3.06,2.4,0.9333333333333333,10,3,4,2,3,1,1,2,3,2,3
4.29,4.2,1.0666666666666669,10,5,2,5,4,5,5,4,4,5,3
4.76,4.7,0.4555555555555555,10,5,5,4,5,5,5,5,3,5,5
2.7,2.4,1.155555555555556,10,2,3,1,3,2,2,1,2,4,4
2.0,2.0,1.1111111111111112,10,1,1,1,3,1,3,3,1,3,3
3.45,3.5,0.5,10,4,3,2,4,4,3,4,4,3,4
2.78,2.8,1.9555555555555557,10,4,2,4,5,3,1,1,2,2,4
3.59,3.8,0.6222222222222222,10,5,4,4,4,5,4,3,3,3,3
4.64,4.6,0.4888888888888887,10,5,3,5,5,5,5,4,5,5,4
1.1800000000000002,1.3,0.23333333333333334,10,1,2,2,1,1,1,1,1,1,2
1.15,1.3,0.23333333333333334,10,1,2,2,1,1,1,2,1,1,1
3.43,3.5,1.3888888888888888,10,1,5,3,5,3,4,4,4,3,3
3.51,4.0,0.6666666666666666,10,4,5,5,4,3,4,5,4,3,3
4.33,4.1,0.9888888888888887,10,2,4,4,5,4,5,3,4,5,5
2.12,1.9,0.5444444444444445,10,1,3,1,2,2,2,3,1,2,2
4.8,4.9,0.09999999999999998,10,5,5,5,4,5,5,5,5,5,5
3.94,3.9,0.3222222222222222,10,4,4,4,4,4,4,4,3,3,5
3.19,3.3,0.8999999999999999,10,3,5,2,4,3,3,4,2,3,4
2.54,2.8,1.066666666666667,10,4,2,2,1,4,2,3,3,4,3
1.3,1.4,0.2666666666666667,10,1,1,1,2,1,2,1,1,2,2
3.08,3.4,0.7111111111111112,10,3,3,3,4,5,2,3,4,4,3
3.26,3.5,1.3888888888888888,10,3,4,4,3,4,3,5,5,3,1
3.8,3.9,0.5444444444444444,10,5,3,4,4,3,5,4,4,4,3
4.1,4.0,0.6666666666666666,10,4,2,4,4,4,4,5,4,4,5
4.58,4.5,0.7222222222222222,10,5,5,5,3,3,5,4,5,5,5
4.51,4.5,0.5,10,5,4,5,5,4,5,3,4,5,5
1.06,1.0,0.0,10,1,1,1,1,1,1,1,1,1,1
4.1,4.1,0.9888888888888889,10,4,5,5,5,3,3,5,3,3,5
1.17,1.0,0.0,10,1,1,1,1,1,1,1,1,1,1
4.67,4.4,0.26666666666666666,10,4,5,4,4,4,5,4,5,4,5
3.9,4.5,0.5,10,5,5,4,5,4,5,4,3,5,5
1.49,1.5,0.2777777777777778,10,1,1,1,2,2,2,1,2,2,1
3.48,3.7,1.1222222222222222,10,5,4,2,3,4,5,4,2,4,4
4.12,4.1,0.9888888888888887,10,5,4,4,2,3,5,4,5,4,5
2.35,2.8,1.2888888888888892,10,5,3,2,2,4,1,3,3,2,3
4.19,4.2,0.39999999999999997,10,3,4,4,4,4,5,4,5,4,5
2.01,2.0,0.4444444444444444,10,2,2,3,2,1,1,2,3,2,2
4.73,4.5,0.5,10,4,5,4,5,5,4,5,5,3,5
3.57,3.7,1.3444444444444443,10,2,3,4,5,2,4,4,5,5,3
4.91,4.8,0.17777777777777773,10,5,5,5,4,5,5,4,5,5,5
2.71,3.0,1.7777777777777777,10,2,4,4,1,3,4,3,1,3,5
4.14,4.4,0.26666666666666666,10,4,5,4,4,5,5,4,4,4,5
1.83,2.0,0.6666666666666666,10,2,3,3,2,2,1,2,3,1,1
1.61,1.7,0.6777777777777778,10,2,2,2,1,3,1,3,1,1,1
3.25,2.6,1.3777777777777778,10,3,1,1,3,3,3,5,2,3,2
3.2,3.4,0.7111111111111112,10,2,4,3,3,3,3,3,5,4,4
1.51,1.7,0.6777777777777777,10,3,1,1,1,1,2,2,1,2,3
4.54,4.4,0.711111111111111,10,5,5,3,5,5,5,4,4,5,3
3.22,3.4,0.7111111111111112,10,3,3,3,5,3,4,4,4,2,3
3.09,3.0,1.3333333333333333,10,2,3,3,5,3,3,4,1,2,4
3.49,3.5,1.3888888888888888,10,4,3,4,2,4,1,4,4,5,4
1.44,1.8,1.066666666666667,10,1,2,4,1,1,2,3,2,1,1
1.95,1.9,0.7666666666666666,10,2,2,1,2,2,2,2,1,1,4
4.24,4.3,0.6777777777777777,10,5,4,3,4,5,3,5,5,4,5
3.56,3.5,0.7222222222222222,10,4,4,5,3,3,4,4,2,3,3
3.17,3.1,0.5444444444444445,10,4,4,3,2,3,4,3,2,3,3
2.7,2.4,0.7111111111111112,10,3,1,3,3,3,3,1,2,3,2
4.26,4.4,0.4888888888888888,10,5,4,5,4,5,3,5,5,4,4
2.59,2.2,0.8444444444444444,10,3,1,1,3,2,3,1,2,3,3
3.4,3.5,1.1666666666666667,10,2,3,4,4,3,5,5,4,3,2
3.39,3.1,0.5444444444444446,10,4,3,2,3,4,4,3,3,3,2
2.39,2.3,1.788888888888889,10,2,3,5,2,4,2,2,1,1,1
4.15,4.4,0.48888888888888893,10,5,4,5,5,5,4,4,3,4,5
2.44,2.6,0.7111111111111112,10,3,3,3,1,2,3,4,3,2,2
1.7,2.0,0.6666666666666666,10,3,2,2,2,2,1,1,3,3,1
2.67,3.0,1.5555555555555556,10,3,2,4,4,1,2,4,2,3,5
2.69,3.0,1.7777777777777777,10,3,5,3,2,4,4,1,4,3,1
1.97,2.4,1.822222222222222,10,1,2,2,3,3,5,1,1,2,4
4.14,4.2,0.8444444444444444,10,5,4,3,3,5,3,4,5,5,5
1.51,1.5,0.5,10,1,2,1,1,1,2,1,3,2,1
1.86,2.0,0.6666666666666666,10,1,3,1,3,2,2,1,3,2,2
1.33,1.5,0.5,10,2,1,2,3,1,1,1,1,2,1
4.2,4.1,0.09999999999999998,10,4,4,4,4,5,4,4,4,4,4
3.9,3.5,0.7222222222222222,10,3,4,3,4,3,2,4,4,3,5
4.68,4.8,0.17777777777777776,10,5,5,5,5,5,5,4,5,5,4
3.05,2.6,0.48888888888888893,10,3,2,3,3,2,3,1,3,3,3
3.83,3.9,0.3222222222222223,10,4,4,4,4,4,3,5,4,3,4
4.13,4.4,0.9333333333333333,10,5,5,5,4,4,2,5,5,4,5
4.07,4.4,0.2666666666666667,10,5,4,5,5,4,4,4,4,5,4
4.46,4.3,0.4555555555555555,10,4,4,4,5,5,3,4,4,5,5
4.8,4.7,0.23333333333333334,10,5,5,5,5,4,5,4,4,5,5
4.11,4.1,1.4333333333333331,10,5,4,2,5,5,5,5,4,2,4
3.82,4.1,0.5444444444444444,10,3,4,5,4,5,4,4,4,3,5
1.87,1.7,0.8999999999999998,10,1,1,4,2,1,2,1,2,1,2
3.52,3.2,0.8444444444444444,10,4,3,3,3,4,2,5,3,2,3
2.72,2.2,1.0666666666666667,10,1,1,2,2,1,2,3,3,3,4
4.79,5.0,0.0,10,5,5,5,5,5,5,5,5,5,5
1.96,1.8,0.4000000000000001,10,2,3,2,1,1,2,2,2,2,1
3.01,3.2,0.8444444444444444,10,3,3,3,2,2,3,4,5,3,4
1.54,1.6,0.2666666666666667,10,1,1,1,2,2,2,2,2,2,1
3.73,2.9,0.7666666666666668,10,2,3,4,4,3,3,3,3,3,1
4.48,4.6,0.26666666666666666,10,5,5,4,5,5,4,5,4,4,5
2.34,2.2,1.0666666666666667,10,4,1,3,1,3,2,2,3,1,2
3.78,4.0,0.6666666666666666,10,4,3,3,4,5,4,3,5,5,4
1.05,1.1,0.09999999999999999,10,1,1,1,1,1,1,2,1,1,1
4.85,5.0,0.0,10,5,5,5,5,5,5,5,5,5,5
3.27,3.1,0.9888888888888887,10,2,5,4,3,3,3,2,4,3,2
2.45,2.6,1.5999999999999999,10,2,3,2,1,5,3,2,4,3,1
4.86,4.8,0.17777777777777773,10,4,5,5,5,5,5,5,5,5,4
2.21,2.4,0.9333333333333333,10,1,4,2,3,3,2,2,1,3,3
1.99,1.9,0.9888888888888889,10,2,1,2,1,2,1,4,3,2,1
2.59,2.8,1.511111111111111,10,3,1,3,3,5,3,2,1,4,3
4.91,5.0,0.0,10,5,5,5,5,5,5,5,5,5,5
1.01,1.0,0.0,10,1,1,1,1,1,1,1,1,1,1
2.48,2.4,1.6,10,5,2,3,1,4,2,2,1,2,2
3.74,3.7,0.4555555555555555,10,4,3,4,3,4,4,5,4,3,3
4.17,4.2,0.6222222222222222,10,3,4,5,5,5,4,3,5,4,4
4.8100000000000005,4.7,0.4555555555555555,10,3,5,5,5,5,5,5,4,5,5
4.0,3.3,1.3444444444444443,10,2,2,3,4,2,3,5,4,3,5
4.58,4.4,0.4888888888888888,10,5,4,5,3,4,5,5,4,4,5
3.65,3.9,0.3222222222222224,10,3,5,4,4,4,4,3,4,4,4
4.14,4.1,0.7666666666666666,10,5,4,4,5,4,4,5,4,2,4
2.23,2.3,1.3444444444444443,10,2,1,4,1,2,1,4,3,3,2
3.75,3.9,0.5444444444444445,10,3,4,4,3,3,4,5,4,4,5
4.779999999999999,4.7,0.4555555555555555,10,5,4,5,3,5,5,5,5,5,5
3.43,3.6,1.1555555555555557,10,2,2,4,5,5,4,4,3,3,4
1.62,1.6,0.2666666666666667,10,2,2,2,2,2,1,1,2,1,1
2.91,3.8,0.39999999999999997,10,4,3,3,5,4,4,4,4,3,4
4.75,4.6,0.48888888888888893,10,5,5,5,5,5,4,5,5,4,3
2.18,1.9,0.5444444444444443,10,2,3,2,2,1,3,1,2,2,1
3.3600000000000003,3.6,1.3777777777777775,10,3,3,3,2,5,4,2,5,4,5
1.1800000000000002,1.2,0.17777777777777784,10,1,2,1,2,1,1,1,1,1,1
4.93,5.0,0.0,10,5,5,5,5,5,5,5,5,5,5
2.78,3.0,0.8888888888888888,10,3,2,5,3,3,3,3,2,2,4
3.71,3.5,1.1666666666666667,10,5,3,3,3,5,2,4,2,4,4
3.13,3.4,0.7111111111111112,10,3,3,2,4,3,5,4,3,4,3
4.91,4.5,0.2777777777777778,10,5,4,5,4,5,4,4,5,5,4
1.35,1.4,0.2666666666666667,10,2,1,1,1,1,2,1,1,2,2
2.39,2.1,1.4333333333333336,10,2,2,1,5,1,2,3,2,2,1
1.5,1.3,0.23333333333333334,10,2,1,2,1,2,1,1,1,1,1
1.95,2.2,1.288888888888889,10,4,2,2,2,1,1,1,3,2,4
1.87,1.7,0.4555555555555555,10,2,2,2,1,1,1,3,1,2,2
3.17,3.5,0.9444444444444444,10,3,3,2,5,5,3,4,4,3,3
2.47,2.4,0.48888888888888904,10,2,2,4,2,2,3,2,2,3,2
4.16,3.4,0.9333333333333336,10,4,4,2,4,3,3,4,2,5,3
2.94,2.9,1.6555555555555557,10,5,4,1,1,3,3,3,2,4,3
2.82,3.4,0.7111111111111114,10,5,4,4,3,4,3,3,3,3,2
1.55,1.6,0.48888888888888904,10,2,2,1,3,2,1,2,1,1,1
4.76,4.8,0.17777777777777773,10,4,5,4,5,5,5,5,5,5,5
4.08,4.1,0.7666666666666666,10,4,5,4,5,4,4,5,4,4,2
1.13,1.2,0.17777777777777784,10,1,2,1,1,1,1,1,1,1,2
3.43,3.5,0.9444444444444444,10,3,5,4,3,4,3,2,3,3,5
1.64,1.4,0.2666666666666667,10,2,1,2,2,1,1,1,1,2,1
4.44,4.2,0.8444444444444444,10,5,5,2,4,4,5,4,5,4,4
3.8,3.9,0.7666666666666665,10,4,3,3,3,3,5,4,5,5,4
4.62,4.7,0.23333333333333334,10,5,4,5,5,4,5,5,5,4,5
3.5,4.4,0.26666666666666666,10,4,4,4,4,4,5,5,5,4,5
4.279999999999999,4.7,0.23333333333333334,10,4,5,5,5,5,5,4,5,4,5
3.23,3.1,1.2111111111111112,10,2,2,5,4,2,3,2,4,4,3
1.76,1.6,0.2666666666666667,10,2,2,2,1,2,1,1,2,2,1
1.64,1.3,0.23333333333333334,10,2,1,2,1,1,1,1,1,1,2
4.9,4.8,0.17777777777777773,10,5,5,4,5,5,5,5,4,5,5
1.5,1.3,0.23333333333333334,10,2,1,2,1,2,1,1,1,1,1
1.53,1.4,0.2666666666666667,10,2,1,1,2,1,2,1,1,2,1
4.61,4.6,0.26666666666666666,10,5,4,5,4,4,5,4,5,5,5
4.42,4.5,0.5,10,4,5,3,5,5,5,4,5,4,5
4.11,4.2,0.39999999999999997,10,4,5,4,5,4,4,4,5,3,4
4.86,4.7,0.23333333333333334,10,4,4,5,5,5,5,5,5,4,5
3.43,3.2,1.0666666666666669,10,3,4,3,4,4,4,2,1,3,4
4.38,4.2,0.8444444444444444,10,5,3,5,5,5,3,4,3,5,4
2.99,2.5,0.7222222222222222,10,2,3,4,4,2,2,2,2,2,2
1.31,1.4,0.48888888888888915,10,1,3,1,1,1,1,2,2,1,1
3.78,3.9,0.5444444444444443,10,3,5,5,3,4,4,4,4,3,4
1.21,1.3,0.23333333333333334,10,1,2,1,2,2,1,1,1,1,1
4.32,4.2,0.39999999999999997,10,4,4,4,5,4,4,3,5,4,5
3.93,4.6,0.26666666666666666,10,5,5,5,5,5,4,5,4,4,4
2.32,2.8,1.511111111111111,10,3,2,1,3,3,3,1,4,5,3
1.63,1.5,0.2777777777777778,10,1,1,2,2,1,1,2,2,1,2
4.11,4.2,0.6222222222222222,10,4,5,4,3,5,4,5,4,3,5
2.95,2.6,1.3777777777777778,10,3,2,1,3,3,3,5,3,1,2
4.86,5.0,0.0,10,5,5,5,5,5,5,5,5,5,5
1.96,2.3,1.5666666666666667,10,2,5,3,1,2,2,3,1,1,3
2.59,2.7,0.6777777777777778,10,2,3,2,2,2,4,2,3,4,3
3.18,3.0,0.6666666666666666,10,3,4,2,3,4,2,3,4,3,2
3.68,4.1,0.5444444444444444,10,3,4,4,5,4,5,4,5,4,3
1.7,2.0,0.6666666666666666,10,2,2,1,2,2,2,2,1,4,2
4.11,3.6,0.7111111111111112,10,4,3,3,5,4,2,4,4,3,4
1.78,2.2,1.0666666666666669,10,1,2,2,1,3,4,2,3,3,1
3.22,3.4,1.8222222222222224,10,5,4,2,4,4,3,2,4,1,5
3.9,3.9,0.5444444444444444,10,4,4,4,4,5,4,5,3,3,3
4.8,4.9,0.09999999999999996,10,4,5,5,5,5,5,5,5,5,5
3.38,3.7,0.4555555555555555,10,3,3,4,4,5,4,3,3,4,4
1.38,1.8,0.6222222222222223,10,1,2,2,3,2,1,2,3,1,1
3.93,4.2,0.8444444444444444,10,5,3,4,3,5,4,5,5,5,3
2.72,3.2,1.5111111111111113,10,5,3,3,4,1,3,2,3,3,5
3.86,4.0,0.6666666666666666,10,4,4,5,4,3,4,5,5,3,3
3.64,4.4,0.9333333333333333,10,5,5,4,5,5,5,4,5,2,4
1.22,1.2,0.1777777777777778,10,1,1,1,2,1,1,1,2,1,1
2.39,2.3,0.8999999999999999,10,1,2,2,3,1,2,4,3,3,2
1.41,1.5,0.9444444444444444,10,1,2,1,1,1,1,4,1,1,2
4.12,4.1,0.5444444444444444,10,4,3,3,5,4,4,4,5,4,5
2.44,2.2,1.0666666666666667,10,3,2,3,1,1,3,1,2,4,2
2.46,2.8,1.0666666666666669,10,4,2,3,5,3,2,2,3,2,2
1.61,1.7,0.6777777777777777,10,3,1,2,1,1,3,1,1,2,2
1.76,2.3,0.8999999999999999,10,3,2,3,2,3,1,1,2,2,4
2.04,1.7,0.8999999999999999,10,1,2,1,4,2,1,2,2,1,1
1.44,1.3,0.4555555555555555,10,2,1,1,1,1,3,1,1,1,1
1.44,1.7,0.4555555555555555,10,1,1,1,2,2,1,2,2,3,2
3.41,3.2,1.288888888888889,10,3,3,3,4,5,1,3,2,4,4
4.0600000000000005,4.2,0.39999999999999997,10,5,4,4,4,4,5,5,4,3,4
2.34,2.0,1.7777777777777777,10,1,2,3,1,5,2,1,1,1,3
4.18,4.3,0.4555555555555555,10,4,5,4,4,5,3,5,4,4,5
3.28,3.6,1.3777777777777778,10,4,5,5,2,3,3,5,4,2,3
2.52,3.0,1.1111111111111112,10,2,2,4,3,3,3,5,4,2,2
2.4,2.2,0.6222222222222222,10,2,2,2,2,2,3,2,4,2,1
2.72,2.6,0.7111111111111112,10,3,2,4,3,3,3,2,2,1,3
1.45,1.6,0.2666666666666667,10,2,2,2,1,2,1,1,2,2,1
4.42,4.8,0.17777777777777773,10,4,5,5,5,5,4,5,5,5,5
1.97,1.9,0.5444444444444444,10,2,3,3,2,1,1,1,2,2,2
4.13,4.4,0.4888888888888888,10,4,5,5,5,5,3,4,4,5,4
2.34,1.9,0.5444444444444445,10,1,2,2,1,1,2,2,2,3,3
3.22,3.3,1.1222222222222222,10,4,2,4,4,3,3,2,4,2,5
4.2700000000000005,4.7,0.23333333333333334,10,5,5,5,4,4,5,4,5,5,5
4.99,4.9,0.09999999999999999,10,5,5,5,5,5,5,5,5,4,5
2.51,2.0,0.8888888888888888,10,1,3,1,2,2,2,1,2,2,4
4.02,3.6,0.9333333333333333,10,2,3,5,4,3,4,4,5,3,3
3.88,3.7,0.4555555555555555,10,3,3,4,4,4,4,3,4,3,5
2.0,1.6,0.48888888888888893,10,1,2,1,2,1,1,3,1,2,2
4.89,4.9,0.09999999999999999,10,5,5,5,5,5,5,5,5,4,5
4.970000000000001,4.9,0.09999999999999999,10,5,5,5,5,5,5,5,4,5,5
1.99,1.6,1.1555555555555557,10,1,1,2,3,1,1,1,1,4,1
2.98,2.7,1.3444444444444443,10,1,4,1,4,2,4,3,3,3,2
3.2,3.2,0.39999999999999997,10,3,4,4,4,3,3,2,3,3,3
3.59,3.9,0.3222222222222222,10,3,4,4,4,4,4,4,3,4,5
1.61,1.5,0.5,10,1,2,1,2,2,1,3,1,1,1
4.83,4.8,0.17777777777777776,10,5,5,5,5,5,5,5,5,4,4
4.62,4.8,0.17777777777777776,10,5,5,5,5,5,4,5,4,5,5
1.02,1.0,0.0,10,1,1,1,1,1,1,1,1,1,1
2.29,2.1,0.9888888888888889,10,3,2,4,2,1,2,1,2,1,3
4.2700000000000005,4.4,0.2666666666666667,10,5,5,4,4,4,4,5,4,5,4
4.3,4.0,1.3333333333333333,10,5,2,4,5,5,4,4,5,4,2
1.91,2.0,0.8888888888888888,10,2,1,1,2,2,1,3,4,2,2
1.8,2.1,1.2111111111111112,10,2,2,1,2,2,1,1,4,4,2
2.01,1.7,0.6777777777777777,10,3,2,1,1,1,1,3,1,2,2
3.14,3.1,0.5444444444444443,10,3,3,4,3,2,4,4,2,3,3
1.5,1.7,0.45555555555555544,10,1,2,3,1,1,1,2,2,2,2
3.98,4.2,0.6222222222222222,10,4,3,4,3,5,5,5,4,5,4
1.21,1.0,0.0,10,1,1,1,1,1,1,1,1,1,1
4.2700000000000005,4.6,0.26666666666666666,10,5,5,4,5,5,4,5,4,4,5
2.88,2.7,0.6777777777777777,10,3,2,4,2,3,3,2,4,2,2
4.91,5.0,0.0,10,5,5,5,5,5,5,5,5,5,5
2.32,2.9,1.4333333333333333,10,2,4,2,3,3,3,1,4,5,2
3.57,3.3,1.7888888888888888,10,1,4,3,4,5,2,5,4,2,3
4.43,4.6,0.9333333333333331,10,2,5,5,4,5,5,5,5,5,5
2.04,2.2,1.0666666666666667,10,3,1,1,3,1,2,4,2,3,2
3.34,2.9,1.2111111111111112,10,2,1,4,3,4,3,4,2,2,4
2.55,2.5,1.1666666666666667,10,1,3,3,2,4,2,2,4,1,3
2.62,2.8,0.39999999999999997,10,3,3,4,3,2,2,3,3,2,3
3.1100000000000003,3.3,0.8999999999999999,10,4,4,3,3,2,5,2,4,3,3
1.75,1.7,0.45555555555555544,10,1,3,1,2,2,2,2,1,2,1
1.64,1.9,0.9888888888888889,10,1,2,2,3,2,1,1,2,1,4
4.68,4.6,0.48888888888888893,10,5,5,5,5,4,5,5,5,4,3
1.43,1.3,0.4555555555555555,10,1,1,2,1,1,1,1,3,1,1
2.87,2.6,1.6000000000000003,10,2,1,3,4,2,3,2,5,1,3
3.99,4.0,0.6666666666666666,10,4,3,5,5,4,3,4,4,3,5
4.970000000000001,5.0,0.0,10,5,5,5,5,5,5,5,5,5,5
1.11,1.0,0.0,10,1,1,1,1,1,1,1,1,1,1
4.720000000000001,4.8,0.17777777777777773,10,5,4,5,4,5,5,5,5,5,5
3.67,3.2,1.288888888888889,10,5,4,3,2,3,1,3,3,4,4
3.77,4.1,0.5444444444444444,10,3,5,4,5,4,3,4,4,4,5
2.35,2.4,1.1555555555555557,10,4,3,1,1,3,3,2,1,3,3
1.95,1.9,0.5444444444444444,10,2,1,1,1,2,2,3,3,2,2
1.05,1.1,0.09999999999999999,10,1,1,1,1,2,1,1,1,1,1
4.67,5.0,0.0,10,5,5,5,5,5,5,5,5,5,5
3.61,3.7,1.5666666666666667,10,2,5,4,4,2,4,4,2,5,5
1.24,1.4,0.48888888888888893,10,1,1,1,2,1,1,3,1,2,1
4.9,4.9,0.09999999999999996,10,5,4,5,5,5,5,5,5,5,5
1.64,1.8,0.6222222222222223,10,2,1,2,3,1,2,1,1,2,3
1.26,1.3,0.23333333333333334,10,2,1,1,1,1,2,1,1,2,1
3.4,3.2,0.8444444444444444,10,5,2,3,3,4,4,3,2,3,3
4.13,3.8,0.39999999999999997,10,3,4,4,4,5,3,4,3,4,4
1.03,1.1,0.09999999999999999,10,1,1,1,2,1,1,1,1,1,1
2.26,2.4,2.0444444444444443,10,4,1,4,1,1,4,2,1,2,4
1.1,1.3,0.23333333333333334,10,2,1,1,1,1,2,1,1,2,1
2.3,2.2,0.8444444444444444,10,3,3,1,1,1,2,3,3,2,3
3.32,2.6,0.7111111111111112,10,4,2,3,1,2,2,3,3,3,3
2.45,2.6,0.48888888888888893,10,3,2,2,2,3,3,3,2,2,4
4.19,4.5,0.2777777777777778,10,5,4,5,5,5,4,4,4,5,4
1.86,1.4,0.2666666666666667,10,1,2,1,1,1,2,2,1,2,1
4.02,4.3,0.6777777777777777,10,5,5,4,5,5,4,5,3,3,4
3.55,3.8,0.8444444444444444,10,2,3,4,4,5,4,4,3,5,4
4.5600000000000005,4.6,0.26666666666666666,10,4,5,4,5,4,5,5,4,5,5
1.52,1.3,0.4555555555555555,10,1,1,1,1,1,2,1,1,3,1
3.24,3.3,1.1222222222222222,10,4,4,3,2,3,4,2,4,5,2
4.75,4.9,0.09999999999999998,10,5,5,5,5,4,5,5,5,5,5
2.52,2.4,0.7111111111111112,10,2,2,1,2,2,3,3,2,3,4
2.24,2.1,0.5444444444444443,10,3,1,3,3,1,2,2,2,2,2
4.01,3.9,0.9888888888888887,10,4,4,3,2,5,3,4,5,5,4
2.27,2.3,0.8999999999999999,10,4,1,2,3,2,3,1,2,2,3
4.18,4.2,0.8444444444444444,10,4,5,5,5,2,4,4,5,4,4
3.99,4.1,0.5444444444444444,10,4,4,5,4,3,5,5,4,4,3
2.13,2.1,0.7666666666666667,10,2,3,1,2,3,2,1,3,3,1
2.64,2.9,0.5444444444444445,10,4,3,2,3,3,2,3,2,4,3
3.9,3.9,0.9888888888888889,10,5,5,4,5,3,4,4,2,3,4
2.78,3.0,1.1111111111111112,10,5,2,4,2,2,3,4,3,2,3
1.98,2.0,1.1111111111111112,10,3,2,4,1,1,3,1,1,2,2
1.09,1.2,0.17777777777777784,10,1,1,2,2,1,1,1,1,1,1
2.09,1.9,0.9888888888888889,10,1,2,2,3,2,1,4,1,2,1
1.97,2.3,0.6777777777777777,10,2,4,2,3,2,2,1,3,2,2
3.46,4.0,0.6666666666666666,10,3,4,3,4,3,5,5,5,4,4
2.43,2.4,0.9333333333333333,10,2,2,3,3,1,3,3,4,1,2
3.99,4.2,0.6222222222222222,10,3,4,5,4,3,4,5,5,5,4
3.85,3.5,0.5,10,3,3,3,3,3,3,4,4,4,5
2.16,2.3,0.8999999999999999,10,3,1,3,2,2,2,3,1,2,4
3.51,2.8,0.6222222222222222,10,3,2,4,2,3,2,2,3,4,3
1.84,2.2,1.0666666666666669,10,2,3,3,1,2,3,2,1,4,1
2.96,2.5,0.7222222222222222,10,4,3,3,2,2,2,2,3,1,3
2.6100000000000003,2.6,0.7111111111111112,10,3,3,4,3,1,2,3,2,3,2
1.99,2.3,0.8999999999999999,10,2,1,2,2,3,1,3,3,2,4
4.85,4.7,0.23333333333333334,10,5,4,5,4,5,5,5,4,5,5
1.62,1.6,0.48888888888888893,10,1,1,2,2,2,2,3,1,1,1
1.17,1.2,0.17777777777777784,10,1,1,2,2,1,1,1,1,1,1
2.11,2.0,0.6666666666666666,10,2,2,3,1,2,3,1,1,2,3
1.85,1.7,0.6777777777777779,10,3,2,2,3,1,1,2,1,1,1
4.74,4.5,0.5,10,4,3,5,5,5,5,4,5,5,4
4.279999999999999,4.3,0.8999999999999999,10,4,4,5,4,2,4,5,5,5,5
2.08,2.2,1.0666666666666667,10,3,2,1,2,1,3,2,1,3,4
3.88,3.8,0.8444444444444444,10,3,5,5,3,4,4,4,2,4,4
2.49,2.4,0.7111111111111112,10,3,2,1,2,3,2,2,3,2,4
1.29,1.4,0.48888888888888904,10,1,1,1,1,3,1,2,1,2,1
2.22,2.4,1.155555555555556,10,2,1,2,1,2,3,4,2,3,4
3.52,3.4,0.7111111111111112,10,3,4,3,3,2,3,4,3,4,5
1.28,1.2,0.1777777777777778,10,1,1,1,2,1,2,1,1,1,1
4.01,4.3,0.4555555555555555,10,5,5,4,4,4,4,5,5,3,4
2.12,2.2,1.2888888888888888,10,2,1,1,1,3,3,1,3,3,4
2.46,2.4,0.9333333333333333,10,3,2,2,4,2,1,3,3,1,3
4.44,4.7,0.23333333333333334,10,4,5,5,5,5,5,4,4,5,5
1.4,1.4,0.2666666666666667,10,2,1,1,1,1,2,2,1,1,2
2.93,2.8,1.0666666666666673,10,5,3,2,3,1,2,3,3,3,3
3.66,3.4,0.2666666666666667,10,4,4,4,3,3,4,3,3,3,3
1.2,1.2,0.17777777777777784,10,1,2,1,1,2,1,1,1,1,1
4.1,4.0,0.8888888888888888,10,4,4,5,4,5,4,5,4,3,2
1.28,1.2,0.4,10,1,1,1,1,1,1,1,1,3,1
2.83,2.7,0.8999999999999999,10,2,4,2,1,3,4,3,2,3,3
1.36,1.1,0.1,10,1,1,1,1,1,1,1,1,1,2
1.3,1.1,0.09999999999999999,10,1,1,1,1,1,2,1,1,1,1
4.3100000000000005,4.8,0.17777777777777773,10,4,5,5,5,5,5,5,4,5,5
1.43,1.4,0.48888888888888904,10,1,2,1,1,3,1,2,1,1,1
1.46,1.4,0.2666666666666667,10,1,1,2,2,1,2,2,1,1,1
5.0,5.0,0.0,10,5,5,5,5,5,5,5,5,5,5
3.12,3.7,0.4555555555555556,10,4,4,4,3,3,3,3,5,4,4
1.45,1.6,0.7111111111111112,10,1,1,1,1,3,3,2,2,1,1
4.84,5.0,0.0,10,5,5,5,5,5,5,5,5,5,5
4.29,4.4,0.711111111111111,10,3,5,5,5,4,5,3,4,5,5
1.93,1.8,0.4,10,2,2,2,2,1,1,1,3,2,2
1.29,1.1,0.09999999999999999,10,1,1,1,2,1,1,1,1,1,1
4.87,4.6,0.4888888888888888,10,5,5,5,4,5,4,3,5,5,5
1.96,2.1,0.7666666666666666,10,2,2,2,3,2,1,2,4,1,2
2.12,1.8,0.4,10,2,2,1,2,2,1,2,2,1,3
3.5,3.5,1.1666666666666667,10,4,3,4,4,3,3,4,5,1,4
2.64,2.5,0.7222222222222222,10,3,2,3,2,1,4,2,2,3,3
4.45,4.5,0.2777777777777778,10,4,4,5,4,4,5,4,5,5,5
1.75,1.7,0.23333333333333334,10,2,1,2,2,2,2,1,2,2,1
2.56,2.1,1.655555555555556,10,3,5,2,1,3,2,1,2,1,1
4.76,4.7,0.4555555555555555,10,5,3,5,5,5,5,5,5,4,5
3.72,3.6,1.377777777777778,10,4,1,5,4,4,4,4,2,4,4
4.98,5.0,0.0,10,5,5,5,5,5,5,5,5,5,5
2.64,2.5,0.7222222222222222,10,3,1,2,2,3,3,2,4,3,2
3.63,3.8,1.0666666666666667,10,2,3,3,5,3,4,4,5,5,4
3.72,3.4,1.1555555555555554,10,3,4,3,5,3,2,5,3,2,4
4.62,4.6,0.26666666666666666,10,5,5,5,5,4,5,4,5,4,4
3.69,3.7,0.4555555555555555,10,3,5,4,3,3,4,4,3,4,4
4.09,3.8,1.2888888888888892,10,3,4,4,1,5,4,5,4,4,4
2.22,2.4,1.1555555555555557,10,2,4,3,1,3,2,2,4,2,1
1.04,1.1,0.09999999999999999,10,1,1,1,1,1,2,1,1,1,1
4.37,4.4,0.26666666666666666,10,5,4,4,4,4,5,5,4,5,4
4.34,4.2,1.0666666666666669,10,5,4,2,4,5,5,5,5,4,3
1.43,1.2,0.17777777777777784,10,2,1,1,1,2,1,1,1,1,1
2.29,1.8,0.6222222222222222,10,1,1,3,1,2,2,2,2,1,3
3.14,3.3,1.7888888888888888,10,2,2,5,2,4,2,5,3,5,3
2.09,2.1,0.5444444444444444,10,1,2,3,1,2,2,3,2,2,3
2.21,2.1,0.9888888888888887,10,3,2,2,2,1,3,1,1,4,2
3.7,4.1,0.7666666666666666,10,4,4,3,3,5,5,5,5,3,4
2.48,2.9,0.9888888888888887,10,2,1,3,3,4,2,4,3,3,4
2.66,2.1,0.32222222222222224,10,2,2,3,2,1,2,2,2,2,3
1.12,1.0,0.0,10,1,1,1,1,1,1,1,1,1,1
2.11,2.0,1.1111111111111112,10,2,4,1,2,3,2,3,1,1,1
2.44,2.8,1.288888888888889,10,3,4,1,2,4,1,3,4,3,3
3.38,3.2,1.288888888888889,10,2,2,3,3,5,2,3,5,3,4
3.2,3.4,0.7111111111111112,10,4,4,4,2,4,4,2,3,3,4
2.89,2.5,0.9444444444444444,10,4,2,1,4,2,2,3,2,2,3
2.52,2.2,1.9555555555555557,10,2,1,1,5,2,1,3,4,1,2
4.279999999999999,4.8,0.17777777777777776,10,5,5,5,5,5,5,5,5,4,4
2.53,2.5,1.3888888888888888,10,4,2,4,4,1,2,3,2,1,2
4.79,5.0,0.0,10,5,5,5,5,5,5,5,5,5,5
3.29,3.5,0.5,10,3,4,3,3,3,3,3,5,4,4
2.98,3.1,1.2111111111111112,10,2,3,3,1,5,3,3,4,4,3
4.720000000000001,4.8,0.17777777777777773,10,5,5,5,5,4,5,4,5,5,5
2.59,3.2,0.8444444444444444,10,3,3,2,4,3,3,2,4,3,5
2.75,3.3,1.1222222222222222,10,3,3,3,4,3,3,2,5,2,5
3.52,3.8,1.288888888888889,10,3,5,4,3,5,5,2,3,3,5
2.75,3.0,1.5555555555555556,10,2,2,5,3,4,4,2,3,4,1
2.97,2.7,1.3444444444444443,10,2,3,4,3,2,4,1,3,1,4
1.2,1.3,0.45555555555555544,10,1,1,2,3,1,1,1,1,1,1
2.97,3.0,0.8888888888888888,10,4,4,4,2,4,3,2,2,3,2
4.3100000000000005,3.9,0.7666666666666665,10,3,4,4,3,3,3,5,4,5,5
1.77,1.7,0.4555555555555555,10,2,1,2,1,2,1,2,1,2,3
2.96,3.2,1.5111111111111108,10,2,3,3,4,2,4,4,1,4,5
1.99,1.7,0.4555555555555555,10,3,2,2,2,2,1,2,1,1,1
1.08,1.0,0.0,10,1,1,1,1,1,1,1,1,1,1
3.59,3.7,0.8999999999999999,10,3,3,3,5,3,4,3,5,5,3
1.92,1.8,1.0666666666666667,10,1,1,4,2,1,2,1,1,3,2
1.24,1.1,0.09999999999999999,10,1,1,1,1,1,1,2,1,1,1
1.76,1.9,0.5444444444444444,10,2,2,3,3,1,2,2,1,2,1
3.92,3.9,0.9888888888888887,10,3,4,5,3,2,4,4,4,5,5
3.1,3.7,0.23333333333333334,10,3,4,4,4,4,4,4,3,3,4
3.38,3.3,2.2333333333333334,10,5,2,5,3,2,1,5,4,2,4
4.95,5.0,0.0,10,5,5,5,5,5,5,5,5,5,5
3.66,3.8,0.39999999999999997,10,3,4,3,4,5,4,4,4,4,3
4.39,4.4,0.4888888888888888,10,5,3,4,4,5,4,5,5,5,4
1.17,1.0,0.0,10,1,1,1,1,1,1,1,1,1,1
2.54,2.9,1.877777777777778,10,2,1,5,4,2,2,3,3,5,2
3.32,3.8,1.288888888888889,10,5,3,5,2,5,3,3,4,3,5
4.65,4.9,0.09999999999999999,10,5,5,5,5,5,5,5,5,4,5
1.03,1.0,0.0,10,1,1,1,1,1,1,1,1,1,1
3.79,3.8,0.8444444444444444,10,4,5,2,5,3,4,4,4,4,3
4.99,5.0,0.0,10,5,5,5,5,5,5,5,5,5,5
1.54,1.6,0.48888888888888893,10,2,1,1,2,2,1,3,1,1,2
3.26,3.1,0.5444444444444444,10,4,4,3,3,3,4,3,2,2,3
2.45,2.5,1.1666666666666667,10,2,3,1,4,2,4,3,3,2,1
2.85,3.0,1.5555555555555556,10,3,3,2,4,2,2,4,1,4,5
3.46,3.3,0.6777777777777777,10,3,3,3,5,3,3,2,4,4,3
2.69,2.2,0.39999999999999997,10,3,2,3,2,2,2,3,2,1,2
4.59,4.7,0.23333333333333334,10,5,4,5,5,4,5,5,5,4,5
2.11,1.5,0.2777777777777778,10,2,1,1,1,1,2,1,2,2,2
3.22,2.9,0.9888888888888889,10,3,3,2,2,4,3,3,5,2,2
1.28,1.3,0.45555555555555544,10,1,1,3,2,1,1,1,1,1,1
3.35,3.0,1.7777777777777777,10,4,4,3,1,4,3,1,3,2,5
3.99,4.4,0.48888888888888893,10,4,5,4,4,5,5,5,4,5,3
1.13,1.0,0.0,10,1,1,1,1,1,1,1,1,1,1
1.76,1.7,0.6777777777777777,10,3,1,1,1,1,2,3,1,2,2
4.85,4.9,0.09999999999999998,10,5,5,5,5,5,4,5,5,5,5
4.3100000000000005,4.8,0.17777777777777773,10,4,4,5,5,5,5,5,5,5,5
3.53,3.8,0.8444444444444444,10,5,4,5,3,4,3,3,5,3,3
3.83,4.2,0.6222222222222222,10,5,3,4,5,5,3,4,4,5,4
2.74,2.3,0.8999999999999999,10,1,1,3,3,3,3,2,3,3,1
4.91,5.0,0.0,10,5,5,5,5,5,5,5,5,5,5
1.82,1.9,0.5444444444444444,10,2,2,2,2,3,1,3,1,1,2
3.58,3.4,1.1555555555555557,10,4,3,5,3,4,5,3,3,2,2
4.55,4.3,0.4555555555555555,10,4,5,4,5,5,3,4,5,4,4
1.63,2.1,0.5444444444444444,10,2,2,1,2,3,2,1,3,3,2
1.85,2.0,0.4444444444444444,10,1,2,2,2,3,2,3,2,1,2
4.88,4.8,0.17777777777777773,10,5,5,4,5,5,5,5,4,5,5
2.41,2.4,0.7111111111111114,10,4,3,2,2,2,1,2,3,2,3
3.71,3.9,0.7666666666666665,10,4,4,5,5,5,3,3,4,3,3
3.3,3.0,1.1111111111111112,10,2,2,5,2,3,3,4,4,3,2
3.39,2.7,1.1222222222222222,10,2,2,2,4,2,2,3,5,3,2
3.17,2.6,0.7111111111111112,10,2,3,3,3,4,1,3,2,3,2
3.51,3.5,0.9444444444444444,10,3,2,4,4,5,4,4,3,4,2
1.45,1.4,0.48888888888888904,10,1,1,2,1,3,2,1,1,1,1
3.77,4.1,0.09999999999999996,10,5,4,4,4,4,4,4,4,4,4
4.220000000000001,4.3,0.6777777777777777,10,4,4,3,5,5,5,5,5,3,4
2.1,2.1,0.7666666666666666,10,3,3,2,2,3,1,2,3,1,1
1.08,1.0,0.0,10,1,1,1,1,1,1,1,1,1,1
4.86,4.9,0.09999999999999996,10,4,5,5,5,5,5,5,5,5,5
1.1,1.0,0.0,10,1,1,1,1,1,1,1,1,1,1
3.56,4.1,0.9888888888888887,10,4,5,4,3,2,5,5,4,4,5
2.05,2.2,0.8444444444444444,10,4,2,3,2,1,2,2,3,2,1
4.42,4.5,0.2777777777777778,10,5,4,4,5,5,4,5,4,4,5
4.35,4.7,0.23333333333333334,10,5,5,5,5,5,4,4,5,5,4
4.23,4.5,0.2777777777777778,10,4,4,5,4,5,5,4,5,4,5
1.46,1.4,0.2666666666666667,10,1,2,1,2,1,1,1,2,1,2
2.91,2.6,0.9333333333333333,10,2,4,2,3,4,3,3,1,2,2
4.7700000000000005,4.7,0.23333333333333334,10,5,5,5,4,5,5,5,4,4,5
2.17,2.4,0.48888888888888904,10,3,3,1,3,2,2,2,3,2,3
2.02,2.3,1.1222222222222222,10,1,4,3,1,2,2,2,2,2,4
2.41,2.9,1.211111111111111,10,1,3,2,3,4,5,3,3,3,2
2.07,2.0,1.3333333333333333,10,1,1,1,1,3,3,3,1,2,4
3.99,3.5,0.9444444444444444,10,4,2,2,4,5,3,4,4,4,3
3.28,3.1,0.7666666666666666,10,2,4,3,3,4,4,2,4,3,2
2.26,2.1,0.9888888888888889,10,3,1,2,2,2,2,1,3,1,4
4.15,3.7,1.3444444444444443,10,4,4,3,1,5,4,4,5,4,3
3.21,3.1,0.7666666666666665,10,3,3,4,4,3,1,3,4,3,3
1.56,1.5,0.5,10,1,2,2,1,1,1,1,3,1,2
3.9,3.5,1.3888888888888888,10,5,3,4,5,3,3,5,3,2,2
1.09,1.0,0.0,10,1,1,1,1,1,1,1,1,1,1
1.14,1.2,0.17777777777777784,10,1,2,2,1,1,1,1,1,1,1
2.59,2.3,1.1222222222222222,10,1,2,4,1,3,2,2,2,4,2
3.82,4.1,0.5444444444444444,10,5,4,4,4,5,4,3,5,4,3
3.41,3.3,0.8999999999999999,10,2,3,3,5,4,3,4,3,4,2
3.79,3.3,1.1222222222222222,10,5,2,4,4,3,2,3,4,2,4
3.13,3.7,1.1222222222222222,10,3,5,4,2,3,3,5,4,3,5
4.41,4.5,0.2777777777777778,10,5,5,4,4,5,5,5,4,4,4
4.59,4.8,0.17777777777777773,10,4,5,5,4,5,5,5,5,5,5
2.27,2.1,0.9888888888888889,10,3,1,3,3,2,1,3,1,1,3
2.87,2.9,0.5444444444444444,10,2,4,4,3,2,3,3,2,3,3
1.51,1.5,0.5,10,2,1,1,2,2,1,1,1,3,1
2.11,2.4,1.155555555555556,10,2,3,2,1,4,3,2,2,1,4
2.56,2.1,0.32222222222222235,10,1,2,2,3,2,2,2,2,2,3
2.97,2.9,1.2111111111111112,10,2,4,4,4,4,2,3,1,3,2
4.15,4.3,0.8999999999999999,10,2,5,5,4,4,4,5,4,5,5
4.7700000000000005,5.0,0.0,10,5,5,5,5,5,5,5,5,5,5
4.16,4.3,0.6777777777777777,10,3,4,3,5,4,5,5,4,5,5
1.11,1.0,0.0,10,1,1,1,1,1,1,1,1,1,1
4.279999999999999,4.1,0.3222222222222222,10,4,4,4,3,5,4,5,4,4,4
2.92,2.7,0.8999999999999999,10,3,2,3,3,3,1,2,4,2,4
1.25,1.0,0.0,10,1,1,1,1,1,1,1,1,1,1
1.5,1.4,0.2666666666666667,10,2,1,1,2,1,2,1,2,1,1
4.84,4.6,0.4888888888888888,10,4,5,5,3,5,5,5,4,5,5
4.89,4.8,0.17777777777777776,10,5,5,5,5,5,4,4,5,5,5
2.57,2.3,1.788888888888889,10,2,1,1,1,2,5,4,3,2,2
2.38,2.5,0.7222222222222222,10,3,2,3,2,2,1,4,2,3,3
4.76,4.8,0.39999999999999997,10,5,5,5,3,5,5,5,5,5,5
1.22,1.3,0.23333333333333334,10,2,2,1,1,2,1,1,1,1,1
1.48,1.8,0.6222222222222223,10,2,2,2,1,2,3,1,3,1,1
1.31,1.2,0.1777777777777778,10,1,1,1,1,2,1,1,1,1,2
2.34,1.7,0.8999999999999999,10,1,2,3,1,1,1,3,1,3,1
2.45,2.5,0.5,10,2,2,2,4,3,2,2,3,2,3
2.8,2.1,0.5444444444444444,10,2,2,2,1,3,3,2,1,2,3
2.5,2.2,0.6222222222222222,10,1,2,3,2,3,3,2,2,3,1
1.27,1.5,0.2777777777777778,10,1,1,1,2,1,2,2,2,2,1
2.02,2.3,0.8999999999999999,10,1,2,1,2,3,3,3,2,2,4
4.12,3.7,0.6777777777777777,10,3,3,3,5,3,4,4,4,5,3
1.95,2.0,1.1111111111111112,10,4,1,1,3,1,1,2,2,2,3
3.64,4.1,0.7666666666666666,10,4,3,4,3,4,5,3,5,5,5
4.15,4.0,0.4444444444444444,10,4,5,4,4,4,4,4,3,5,3
3.88,3.6,0.9333333333333336,10,5,4,3,5,3,3,4,3,2,4
3.99,3.8,0.39999999999999997,10,4,4,3,4,4,5,4,3,4,3
1.22,1.3,0.45555555555555544,10,2,3,1,1,1,1,1,1,1,1
3.58,3.5,1.1666666666666667,10,2,4,2,5,4,5,4,3,3,3
3.13,3.0,1.1111111111111112,10,3,1,4,3,3,3,3,5,3,2
4.13,3.7,0.8999999999999999,10,5,2,4,3,5,4,3,4,3,4
1.06,1.0,0.0,10,1,1,1,1,1,1,1,1,1,1
1.63,1.7,0.4555555555555555,10,2,2,1,2,2,1,2,3,1,1
2.94,3.5,0.9444444444444444,10,3,2,5,3,3,3,4,5,3,4
4.87,4.9,0.09999999999999998,10,5,5,5,4,5,5,5,5,5,5
3.17,2.9,1.4333333333333333,10,4,3,4,3,3,4,2,1,4,1
3.62,3.1,0.9888888888888889,10,2,2,2,3,4,3,4,5,3,3
2.79,3.2,0.8444444444444444,10,2,3,3,5,2,3,4,3,3,4
4.0,4.2,0.8444444444444444,10,4,3,5,5,5,4,5,5,3,3
2.93,3.0,1.1111111111111112,10,2,4,2,2,5,4,3,3,2,3
3.46,3.6,0.48888888888888893,10,3,4,4,4,3,4,2,4,4,4
1.54,1.6,0.48888888888888904,10,3,2,2,1,1,1,2,2,1,1
2.54,2.5,1.6111111111111112,10,2,1,1,3,3,2,4,2,2,5
1.38,1.2,0.17777777777777784,10,2,1,2,1,1,1,1,1,1,1
1.19,1.1,0.09999999999999999,10,1,1,1,2,1,1,1,1,1,1
4.86,4.8,0.17777777777777773,10,5,5,4,5,4,5,5,5,5,5
1.6,1.6,0.48888888888888904,10,1,1,3,2,1,2,1,1,2,2
4.3,4.2,0.6222222222222222,10,3,5,4,3,5,4,5,4,4,5
4.8100000000000005,5.0,0.0,10,5,5,5,5,5,5,5,5,5,5
3.52,3.8,0.8444444444444444,10,5,2,4,3,4,5,4,4,3,4
4.94,4.7,0.4555555555555555,10,5,4,3,5,5,5,5,5,5,5
3.99,3.9,0.9888888888888887,10,3,5,5,3,4,5,2,4,4,4
1.81,1.5,0.5,10,2,1,2,2,3,1,1,1,1,1
3.74,4.0,0.6666666666666666,10,5,3,5,3,3,5,4,4,4,4
1.24,1.2,0.17777777777777784,10,2,2,1,1,1,1,1,1,1,1
4.96,5.0,0.0,10,5,5,5,5,5,5,5,5,5,5
2.0,1.9,0.3222222222222222,10,2,2,2,2,3,2,2,2,1,1
2.75,3.2,0.6222222222222222,10,3,4,4,4,2,3,3,2,4,3
4.55,4.9,0.09999999999999998,10,5,5,4,5,5,5,5,5,5,5
3.79,3.8,1.288888888888889,10,4,2,4,4,3,5,5,2,4,5
3.2,2.6,0.7111111111111112,10,2,4,2,2,2,2,3,4,2,3
4.84,5.0,0.0,10,5,5,5,5,5,5,5,5,5,5
4.44,4.3,0.4555555555555555,10,4,5,3,4,5,4,4,5,5,4
1.65,1.9,0.9888888888888889,10,2,1,3,1,2,2,1,4,2,1
2.78,2.4,0.9333333333333336,10,4,3,2,3,2,1,2,3,3,1
4.73,4.8,0.17777777777777773,10,5,5,5,5,4,5,5,4,5,5
3.4,3.4,0.2666666666666667,10,4,3,3,4,3,3,4,4,3,3
3.29,3.5,1.6111111111111112,10,3,4,3,5,5,3,1,5,3,3
3.13,3.0,0.8888888888888888,10,4,3,3,3,1,4,3,2,3,4
4.3100000000000005,4.4,0.7111111111111111,10,5,4,5,4,5,5,3,3,5,5
1.33,1.2,0.4000000000000001,10,3,1,1,1,1,1,1,1,1,1
4.59,4.8,0.17777777777777773,10,4,4,5,5,5,5,5,5,5,5
3.55,3.5,0.7222222222222222,10,4,4,4,2,3,3,4,5,3,3
2.17,2.2,0.8444444444444444,10,4,3,1,1,3,2,2,2,2,2
2.26,2.3,0.8999999999999999,10,3,1,3,3,4,2,2,2,1,2
1.53,1.8,0.6222222222222222,10,1,3,1,2,1,2,2,3,1,2
4.84,4.7,0.23333333333333334,10,5,4,5,5,4,4,5,5,5,5
2.08,2.0,0.4444444444444444,10,2,2,2,1,3,2,3,1,2,2
1.99,1.9,0.5444444444444444,10,3,1,2,3,2,2,1,1,2,2
1.73,1.5,0.5,10,1,1,3,2,1,1,1,1,2,2
2.52,2.5,0.9444444444444444,10,3,3,4,3,3,2,1,2,1,3
1.32,1.4,0.48888888888888893,10,1,1,1,1,1,2,2,1,1,3
2.31,2.6,1.6,10,4,3,3,2,4,1,3,1,1,4
1.36,1.6,0.48888888888888904,10,1,1,3,2,1,2,1,1,2,2
1.06,1.1,0.09999999999999999,10,1,1,1,1,1,1,2,1,1,1
2.63,2.1,0.7666666666666665,10,1,2,3,3,1,1,2,2,3,3
2.14,1.8,0.6222222222222222,10,2,3,2,1,1,2,1,2,1,3
2.49,2.9,1.4333333333333336,10,2,2,4,2,4,1,4,4,4,2
2.43,2.6,0.48888888888888904,10,3,2,3,3,4,2,2,3,2,2
4.54,4.4,0.9333333333333333,10,5,5,4,4,5,4,5,5,2,5
1.46,1.1,0.09999999999999999,10,1,1,1,1,1,2,1,1,1,1
4.0600000000000005,3.5,1.1666666666666667,10,3,4,2,4,4,2,5,3,5,3
1.81,1.7,0.4555555555555555,10,2,1,2,1,3,2,1,2,1,2
3.25,2.9,0.7666666666666665,10,3,3,2,5,3,3,2,3,2,3
2.43,2.2,1.0666666666666667,10,1,4,2,3,1,3,2,1,3,2
4.89,4.6,0.4888888888888887,10,4,3,5,5,5,5,5,5,5,4
4.17,4.0,1.1111111111111112,10,5,5,5,3,3,5,5,3,3,3
2.23,2.5,1.6111111111111112,10,4,2,4,3,1,3,2,4,1,1
3.04,2.7,0.6777777777777777,10,4,2,2,2,4,3,3,3,2,2
1.42,1.4,0.48888888888888904,10,1,2,1,3,1,2,1,1,1,1
1.91,2.3,0.8999999999999999,10,3,2,4,2,1,1,3,2,2,3
4.54,4.6,0.26666666666666666,10,5,4,4,5,5,5,4,4,5,5
3.43,3.5,1.1666666666666667,10,2,3,3,5,4,5,4,4,2,3
1.22,1.2,0.1777777777777778,10,1,1,1,1,1,2,2,1,1,1
1.75,1.8,0.4000000000000001,10,2,2,3,1,1,2,1,2,2,2
3.07,3.1,0.5444444444444444,10,3,3,3,3,3,2,2,4,4,4
3.3,3.5,1.1666666666666667,10,4,5,2,3,2,3,5,4,3,4
2.34,1.8,0.6222222222222222,10,2,1,2,3,3,1,1,2,1,2
2.64,2.3,0.6777777777777777,10,2,3,3,2,1,3,1,3,2,3
4.68,4.7,0.23333333333333334,10,5,5,5,5,5,4,5,4,4,5
3.65,3.1,0.7666666666666666,10,4,4,3,4,2,3,2,2,4,3
1.72,1.7,0.6777777777777777,10,1,1,3,2,1,2,1,1,3,2
1.99,1.9,0.5444444444444444,10,2,1,2,2,1,1,2,3,3,2
3.2,3.6,1.1555555555555557,10,4,4,4,3,5,2,3,2,4,5
2.14,2.5,0.7222222222222222,10,2,2,3,2,4,1,2,3,3,3
3.43,3.7,1.1222222222222222,10,3,4,4,5,3,5,3,2,5,3
4.3,4.4,0.26666666666666666,10,4,5,4,4,5,4,4,5,5,4
2.33,2.1,0.3222222222222223,10,1,2,2,2,3,2,3,2,2,2
3.31,3.4,0.9333333333333333,10,4,3,4,4,3,5,3,4,2,2
4.75,4.8,0.39999999999999997,10,5,3,5,5,5,5,5,5,5,5
1.52,1.5,0.5,10,1,1,2,1,2,1,3,2,1,1
1.81,1.3,0.23333333333333334,10,1,1,2,1,2,1,1,1,2,1
3.29,2.9,0.7666666666666667,10,2,2,4,3,2,3,4,4,2,3
1.29,1.1,0.09999999999999999,10,1,1,1,1,1,1,2,1,1,1
4.2700000000000005,4.6,0.4888888888888888,10,5,5,5,4,3,4,5,5,5,5
1.72,1.7,0.6777777777777778,10,1,3,2,2,3,1,1,1,1,2
2.01,2.4,1.1555555555555557,10,1,5,3,2,2,2,2,3,2,2
1.45,1.6,1.1555555555555557,10,2,1,1,1,1,3,1,1,1,4
4.99,5.0,0.0,10,5,5,5,5,5,5,5,5,5,5
4.58,5.0,0.0,10,5,5,5,5,5,5,5,5,5,5
4.8,4.8,0.17777777777777773,10,5,4,5,5,4,5,5,5,5,5
4.09,4.1,0.7666666666666667,10,4,4,5,4,4,4,5,4,5,2
2.56,2.2,1.0666666666666669,10,3,1,1,3,2,2,4,2,3,1
4.54,4.4,0.26666666666666666,10,5,4,4,5,5,4,5,4,4,4
1.81,1.2,0.1777777777777778,10,1,1,2,1,1,2,1,1,1,1
2.97,3.2,0.6222222222222222,10,3,4,3,3,2,4,4,2,3,4
3.69,4.0,1.1111111111111112,10,5,5,5,3,4,3,4,4,2,5
3.59,3.3,0.8999999999999999,10,2,4,3,5,3,4,3,4,2,3
3.79,3.9,0.3222222222222223,10,4,4,3,5,3,4,4,4,4,4
3.79,3.8,0.6222222222222222,10,3,5,3,4,4,5,4,3,3,4
3.16,3.3,0.4555555555555555,10,3,3,3,3,3,3,3,4,5,3
4.779999999999999,4.6,0.48888888888888893,10,5,5,5,5,4,4,5,5,3,5
4.16,4.3,0.23333333333333334,10,5,5,4,4,4,4,5,4,4,4
1.88,2.4,0.2666666666666667,10,2,2,3,2,3,3,2,3,2,2
2.03,2.1,0.7666666666666667,10,2,2,2,4,2,2,1,1,3,2
3.67,3.7,1.1222222222222222,10,5,5,3,5,4,3,2,4,3,3
1.2,1.2,0.1777777777777778,10,1,1,2,1,1,2,1,1,1,1
1.29,1.5,0.2777777777777778,10,2,1,1,2,1,1,2,2,1,2
2.84,2.7,1.1222222222222222,10,4,1,3,2,2,2,4,4,2,3
3.2,3.1,1.4333333333333336,10,4,3,2,3,3,1,5,2,4,4
4.94,4.9,0.09999999999999998,10,5,5,5,5,4,5,5,5,5,5
2.23,1.9,0.09999999999999999,10,2,2,1,2,2,2,2,2,2,2
2.41,2.3,1.3444444444444443,10,3,4,1,2,2,1,1,3,4,2
3.27,3.4,0.48888888888888893,10,3,4,4,4,3,4,2,3,3,4
4.24,4.3,0.4555555555555555,10,5,4,4,5,4,3,4,5,4,5
3.47,3.1,0.5444444444444444,10,3,4,2,2,3,3,4,3,4,3
3.39,3.6,1.155555555555556,10,4,2,5,2,3,3,5,4,4,4
2.75,2.6,0.9333333333333333,10,2,3,3,4,2,2,1,3,4,2
4.89,4.9,0.09999999999999998,10,5,5,4,5,5,5,5,5,5,5
4.58,4.4,0.711111111111111,10,4,5,3,5,4,5,5,5,3,5
4.99,5.0,0.0,10,5,5,5,5,5,5,5,5,5,5
2.6100000000000003,2.6,0.7111111111111112,10,4,3,4,3,2,2,2,2,2,2
4.66,4.5,0.5,10,3,5,4,5,5,4,5,5,4,5
3.28,2.8,0.39999999999999997,10,3,2,4,2,3,2,3,3,3,3
1.81,1.5,0.7222222222222222,10,3,1,1,2,1,1,1,1,1,3
1.49,1.4,0.2666666666666667,10,1,1,1,1,2,1,2,2,1,2
4.5600000000000005,4.6,0.2666666666666667,10,5,4,5,4,5,5,4,5,5,4
4.529999999999999,4.9,0.09999999999999996,10,5,4,5,5,5,5,5,5,5,5
4.68,4.7,0.23333333333333334,10,4,5,4,5,5,5,5,4,5,5
1.24,1.0,0.0,10,1,1,1,1,1,1,1,1,1,1
4.21,4.0,0.4444444444444444,10,4,5,3,3,4,4,4,5,4,4
2.71,2.8,0.6222222222222222,10,2,3,4,3,2,3,2,4,2,3
1.39,1.4,0.48888888888888893,10,1,1,1,1,1,1,1,2,2,3
3.04,3.5,1.3888888888888888,10,2,4,3,5,5,2,3,5,3,3
3.86,3.9,0.9888888888888887,10,4,3,4,3,5,5,5,2,4,4
1.71,2.5,1.1666666666666667,10,4,3,2,2,4,1,3,3,2,1
3.33,3.5,0.5,10,3,4,3,4,5,3,3,4,3,3
1.81,1.9,0.5444444444444444,10,2,3,2,1,2,3,1,1,2,2
2.94,2.7,1.3444444444444443,10,4,1,3,2,3,5,2,2,3,2
4.0,3.9,0.9888888888888889,10,2,5,5,3,4,5,3,4,4,4
2.68,3.0,0.6666666666666666,10,3,2,4,3,2,3,2,4,3,4
1.63,1.4,0.48888888888888893,10,2,1,1,1,2,1,1,1,3,1
4.11,4.2,0.6222222222222222,10,3,5,4,4,5,5,4,4,3,5
4.68,4.7,0.23333333333333334,10,4,4,5,4,5,5,5,5,5,5
3.43,3.4,1.155555555555556,10,1,3,3,3,4,4,3,4,5,4
2.17,1.8,0.8444444444444446,10,1,2,1,3,1,3,2,3,1,1
1.06,1.0,0.0,10,1,1,1,1,1,1,1,1,1,1
2.43,2.6,0.7111111111111112,10,2,3,4,2,3,1,3,3,3,2
3.84,3.8,0.8444444444444444,10,4,5,4,4,4,3,2,4,5,3
1.1,1.1,0.09999999999999999,10,1,1,1,1,1,1,2,1,1,1
1.01,1.0,0.0,10,1,1,1,1,1,1,1,1,1,1
1.39,1.9,0.5444444444444445,10,2,2,2,1,1,3,2,1,2,3
4.68,4.6,0.26666666666666666,10,5,4,5,5,5,5,4,4,5,4
2.08,1.9,0.7666666666666665,10,1,1,3,3,3,2,2,1,2,1
2.54,3.0,1.3333333333333333,10,3,1,2,3,4,4,2,3,5,3
3.21,3.0,1.3333333333333333,10,1,4,3,3,3,5,3,2,4,2
4.48,4.6,0.2666666666666667,10,4,5,5,4,5,5,5,4,4,5
4.38,4.5,0.5,10,5,5,5,4,5,5,4,4,3,5
1.9,2.1,0.7666666666666666,10,1,2,2,3,2,4,2,2,2,1
4.37,4.5,0.7222222222222222,10,5,5,3,5,5,5,5,5,4,3
1.25,1.1,0.09999999999999999,10,1,1,1,1,1,2,1,1,1,1
4.9,4.9,0.09999999999999998,10,5,5,5,5,5,4,5,5,5,5
1.52,1.4,0.48888888888888893,10,2,1,1,1,2,1,3,1,1,1
2.08,2.1,0.9888888888888889,10,2,3,2,1,2,1,1,3,4,2
4.36,4.3,0.6777777777777777,10,3,5,5,4,5,4,5,4,3,5
2.27,1.6,0.48888888888888893,10,2,1,2,1,1,2,1,3,2,1
2.1,2.3,1.1222222222222222,10,2,2,2,1,4,2,2,3,1,4
3.61,3.3,1.5666666666666667,10,4,2,4,1,3,5,3,3,5,3
1.13,1.1,0.09999999999999999,10,1,2,1,1,1,1,1,1,1,1
2.2,1.8,0.6222222222222222,10,2,1,2,1,1,2,2,1,3,3
1.67,1.5,0.5,10,1,1,3,1,1,2,2,1,1,2
2.0,1.9,0.5444444444444444,10,2,2,1,3,2,2,1,3,2,1
2.56,2.3,1.1222222222222222,10,1,3,4,4,1,2,2,2,2,2
2.46,2.3,0.8999999999999999,10,1,1,2,4,2,3,3,3,2,2
2.52,2.5,1.1666666666666667,10,3,2,2,5,2,1,2,2,3,3
1.32,1.4,0.2666666666666667,10,2,2,2,1,1,1,1,1,1,2
4.6,4.4,0.4888888888888888,10,4,4,4,5,5,3,5,5,4,5
4.14,3.7,0.6777777777777777,10,5,4,3,3,4,3,3,5,3,4
3.0,2.7,0.4555555555555555,10,4,2,3,2,2,3,3,3,3,2
2.17,2.4,0.7111111111111111,10,2,3,3,2,3,3,3,1,3,1
4.1,4.1,0.5444444444444444,10,3,5,4,4,3,4,4,5,4,5
1.39,1.4,0.48888888888888904,10,1,1,1,1,3,1,2,1,2,1
1.64,1.5,0.5,10,1,1,1,1,2,2,2,1,3,1
2.82,3.4,1.1555555555555557,10,3,4,2,3,2,3,5,5,4,3
3.52,3.6,0.9333333333333333,10,3,5,2,4,3,4,4,5,3,3
4.720000000000001,4.6,0.26666666666666666,10,4,5,5,4,5,5,4,4,5,5
1.6,1.5,0.5,10,1,1,2,2,1,1,3,2,1,1
2.56,2.3,0.6777777777777777,10,3,3,1,3,2,3,3,2,2,1
4.71,4.9,0.09999999999999998,10,5,5,5,4,5,5,5,5,5,5
3.67,3.9,1.211111111111111,10,4,2,5,4,5,4,4,4,5,2
3.42,3.2,1.0666666666666667,10,3,2,4,5,4,4,2,3,2,3
1.93,2.2,1.288888888888889,10,1,2,3,1,1,4,3,1,3,3
2.24,2.5,0.5,10,2,3,2,2,2,2,3,2,4,3
3.52,3.2,0.6222222222222222,10,4,4,3,3,2,3,4,4,3,2
1.14,1.2,0.1777777777777778,10,1,1,2,1,1,1,1,1,2,1
2.64,2.4,0.48888888888888904,10,2,2,1,3,3,3,2,3,2,3
4.65,4.7,0.4555555555555555,10,5,4,5,5,5,3,5,5,5,5
2.8,3.3,1.1222222222222222,10,4,3,1,4,3,4,2,4,4,4
3.83,4.2,0.39999999999999997,10,5,4,4,4,4,5,4,3,5,4
1.92,1.8,0.6222222222222223,10,1,2,2,2,3,1,2,1,3,1
1.13,1.2,0.1777777777777778,10,1,1,2,1,1,1,1,2,1,1
3.59,3.7,0.6777777777777777,10,3,4,3,3,4,3,5,5,3,4
1.14,1.0,0.0,10,1,1,1,1,1,1,1,1,1,1
4.37,4.5,0.2777777777777778,10,5,5,5,5,4,4,5,4,4,4
2.56,2.6,0.48888888888888893,10,3,3,3,2,3,2,3,3,1,3
3.76,3.7,0.4555555555555555,10,4,3,4,3,3,3,4,4,4,5
3.48,4.1,0.9888888888888889,10,5,5,3,5,5,3,4,5,3,3
3.27,3.3,0.8999999999999999,10,4,3,5,4,4,2,2,3,3,3
3.01,2.9,0.9888888888888889,10,2,3,2,3,4,2,3,2,5,3
3.97,4.2,0.6222222222222222,10,5,5,5,3,3,4,4,4,4,5
2.76,3.2,0.8444444444444444,10,3,2,5,3,3,4,3,3,4,2
1.89,2.4,0.9333333333333333,10,1,2,3,4,3,2,3,1,2,3
3.35,3.3,0.6777777777777777,10,4,3,3,4,2,2,4,4,3,4
1.71,2.1,0.5444444444444444,10,2,2,1,1,3,2,3,2,3,2
4.44,4.5,0.2777777777777778,10,5,5,4,4,5,4,4,4,5,5
3.64,3.3,1.3444444444444443,10,5,4,5,2,2,3,4,2,3,3
1.54,1.8,0.6222222222222223,10,1,2,1,3,1,2,3,2,2,1
1.43,1.4,0.48888888888888904,10,1,1,3,1,1,2,2,1,1,1
1.14,1.0,0.0,10,1,1,1,1,1,1,1,1,1,1
3.43,3.7,0.6777777777777777,10,3,4,4,4,4,5,4,4,2,3
2.29,2.5,1.1666666666666667,10,2,3,3,2,3,2,1,5,2,2
2.69,2.8,1.7333333333333334,10,4,5,4,1,1,2,3,2,3,3
3.06,3.4,1.1555555555555557,10,3,2,3,2,3,4,5,3,5,4
2.11,2.0,0.4444444444444444,10,1,1,2,2,3,3,2,2,2,2
4.25,3.9,0.32222222222222224,10,4,4,4,3,4,4,4,5,4,3
3.08,3.3,0.4555555555555556,10,4,4,4,3,4,3,3,2,3,3
4.92,4.8,0.17777777777777773,10,4,5,5,5,5,4,5,5,5,5
1.64,1.5,0.2777777777777778,10,2,1,1,2,1,2,1,2,2,1
4.4,4.3,0.4555555555555555,10,5,5,5,4,3,5,4,4,4,4
4.39,4.4,0.711111111111111,10,4,5,5,3,5,5,3,4,5,5
3.74,3.9,0.5444444444444444,10,3,4,5,3,4,5,4,4,4,3
4.46,4.2,0.17777777777777773,10,5,4,4,4,4,4,4,5,4,4
2.57,2.2,1.0666666666666669,10,3,3,2,1,1,3,1,4,2,2
3.37,3.0,0.8888888888888888,10,3,3,3,3,4,1,4,4,2,3
2.18,1.9,0.7666666666666665,10,3,2,1,1,3,1,2,3,2,1
4.61,4.5,0.5,10,4,5,4,3,5,5,4,5,5,5
1.94,2.3,1.3444444444444443,10,1,2,4,1,4,1,3,2,3,2
4.11,4.4,0.48888888888888893,10,5,5,4,4,5,4,5,3,5,4
3.34,3.4,0.2666666666666667,10,4,3,3,3,4,3,3,4,3,4
3.78,3.6,1.822222222222222,10,5,3,5,5,2,3,4,2,5,2
2.89,2.8,1.0666666666666667,10,3,4,3,3,2,4,4,2,2,1
1.04,1.1,0.09999999999999999,10,1,1,1,1,1,1,1,2,1,1
2.09,2.2,1.0666666666666669,10,3,2,1,1,4,2,1,3,2,3
4.71,4.6,0.2666666666666667,10,5,5,5,4,5,5,5,4,4,4
4.04,3.8,1.2888888888888888,10,4,4,3,2,5,5,4,4,5,2
3.7,3.8,1.511111111111111,10,5,2,5,4,5,3,5,2,3,4
2.23,1.8,0.1777777777777778,10,2,2,2,2,1,1,2,2,2,2
1.27,1.2,0.17777777777777784,10,2,1,2,1,1,1,1,1,1,1
4.23,4.2,0.8444444444444444,10,3,5,5,5,3,3,4,5,5,4
3.91,3.9,1.2111111111111112,10,2,4,4,5,5,4,4,5,4,2
3.15,2.9,0.7666666666666665,10,3,4,3,3,1,4,3,2,3,3
2.0,2.0,0.6666666666666666,10,2,2,2,2,4,1,2,2,1,2
2.15,2.0,0.4444444444444444,10,2,3,2,2,1,2,2,2,3,1
3.95,4.0,1.1111111111111112,10,5,2,3,4,5,5,5,3,4,4
4.36,4.4,0.711111111111111,10,5,4,4,3,5,5,5,5,5,3
3.3,3.6,1.3777777777777775,10,2,2,5,3,4,5,5,3,4,3
1.61,1.6,0.48888888888888893,10,1,1,1,1,2,3,2,1,2,2
2.01,2.0,0.4444444444444444,10,2,1,2,1,2,2,2,2,3,3
3.32,3.4,1.155555555555556,10,3,4,4,3,4,1,4,3,5,3
1.47,1.4,0.48888888888888893,10,1,1,1,1,1,2,2,1,1,3
1.63,1.7,1.122222222222222,10,1,1,3,1,1,1,1,2,2,4
4.49,4.7,0.4555555555555555,10,5,5,5,5,5,5,5,4,3,5
1.93,1.5,0.2777777777777778,10,2,1,2,1,1,1,1,2,2,2
4.74,4.9,0.09999999999999999,10,5,5,5,5,5,5,5,5,4,5
4.41,4.4,0.48888888888888893,10,5,5,4,4,4,5,5,4,3,5
3.39,4.1,0.3222222222222222,10,4,4,4,3,5,4,5,4,4,4
3.92,3.4,0.7111111111111111,10,3,4,3,4,3,3,4,3,2,5
1.14,1.1,0.09999999999999999,10,1,1,1,1,1,2,1,1,1,1
2.42,2.6,0.7111111111111112,10,4,3,2,2,4,2,3,2,2,2
3.6,3.9,0.5444444444444445,10,4,3,4,5,4,4,3,4,3,5
4.04,3.9,0.9888888888888889,10,5,4,3,5,4,4,5,4,3,2
2.59,2.7,0.8999999999999999,10,4,2,4,2,2,3,4,2,2,2
4.9,5.0,0.0,10,5,5,5,5,5,5,5,5,5,5
1.22,1.3,0.23333333333333334,10,1,1,1,1,2,2,1,1,2,1
1.15,1.0,0.0,10,1,1,1,1,1,1,1,1,1,1
2.21,1.9,0.5444444444444445,10,2,2,1,2,1,3,2,2,1,3
2.89,3.0,0.6666666666666666,10,4,4,3,3,3,2,3,2,2,4
4.43,4.4,0.26666666666666666,10,4,4,5,4,5,4,4,5,4,5
1.13,1.4,0.48888888888888893,10,1,1,1,2,2,1,1,3,1,1
4.48,4.1,0.5444444444444444,10,5,5,5,4,4,4,4,3,4,3
4.39,4.2,0.39999999999999997,10,4,5,3,5,4,4,4,4,5,4
2.59,2.5,0.7222222222222222,10,3,3,3,1,3,3,1,3,2,3
4.4,4.6,0.4888888888888887,10,5,3,5,5,4,5,4,5,5,5
4.720000000000001,4.8,0.17777777777777773,10,5,5,5,5,4,5,5,5,4,5
1.94,2.0,0.4444444444444444,10,1,1,3,2,2,2,3,2,2,2
2.93,2.5,0.7222222222222222,10,2,3,3,4,3,2,3,1,2,2
1.89,1.6,0.7111111111111112,10,1,2,2,1,3,3,1,1,1,1
3.63,3.5,0.9444444444444444,10,3,2,3,3,4,3,5,4,5,3
3.7,3.4,1.3777777777777775,10,3,2,4,4,1,5,4,3,4,4
5.0,5.0,0.0,10,5,5,5,5,5,5,5,5,5,5
1.53,2.2,0.8444444444444444,10,1,3,2,3,2,3,1,1,3,3
1.42,1.3,0.4555555555555555,10,1,1,1,1,3,2,1,1,1,1
2.38,2.5,0.7222222222222222,10,3,2,3,2,2,3,3,2,1,4
2.73,3.0,1.1111111111111112,10,2,3,5,3,2,3,2,4,4,2
2.52,2.5,0.7222222222222222,10,3,3,1,3,2,3,2,4,2,2
2.36,1.6,0.48888888888888904,10,2,3,1,2,1,2,1,1,2,1
2.21,2.2,0.39999999999999997,10,2,2,1,3,2,2,2,3,3,2
1.12,1.2,0.17777777777777784,10,1,2,1,1,1,2,1,1,1,1
4.41,4.3,0.4555555555555555,10,5,4,4,4,5,5,5,4,3,4
4.14,3.9,0.32222222222222235,10,3,4,4,5,4,3,4,4,4,4
3.9,4.1,0.5444444444444444,10,5,3,5,4,4,5,4,3,4,4
3.2,2.8,0.8444444444444444,10,2,3,4,1,3,4,3,3,2,3
1.61,1.2,0.17777777777777784,10,1,2,1,1,1,2,1,1,1,1
4.42,4.8,0.17777777777777773,10,5,4,5,5,5,5,5,4,5,5
2.12,1.6,0.2666666666666667,10,2,1,2,2,2,1,2,1,1,2
3.68,3.2,1.9555555555555553,10,3,3,4,5,5,3,4,3,1,1
4.91,5.0,0.0,10,5,5,5,5,5,5,5,5,5,5
4.11,4.0,1.5555555555555556,10,4,5,3,4,5,1,5,4,5,4
4.220000000000001,4.5,0.5,10,4,4,5,5,5,3,5,4,5,5
4.1,4.3,0.4555555555555556,10,5,5,4,4,4,5,5,3,4,4
2.36,2.4,1.1555555555555557,10,3,1,4,3,3,3,3,1,2,1
3.08,2.9,0.9888888888888889,10,2,2,2,3,4,4,4,2,2,4
1.1,1.2,0.17777777777777778,10,1,1,1,1,1,1,2,1,1,2
2.05,2.1,1.2111111111111112,10,2,1,3,4,1,2,3,3,1,1
4.51,4.7,0.23333333333333334,10,5,5,4,4,5,5,5,4,5,5
3.51,3.8,0.39999999999999997,10,5,3,4,3,4,3,4,4,4,4
1.68,1.4,0.2666666666666667,10,2,1,1,2,1,1,2,1,1,2
4.83,5.0,0.0,10,5,5,5,5,5,5,5,5,5,5
1.55,1.8,0.8444444444444446,10,1,3,1,1,2,1,3,1,2,3
3.38,3.0,0.6666666666666666,10,3,2,3,3,2,3,5,3,3,3
2.75,3.4,2.0444444444444447,10,4,4,3,2,5,3,2,5,5,1
1.4,1.4,0.2666666666666667,10,1,1,2,1,2,2,2,1,1,1
1.5,1.3,0.23333333333333334,10,1,1,2,2,1,1,1,1,1,2
1.38,1.5,0.5,10,2,1,3,2,1,1,1,2,1,1
3.07,3.3,1.5666666666666667,10,5,5,2,3,3,2,5,3,2,3
3.84,3.9,0.5444444444444444,10,4,5,4,3,4,5,3,4,4,3
4.7700000000000005,4.9,0.09999999999999998,10,5,5,4,5,5,5,5,5,5,5
1.61,1.4,0.48888888888888904,10,1,1,1,3,1,1,2,2,1,1
3.18,3.1,1.211111111111111,10,3,4,2,4,1,3,3,3,3,5
1.43,1.5,0.2777777777777778,10,1,1,1,2,2,1,1,2,2,2
1.6,1.7,0.8999999999999999,10,1,1,2,2,4,2,1,2,1,1
2.73,3.1,1.2111111111111112,10,3,1,3,5,3,4,3,2,4,3
4.51,4.4,0.4888888888888888,10,3,5,4,4,5,4,4,5,5,5
2.72,2.5,1.3888888888888888,10,3,3,1,1,2,3,2,5,3,2
2.21,2.5,0.9444444444444444,10,3,2,3,2,3,3,4,1,1,3
3.9,4.2,0.6222222222222222,10,5,4,5,4,4,3,3,5,4,5
4.74,4.7,0.23333333333333334,10,5,5,5,4,5,5,5,4,4,5
2.94,3.1,1.4333333333333336,10,5,5,3,4,2,3,2,2,3,2
1.93,1.3,0.23333333333333334,10,1,1,1,2,1,2,1,2,1,1
3.85,3.8,0.8444444444444444,10,4,4,4,3,5,3,4,2,5,4
1.58,1.4,0.2666666666666667,10,2,1,2,1,2,2,1,1,1,1
2.74,2.3,0.6777777777777777,10,2,1,2,3,4,2,3,2,2,2
1.05,1.0,0.0,10,1,1,1,1,1,1,1,1,1,1
3.1,2.5,0.5,10,3,2,3,2,4,2,2,2,2,3
3.74,3.5,1.6111111111111112,10,2,3,3,4,5,4,5,1,4,4
2.49,2.3,0.23333333333333334,10,3,2,2,2,2,2,2,3,3,2
1.82,1.5,0.2777777777777778,10,1,1,2,1,2,2,1,2,2,1
2.22,2.3,0.4555555555555555,10,1,2,2,3,3,3,3,2,2,2
4.7700000000000005,4.9,0.09999999999999998,10,5,5,5,5,5,4,5,5,5,5
4.41,4.5,0.5,10,4,5,5,5,3,5,4,5,4,5
3.6,3.9,1.4333333333333333,10,4,4,5,3,5,1,4,4,5,4
3.93,3.8,1.5111111111111113,10,2,5,5,3,4,5,3,4,2,5
2.6,2.5,1.1666666666666667,10,3,1,2,3,2,4,2,3,1,4
4.35,4.0,1.1111111111111112,10,3,4,5,2,5,4,5,3,5,4
2.05,1.7,0.8999999999999999,10,1,2,2,2,1,1,1,4,1,2
1.52,1.2,0.17777777777777778,10,1,1,1,1,1,1,2,1,2,1
1.0699999999999998,1.1,0.09999999999999999,10,1,1,1,1,2,1,1,1,1,1
4.46,4.6,0.2666666666666667,10,4,4,5,5,5,5,5,4,4,5
3.3600000000000003,3.2,1.2888888888888888,10,4,2,4,3,3,3,1,3,4,5
3.35,3.2,1.0666666666666669,10,5,4,4,2,4,3,2,2,3,3
2.78,2.1,0.9888888888888889,10,3,1,2,2,3,1,2,1,4,2
3.31,2.9,0.9888888888888889,10,1,3,3,4,4,3,2,3,4,2
4.69,4.8,0.17777777777777773,10,5,5,5,5,4,4,5,5,5,5
3.08,3.1,0.7666666666666667,10,2,2,4,3,3,3,2,4,4,4
4.88,4.9,0.09999999999999999,10,5,5,5,5,5,5,5,5,4,5
4.6,4.4,0.4888888888888888,10,4,4,3,4,5,5,5,4,5,5
1.75,2.1,0.9888888888888889,10,3,1,1,2,1,3,1,3,3,3
3.83,3.7,1.5666666666666667,10,5,3,4,4,3,5,5,1,3,4
3.69,4.2,0.6222222222222222,10,4,5,5,5,5,4,4,4,3,3
3.05,2.5,1.1666666666666667,10,3,2,3,1,1,4,3,4,2,2
4.89,4.9,0.09999999999999998,10,5,5,5,5,4,5,5,5,5,5
2.18,2.4,0.48888888888888904,10,2,3,2,2,2,4,3,2,2,2
1.37,1.3,0.23333333333333334,10,1,2,1,1,1,2,1,1,2,1
1.57,1.5,0.5,10,1,2,2,1,1,1,3,2,1,1
4.279999999999999,4.3,0.4555555555555555,10,3,4,5,5,4,4,4,5,4,5
4.87,4.7,0.23333333333333334,10,5,5,4,5,5,5,5,4,4,5
4.05,3.7,0.6777777777777777,10,3,5,3,4,5,3,4,4,3,3
4.62,4.6,0.4888888888888887,10,3,5,5,4,4,5,5,5,5,5
4.36,4.6,0.26666666666666666,10,5,5,4,5,5,5,4,4,5,4
1.43,1.5,0.2777777777777778,10,2,1,2,2,1,1,2,1,2,1
2.2,2.1,1.211111111111111,10,1,1,2,3,3,1,3,2,1,4
1.75,1.6,0.48888888888888893,10,2,2,1,1,1,1,3,1,2,2
1.03,1.0,0.0,10,1,1,1,1,1,1,1,1,1,1
2.33,2.7,1.1222222222222222,10,2,3,2,4,3,2,2,1,4,4
3.26,3.6,0.7111111111111112,10,3,4,2,4,3,4,4,4,5,3
4.23,3.9,0.7666666666666665,10,3,4,5,5,5,3,4,3,3,4
1.95,1.9,0.3222222222222223,10,1,2,2,2,3,2,1,2,2,2
4.15,4.1,0.5444444444444444,10,5,3,4,4,5,5,3,4,4,4
2.33,2.2,0.6222222222222222,10,2,1,2,2,3,3,3,3,1,2
1.1800000000000002,1.1,0.1,10,1,1,1,1,1,1,1,1,2,1
4.44,4.5,0.2777777777777778,10,4,4,5,5,5,5,5,4,4,4
1.77,2.1,0.7666666666666665,10,4,2,1,2,3,2,2,1,2,2
1.02,1.0,0.0,10,1,1,1,1,1,1,1,1,1,1
2.73,3.1,0.3222222222222223,10,3,3,3,4,3,4,2,3,3,3
1.17,1.1,0.09999999999999999,10,1,1,1,1,1,1,1,2,1,1
2.24,1.8,0.6222222222222222,10,2,2,1,1,1,3,1,2,3,2
4.5600000000000005,4.4,0.4888888888888888,10,5,4,3,4,5,5,5,4,4,5
1.99,2.2,0.39999999999999997,10,1,2,2,3,2,2,3,2,3,2
3.14,3.5,1.1666666666666667,10,4,4,4,5,2,3,5,2,3,3
2.17,1.6,0.2666666666666667,10,1,2,2,2,2,2,1,2,1,1
3.15,3.0,1.5555555555555556,10,5,3,5,3,2,3,1,3,2,3
2.2,2.5,0.7222222222222222,10,3,3,4,3,3,2,1,2,2,2
3.04,2.5,0.9444444444444444,10,3,2,4,3,3,1,1,3,3,2
3.16,3.1,0.9888888888888889,10,3,4,1,4,4,2,3,4,3,3
4.5600000000000005,4.5,0.2777777777777778,10,5,5,4,5,4,4,5,5,4,4
1.35,1.4,0.2666666666666667,10,1,1,1,1,2,1,2,1,2,2
4.49,4.2,1.0666666666666667,10,5,5,3,4,5,4,5,5,2,4
1.23,1.1,0.09999999999999999,10,1,1,1,1,1,2,1,1,1,1
3.29,3.3,1.1222222222222222,10,4,4,5,3,4,3,3,3,3,1
3.19,3.4,0.7111111111111112,10,3,3,5,3,3,4,3,4,4,2
3.28,3.3,1.3444444444444443,10,5,3,2,3,4,2,4,2,3,5
1.65,1.1,0.09999999999999999,10,1,1,1,1,1,1,1,2,1,1
2.29,1.9,0.7666666666666665,10,1,2,2,4,2,2,1,2,2,1
2.32,2.1,0.7666666666666666,10,2,2,2,1,3,4,2,2,1,2
2.95,3.0,1.5555555555555556,10,5,1,4,2,3,4,2,2,4,3
1.57,1.4,0.48888888888888915,10,3,1,2,1,1,1,1,2,1,1
3.28,3.9,0.9888888888888889,10,5,5,4,5,5,3,3,3,3,3
1.99,1.5,0.5,10,1,1,3,1,2,2,1,1,2,1
1.8,2.0,0.6666666666666666,10,2,1,3,3,2,2,2,3,1,1
4.3,4.4,0.48888888888888893,10,5,5,5,4,5,5,4,3,4,4
1.56,2.2,0.6222222222222222,10,3,1,2,2,3,2,3,1,2,3
4.0,4.2,0.39999999999999997,10,4,4,5,5,4,4,5,3,4,4
4.57,4.7,0.23333333333333334,10,4,5,4,5,4,5,5,5,5,5
4.93,4.9,0.09999999999999998,10,5,5,5,5,4,5,5,5,5,5
3.3,3.4,2.2666666666666666,10,5,3,1,1,4,4,3,3,5,5
4.5200000000000005,4.8,0.17777777777777773,10,4,5,5,4,5,5,5,5,5,5
1.93,1.9,0.32222222222222235,10,1,2,2,3,2,1,2,2,2,2
4.29,4.4,0.48888888888888893,10,5,4,5,4,4,5,5,4,3,5
3.73,2.9,0.9888888888888887,10,4,3,1,3,2,3,2,3,4,4
1.8,2.0,0.6666666666666666,10,3,2,2,1,1,1,2,3,2,3
1.09,1.0,0.0,10,1,1,1,1,1,1,1,1,1,1
3.68,3.2,1.7333333333333338,10,3,4,1,3,5,4,4,3,1,4
2.18,2.7,1.3444444444444443,10,5,2,2,2,2,2,4,4,2,2
4.16,4.3,1.788888888888889,10,4,5,5,5,3,1,5,5,5,5
2.38,1.9,0.7666666666666666,10,3,2,3,1,2,1,1,2,1,3
3.94,3.9,0.9888888888888887,10,3,3,4,4,5,2,4,4,5,5
1.92,1.4,0.2666666666666667,10,2,1,1,2,1,2,1,1,2,1
2.76,2.7,0.4555555555555555,10,3,2,3,2,2,3,4,3,3,2
1.87,1.5,0.5,10,2,1,1,2,1,1,2,1,1,3
2.03,1.7,0.6777777777777777,10,2,3,1,2,1,1,3,1,1,2
1.14,1.0,0.0,10,1,1,1,1,1,1,1,1,1,1
3.2,3.4,0.7111111111111111,10,3,3,3,4,4,2,4,3,3,5
3.37,2.9,1.4333333333333333,10,3,4,3,1,2,4,4,4,3,1
2.99,2.5,1.3888888888888888,10,5,2,2,3,1,2,3,3,1,3
2.2,2.0,0.4444444444444444,10,2,3,2,2,1,1,2,3,2,2
3.96,4.3,0.4555555555555555,10,3,5,4,5,4,5,4,5,4,4
4.66,4.5,0.5,10,5,5,5,4,5,3,5,4,5,4
1.64,2.1,0.9888888888888887,10,2,3,1,1,1,3,2,2,2,4
2.17,2.2,0.39999999999999997,10,2,2,1,3,2,2,2,3,2,3
2.43,2.8,1.2888888888888894,10,1,5,4,3,3,3,3,2,2,2
3.21,3.5,1.3888888888888888,10,4,3,5,2,5,5,3,3,2,3
4.93,4.7,0.23333333333333334,10,5,5,4,5,5,5,5,4,4,5
2.56,2.6,0.2666666666666667,10,3,3,3,2,2,3,3,3,2,2
4.62,4.7,0.23333333333333334,10,5,4,4,5,5,5,5,5,4,5
3.26,2.8,1.0666666666666669,10,3,2,2,4,2,3,5,3,2,2
1.16,1.1,0.09999999999999999,10,1,1,1,2,1,1,1,1,1,1
3.82,3.7,0.8999999999999999,10,4,4,2,4,5,3,3,4,3,5
1.27,1.4,0.48888888888888904,10,1,2,3,1,1,1,2,1,1,1
4.18,4.4,0.711111111111111,10,3,5,5,4,3,5,5,5,4,5
1.93,1.4,0.2666666666666667,10,2,1,1,2,1,2,1,1,1,2
3.72,3.3,1.1222222222222222,10,2,3,3,5,3,4,3,2,3,5
4.67,4.5,0.5,10,5,5,4,5,4,5,4,3,5,5
2.51,2.4,1.3777777777777778,10,4,3,4,3,1,1,2,1,2,3
4.29,4.2,0.6222222222222222,10,4,5,5,4,5,3,5,3,4,4
3.23,3.4,1.1555555555555557,10,4,4,5,3,2,5,3,3,3,2
2.6,2.5,1.1666666666666667,10,2,3,2,2,2,3,5,2,3,1
2.93,2.4,0.2666666666666667,10,3,3,2,3,2,3,2,2,2,2
2.09,1.8,0.8444444444444446,10,2,2,1,2,2,1,2,1,4,1
1.84,1.8,0.8444444444444446,10,1,1,3,1,2,3,1,1,3,2
1.52,1.6,0.48888888888888904,10,1,1,1,1,3,2,2,1,2,2
5.0,5.0,0.0,10,5,5,5,5,5,5,5,5,5,5
4.779999999999999,4.8,0.17777777777777773,10,5,5,4,5,5,5,5,5,4,5
1.64,1.6,0.48888888888888893,10,2,2,1,2,1,1,1,3,1,2
1.06,1.0,0.0,10,1,1,1,1,1,1,1,1,1,1
3.96,3.9,0.9888888888888889,10,3,2,5,4,4,4,5,5,4,3
2.32,2.1,0.7666666666666666,10,1,3,2,2,3,1,3,2,1,3
1.04,1.0,0.0,10,1,1,1,1,1,1,1,1,1,1
2.6,2.2,0.8444444444444444,10,4,1,2,2,3,2,3,2,2,1
2.76,2.9,1.6555555555555557,10,4,3,2,4,4,2,1,4,4,1
3.87,4.1,0.5444444444444444,10,3,4,4,4,5,4,5,5,3,4
1.47,1.7,0.4555555555555555,10,1,1,2,1,2,3,1,2,2,2
4.21,4.6,0.4888888888888887,10,5,3,5,5,4,4,5,5,5,5
3.49,3.7,2.011111111111111,10,5,5,5,3,2,5,3,4,1,4
1.04,1.0,0.0,10,1,1,1,1,1,1,1,1,1,1
3.54,3.3,1.3444444444444443,10,4,5,3,5,3,2,2,3,4,2
1.51,1.7,1.3444444444444443,10,4,3,1,1,1,1,1,1,1,3
2.17,2.0,0.6666666666666666,10,3,2,1,3,2,1,1,3,2,2
2.65,2.3,1.3444444444444443,10,4,4,2,1,3,2,3,2,1,1
1.16,1.3,0.23333333333333334,10,1,1,2,1,1,1,1,1,2,2
1.86,1.8,0.6222222222222222,10,1,3,1,3,2,1,2,2,2,1
3.77,3.6,0.7111111111111112,10,5,4,4,3,2,4,3,3,4,4
2.38,2.4,1.822222222222222,10,1,2,5,3,2,1,3,4,1,2
2.25,2.3,0.6777777777777777,10,2,3,2,2,3,4,2,2,2,1
3.3,3.2,0.6222222222222222,10,3,3,4,3,3,3,2,3,5,3
3.32,3.2,0.8444444444444444,10,4,3,3,3,3,4,4,3,1,4
4.9,4.6,0.48888888888888893,10,5,5,4,5,5,5,5,5,3,4
2.25,2.4,0.9333333333333333,10,2,3,2,3,4,1,3,3,2,1
2.39,2.3,0.4555555555555555,10,2,2,2,3,1,2,3,3,2,3
2.08,1.8,0.8444444444444446,10,1,3,2,1,1,3,1,1,2,3
4.92,5.0,0.0,10,5,5,5,5,5,5,5,5,5,5
3.43,3.2,1.0666666666666669,10,3,1,4,3,2,4,3,4,4,4
4.95,5.0,0.0,10,5,5,5,5,5,5,5,5,5,5
1.32,1.3,0.23333333333333328,10,1,1,1,1,1,2,2,1,2,1
3.72,3.8,0.6222222222222222,10,5,4,3,5,3,4,4,3,4,3
3.96,3.9,0.9888888888888889,10,2,5,4,4,5,3,5,3,4,4
1.54,1.6,0.9333333333333336,10,4,1,1,1,2,1,1,1,2,2
4.14,4.4,0.26666666666666666,10,5,4,4,5,5,4,5,4,4,4
1.95,1.7,0.4555555555555555,10,1,2,2,2,1,2,1,1,3,2
2.98,3.4,0.7111111111111112,10,3,4,5,3,4,3,2,4,3,3
4.75,4.7,0.4555555555555555,10,4,5,5,5,5,5,3,5,5,5
3.84,3.8,1.511111111111111,10,4,3,5,5,3,4,4,4,5,1
2.29,2.0,0.8888888888888888,10,1,2,2,3,3,1,1,1,3,3
3.53,3.5,0.5,10,4,4,3,4,2,3,4,4,3,4
4.14,4.6,0.4888888888888887,10,5,3,4,5,5,5,5,4,5,5
4.5600000000000005,4.7,0.23333333333333334,10,5,5,5,5,4,5,5,5,4,4
3.23,3.1,0.9888888888888887,10,5,2,4,3,4,2,3,3,3,2
1.84,2.2,0.17777777777777773,10,2,3,2,2,2,2,2,3,2,2
4.8,4.8,0.17777777777777773,10,4,5,5,4,5,5,5,5,5,5
4.470000000000001,4.3,0.4555555555555555,10,4,3,4,5,4,5,5,4,4,5
2.37,2.6,0.48888888888888904,10,3,2,4,2,3,2,3,2,2,3
3.56,3.9,0.9888888888888889,10,4,5,5,3,4,5,2,3,4,4
3.05,2.3,1.1222222222222222,10,1,3,2,3,1,2,3,3,1,4
1.58,1.9,0.3222222222222222,10,2,2,2,2,2,2,1,2,3,1
4.62,4.6,0.4888888888888888,10,4,5,5,5,3,5,5,4,5,5
2.93,2.7,1.5666666666666667,10,1,2,3,4,3,2,3,3,5,1
1.59,1.3,0.23333333333333334,10,2,1,1,1,1,2,1,2,1,1
2.1,1.7,0.6777777777777778,10,1,1,1,2,3,3,2,1,2,1
4.529999999999999,4.6,0.4888888888888888,10,5,5,5,5,5,5,4,3,5,4
2.07,2.0,0.6666666666666666,10,3,2,2,3,1,2,2,1,3,1
3.71,4.2,0.8444444444444444,10,3,5,3,3,5,4,4,5,5,5
1.41,1.3,0.23333333333333334,10,1,2,2,1,1,1,1,1,2,1
3.84,3.3,0.4555555555555555,10,4,4,3,4,4,3,3,3,3,2
1.01,1.0,0.0,10,1,1,1,1,1,1,1,1,1,1
1.76,1.8,0.6222222222222223,10,1,2,2,3,2,1,3,2,1,1
2.73,2.4,0.48888888888888893,10,2,2,2,3,2,3,1,3,3,3
4.51,4.7,0.23333333333333334,10,5,5,4,5,5,5,5,4,5,4
2.89,2.9,0.7666666666666666,10,3,4,3,4,1,3,2,3,3,3
3.45,3.8,0.39999999999999997,10,3,3,4,4,4,5,3,4,4,4
4.13,3.9,0.5444444444444444,10,4,3,5,3,4,5,4,3,4,4
2.8,2.8,1.2888888888888888,10,4,2,3,3,1,2,3,3,2,5
2.54,3.0,1.5555555555555556,10,4,3,3,2,2,5,4,1,4,2
2.81,2.8,0.6222222222222222,10,3,2,2,4,3,2,2,4,3,3
3.21,3.1,1.4333333333333333,10,3,2,4,3,4,3,2,4,1,5
1.29,1.2,0.17777777777777784,10,2,1,1,1,1,1,2,1,1,1
1.47,1.4,0.2666666666666667,10,2,1,1,2,2,2,1,1,1,1
2.97,2.8,0.8444444444444444,10,3,4,2,2,3,3,4,3,1,3
1.8,1.8,0.6222222222222222,10,2,3,1,2,1,1,2,2,1,3
4.88,5.0,0.0,10,5,5,5,5,5,5,5,5,5,5
4.49,4.4,0.711111111111111,10,4,3,5,3,5,5,5,4,5,5
1.39,1.6,0.48888888888888893,10,1,2,2,1,1,2,1,3,1,2
3.37,3.1,0.5444444444444443,10,3,2,3,3,4,4,2,3,4,3
2.27,2.3,0.8999999999999999,10,3,3,2,1,2,4,2,2,1,3
1.32,1.2,0.4000000000000001,10,1,1,1,3,1,1,1,1,1,1
3.92,4.0,0.8888888888888888,10,4,3,4,5,4,4,5,4,5,2
2.25,1.9,0.5444444444444445,10,3,1,2,2,2,1,1,2,3,2
2.89,3.3,0.6777777777777777,10,3,4,4,2,4,3,4,2,3,4
2.49,2.7,0.6777777777777777,10,2,2,2,4,4,3,2,3,3,2
4.42,4.5,0.2777777777777778,10,4,4,5,5,5,5,4,4,5,4
4.48,5.0,0.0,10,5,5,5,5,5,5,5,5,5,5
1.03,1.0,0.0,10,1,1,1,1,1,1,1,1,1,1
4.2700000000000005,4.2,0.39999999999999997,10,4,4,4,3,5,5,5,4,4,4
3.0,3.3,0.8999999999999999,10,4,4,3,3,1,4,3,4,3,4
4.66,4.9,0.09999999999999998,10,5,5,5,4,5,5,5,5,5,5
1.75,1.5,0.5,10,3,1,1,2,2,2,1,1,1,1
1.43,1.5,0.2777777777777778,10,1,1,2,2,2,1,1,2,1,2
4.96,5.0,0.0,10,5,5,5,5,5,5,5,5,5,5
3.93,4.0,0.6666666666666666,10,5,4,4,2,5,4,4,4,4,4
3.26,3.2,1.5111111111111113,10,4,1,4,3,4,2,3,4,5,2
2.26,3.2,1.288888888888889,10,4,3,3,5,2,3,1,3,4,4
2.43,1.6,0.7111111111111111,10,1,1,1,2,2,3,1,3,1,1
1.06,1.2,0.17777777777777784,10,2,2,1,1,1,1,1,1,1,1
3.55,3.2,1.288888888888889,10,4,3,4,5,4,3,3,1,3,2
3.54,3.5,0.2777777777777778,10,3,3,3,4,4,3,4,4,3,4
4.38,4.4,0.711111111111111,10,4,5,5,5,3,4,5,5,5,3
3.28,2.8,1.7333333333333334,10,2,1,3,1,3,4,3,5,4,2
2.58,2.1,0.3222222222222222,10,2,2,2,2,2,2,3,2,1,3
4.88,4.7,0.23333333333333334,10,5,5,4,5,5,5,5,4,4,5
3.19,3.8,0.6222222222222222,10,4,4,4,3,4,4,2,4,4,5
1.19,1.2,0.17777777777777784,10,1,2,1,1,1,1,1,1,2,1
4.44,4.7,0.23333333333333334,10,5,4,5,5,4,5,5,5,5,4
4.63,4.5,0.5,10,5,5,3,5,4,5,4,5,5,4
2.87,2.5,0.9444444444444444,10,2,4,1,3,2,3,2,2,2,4
3.94,3.7,1.3444444444444443,10,2,4,5,3,5,4,2,3,5,4
2.62,2.6,0.9333333333333336,10,3,3,4,3,2,2,4,2,2,1
3.51,3.6,1.1555555555555557,10,4,1,4,3,4,4,5,3,4,4
2.59,2.8,0.6222222222222222,10,4,3,2,3,2,4,2,2,3,3
1.41,1.1,0.09999999999999999,10,1,1,2,1,1,1,1,1,1,1
1.93,1.4,0.2666666666666667,10,1,2,1,1,1,2,1,2,1,2
2.64,2.5,1.1666666666666667,10,4,3,2,1,4,2,3,2,3,1
3.25,2.7,1.1222222222222222,10,3,1,4,3,3,1,3,4,3,2
3.85,3.9,0.9888888888888889,10,3,3,4,5,5,5,5,3,3,3
2.29,2.1,0.9888888888888887,10,1,4,3,2,2,3,2,2,1,1
4.57,4.8,0.17777777777777773,10,5,5,4,4,5,5,5,5,5,5
2.94,3.3,1.1222222222222222,10,4,3,3,3,5,2,3,2,5,3
1.77,1.6,0.48888888888888893,10,2,2,1,1,2,3,1,1,1,2
2.89,2.9,0.9888888888888889,10,3,4,4,3,3,3,2,1,2,4
3.34,3.3,0.4555555555555555,10,4,4,3,3,4,3,3,4,3,2
3.54,3.2,0.6222222222222222,10,4,4,3,4,3,2,3,3,2,4
1.77,1.5,0.2777777777777778,10,2,2,2,1,1,1,2,1,2,1
1.33,1.7,0.6777777777777777,10,2,1,1,3,2,1,1,2,3,1
3.9,4.1,0.7666666666666666,10,3,4,5,3,5,5,5,4,4,3
2.7,3.0,1.5555555555555556,10,2,4,2,4,3,5,3,1,4,2
2.75,2.3,0.8999999999999999,10,3,4,1,2,3,1,2,2,3,2
2.26,2.6,0.7111111111111114,10,2,1,3,3,2,4,3,2,3,3
1.87,1.5,0.2777777777777778,10,1,2,1,2,1,1,2,2,2,1
4.61,4.6,0.4888888888888888,10,5,5,3,5,5,4,5,5,4,5
1.92,2.0,0.4444444444444444,10,3,2,1,2,2,2,2,2,1,3
4.38,4.4,0.48888888888888893,10,5,4,5,4,5,4,4,5,3,5
3.34,3.3,1.5666666666666667,10,4,4,2,4,2,4,4,1,5,3
4.529999999999999,4.6,0.26666666666666666,10,4,4,5,5,4,5,4,5,5,5
4.95,5.0,0.0,10,5,5,5,5,5,5,5,5,5,5
3.3,3.3,1.1222222222222222,10,4,3,2,4,3,4,5,2,4,2
3.19,3.3,0.8999999999999999,10,2,4,5,4,2,4,3,3,3,3
1.1,1.2,0.1777777777777778,10,1,1,2,1,1,1,1,2,1,1
4.12,3.9,1.2111111111111112,10,5,3,4,3,4,5,2,5,5,3
1.31,1.2,0.17777777777777778,10,1,1,1,1,1,1,1,2,2,1
2.78,2.8,1.0666666666666669,10,4,3,2,2,2,3,3,4,1,4
2.79,2.5,0.7222222222222222,10,2,3,1,3,3,3,3,3,3,1
1.61,1.4,0.2666666666666667,10,2,2,1,2,1,2,1,1,1,1
4.61,4.4,0.711111111111111,10,5,4,3,4,3,5,5,5,5,5
1.19,1.3,0.23333333333333334,10,1,1,1,2,2,1,1,2,1,1
3.91,4.2,0.6222222222222222,10,5,4,4,4,5,3,4,5,5,3
1.04,1.0,0.0,10,1,1,1,1,1,1,1,1,1,1
4.29,4.3,0.6777777777777777,10,3,3,4,4,5,5,5,5,5,4
1.91,2.0,0.6666666666666666,10,3,1,2,1,2,2,3,2,1,3
2.28,1.7,0.4555555555555555,10,1,2,2,3,2,2,1,2,1,1
4.16,4.0,0.4444444444444444,10,5,4,4,3,4,5,4,4,4,3
3.78,3.4,0.9333333333333333,10,5,3,2,3,4,4,4,2,3,4
1.71,1.7,0.9000000000000001,10,3,2,3,1,1,1,1,3,1,1
1.37,1.4,0.48888888888888915,10,3,1,1,1,1,2,1,1,1,2
4.37,4.5,0.5,10,5,5,4,5,3,5,5,4,4,5
3.34,3.4,0.9333333333333336,10,4,5,3,4,4,4,3,2,2,3
1.75,2.1,0.5444444444444444,10,2,2,2,1,2,3,2,3,3,1
1.37,1.6,0.7111111111111112,10,2,3,3,1,2,1,1,1,1,1
3.2,3.5,0.5,10,4,4,3,4,4,3,2,4,3,4
3.67,3.5,0.9444444444444444,10,4,3,4,4,4,3,4,2,2,5
1.35,1.2,0.1777777777777778,10,1,1,1,2,1,1,1,2,1,1
4.88,5.0,0.0,10,5,5,5,5,5,5,5,5,5,5
4.33,4.6,0.2666666666666667,10,5,5,5,4,4,5,4,5,4,5
1.36,1.3,0.4555555555555555,10,1,1,1,1,1,1,1,2,3,1
2.98,2.7,0.8999999999999999,10,1,2,4,2,3,3,2,4,3,3
4.1,4.3,0.4555555555555555,10,4,5,5,3,4,5,4,4,5,4
1.93,1.6,0.48888888888888893,10,1,1,1,1,2,3,1,2,2,2
1.23,1.6,0.2666666666666667,10,2,2,2,1,1,2,1,1,2,2
1.46,1.7,0.6777777777777778,10,3,3,1,2,1,1,1,1,2,2
3.19,3.6,0.48888888888888893,10,4,4,4,4,4,3,3,4,4,2
2.88,2.8,0.6222222222222222,10,2,2,3,4,3,3,4,2,2,3
3.6,4.1,0.5444444444444444,10,4,4,3,5,3,5,4,4,4,5
2.95,3.2,1.288888888888889,10,1,3,2,3,4,5,4,4,3,3
4.65,4.8,0.17777777777777773,10,4,5,5,5,5,4,5,5,5,5
3.89,4.3,0.6777777777777778,10,5,4,5,5,5,3,4,5,4,3
1.87,1.8,0.6222222222222222,10,1,1,3,2,2,2,1,3,2,1
4.970000000000001,5.0,0.0,10,5,5,5,5,5,5,5,5,5,5
1.68,1.6,0.48888888888888904,10,3,1,1,1,2,2,2,2,1,1
1.7,1.7,0.4555555555555555,10,1,1,2,2,1,2,2,1,3,2
2.78,3.0,1.5555555555555556,10,2,3,4,4,1,5,2,4,3,2
4.970000000000001,5.0,0.0,10,5,5,5,5,5,5,5,5,5,5
3.55,3.5,1.1666666666666667,10,5,4,1,3,4,4,3,4,3,4
2.49,2.6,0.48888888888888904,10,3,4,3,3,2,2,2,2,3,2
1.01,1.0,0.0,10,1,1,1,1,1,1,1,1,1,1
3.45,3.6,0.9333333333333333,10,5,3,4,4,4,2,3,3,5,3
3.61,3.4,1.6,10,5,5,3,3,4,1,4,3,2,4
3.39,3.6,1.1555555555555557,10,3,5,4,2,3,4,4,2,4,5
2.36,2.8,1.5111111111111113,10,4,2,2,4,1,5,3,2,3,2
4.02,4.3,0.6777777777777777,10,5,3,3,5,4,4,4,5,5,5
3.98,4.3,0.23333333333333334,10,4,4,4,4,4,5,5,4,4,5
1.29,1.1,0.09999999999999999,10,1,1,1,1,2,1,1,1,1,1
4.12,4.3,0.4555555555555555,10,5,4,4,4,3,4,4,5,5,5
1.79,1.1,0.09999999999999999,10,1,1,1,1,1,1,2,1,1,1
4.05,3.7,0.8999999999999999,10,4,4,4,3,3,3,5,5,2,4
3.55,3.4,0.9333333333333336,10,2,4,3,3,3,5,3,3,3,5
1.26,1.0,0.0,10,1,1,1,1,1,1,1,1,1,1
4.33,4.2,0.39999999999999997,10,3,5,4,5,4,4,5,4,4,4
4.76,4.7,0.23333333333333334,10,5,5,5,5,5,5,4,5,4,4
3.9,4.0,1.5555555555555556,10,5,2,4,2,5,5,5,5,4,3
3.87,3.7,0.6777777777777777,10,5,5,3,4,3,3,4,3,4,3
2.52,2.3,1.3444444444444443,10,2,2,1,1,4,4,3,2,1,3
3.32,3.4,0.48888888888888904,10,4,4,3,4,2,3,3,4,4,3
4.08,4.4,0.711111111111111,10,3,4,5,5,5,5,5,5,4,3
2.35,2.0,1.3333333333333333,10,4,1,2,1,2,2,1,2,4,1
4.64,4.8,0.17777777777777773,10,4,5,5,5,5,5,4,5,5,5
4.09,3.7,0.6777777777777777,10,4,4,3,3,3,4,3,5,5,3
1.61,1.5,0.2777777777777778,10,1,2,1,2,2,1,1,2,2,1
3.65,3.7,0.8999999999999999,10,4,3,4,2,4,3,5,4,3,5
4.62,4.8,0.39999999999999997,10,5,5,5,5,5,3,5,5,5,5
2.6100000000000003,2.6,1.1555555555555557,10,3,3,2,4,3,1,3,1,2,4
2.37,3.2,1.511111111111111,10,4,1,4,4,2,3,4,2,5,3
3.13,2.6,0.9333333333333336,10,2,4,1,2,3,2,2,3,4,3
3.5,3.8,0.6222222222222222,10,4,3,4,3,3,4,5,5,4,3
4.89,4.7,0.4555555555555555,10,5,5,5,5,5,3,5,5,5,4
1.11,1.3,0.23333333333333334,10,2,1,1,2,1,1,1,2,1,1
2.06,1.7,0.4555555555555555,10,1,2,2,2,1,3,1,1,2,2
1.5,1.5,0.5,10,2,2,1,3,1,1,1,1,1,2
2.73,2.8,1.5111111111111113,10,3,1,1,3,4,3,2,3,3,5
1.57,1.9,0.5444444444444445,10,1,2,3,1,2,2,1,2,2,3
4.19,4.2,0.6222222222222222,10,5,5,5,4,3,4,3,5,4,4
3.08,3.4,1.1555555555555554,10,3,4,2,2,5,4,4,2,4,4
2.78,2.9,1.2111111111111112,10,4,2,2,3,3,1,4,4,4,2
2.19,2.2,1.0666666666666669,10,1,3,3,4,2,3,2,1,2,1
1.49,1.9,0.5444444444444444,10,1,3,2,2,1,1,3,2,2,2
3.61,3.4,1.155555555555556,10,5,3,3,4,4,4,3,4,3,1
1.28,1.2,0.4000000000000001,10,1,1,1,1,3,1,1,1,1,1
2.91,2.9,1.4333333333333333,10,2,3,4,5,3,4,3,1,2,2
3.03,2.9,1.8777777777777775,10,4,2,2,3,4,1,1,3,5,4
1.67,1.5,0.5,10,2,1,1,2,3,1,1,1,1,2
2.3,2.6,0.9333333333333333,10,3,2,4,1,2,2,4,2,3,3
3.34,3.3,0.4555555555555555,10,3,3,3,3,4,4,4,2,3,4
4.29,4.6,0.2666666666666667,10,4,4,5,5,5,5,4,5,4,5
3.04,3.0,0.8888888888888888,10,2,2,2,4,4,4,2,3,3,4
2.26,2.5,0.2777777777777778,10,3,2,3,3,2,2,2,3,3,2
4.26,4.5,0.2777777777777778,10,5,5,4,5,4,5,4,4,5,4
3.96,4.2,0.6222222222222222,10,5,4,5,5,3,4,4,4,5,3
1.12,1.1,0.09999999999999999,10,1,1,1,2,1,1,1,1,1,1
4.85,5.0,0.0,10,5,5,5,5,5,5,5,5,5,5
3.68,4.1,0.9888888888888887,10,4,3,5,5,4,5,4,4,5,2
4.29,4.3,0.4555555555555555,10,5,4,4,4,5,4,3,5,4,5
3.72,4.1,0.9888888888888887,10,5,3,4,5,2,5,4,4,4,5
3.87,4.4,0.9333333333333331,10,5,5,5,2,5,5,4,4,4,5
1.74,1.9,0.7666666666666665,10,3,2,1,3,1,1,1,2,3,2
1.75,1.7,0.4555555555555555,10,1,2,2,2,1,3,2,2,1,1
2.58,2.5,0.7222222222222222,10,2,2,2,2,2,3,4,4,2,2
2.4,2.6,0.2666666666666667,10,3,2,2,3,3,3,3,3,2,2
1.75,1.7,1.1222222222222222,10,1,1,1,1,4,3,2,2,1,1
2.13,2.3,1.1222222222222222,10,1,1,1,4,3,2,2,3,3,3
2.7,3.3,0.4555555555555555,10,2,4,4,3,3,3,3,3,4,4
2.23,2.9,0.32222222222222224,10,3,3,3,4,3,2,3,3,3,2
3.28,3.3,1.1222222222222222,10,3,4,2,2,4,4,4,3,2,5
3.7,3.5,0.5,10,5,4,3,3,4,3,3,4,3,3
3.84,3.8,0.8444444444444444,10,3,4,4,4,3,4,5,4,5,2
4.43,4.4,0.26666666666666666,10,5,5,4,5,4,4,4,5,4,4
1.58,1.4,0.2666666666666667,10,1,1,2,1,2,2,1,2,1,1
3.98,4.0,0.6666666666666666,10,4,4,4,4,5,4,5,4,4,2
3.73,3.3,1.1222222222222222,10,2,2,3,4,4,4,3,5,2,4
4.59,4.3,0.23333333333333334,10,4,4,4,4,5,4,5,5,4,4
1.05,1.1,0.09999999999999999,10,1,1,2,1,1,1,1,1,1,1
2.39,2.7,1.3444444444444443,10,2,3,2,3,2,2,1,5,3,4
1.92,2.5,1.1666666666666667,10,4,3,3,4,3,2,2,2,1,1
3.54,3.7,0.6777777777777778,10,3,3,3,4,3,5,3,4,4,5
4.65,4.5,0.2777777777777778,10,5,4,4,4,5,4,5,5,4,5
3.83,4.1,0.5444444444444444,10,3,3,4,5,4,5,4,5,4,4
1.89,1.6,0.7111111111111112,10,1,2,3,3,2,1,1,1,1,1
4.95,5.0,0.0,10,5,5,5,5,5,5,5,5,5,5
3.23,3.8,0.6222222222222222,10,3,3,4,3,3,5,4,5,4,4
1.36,1.4,0.2666666666666667,10,1,1,1,1,1,2,1,2,2,2
1.98,2.6,0.48888888888888904,10,2,2,2,3,4,3,2,3,3,2
4.25,4.5,0.5,10,4,5,5,5,4,5,4,3,5,5
4.41,4.7,0.4555555555555555,10,3,5,5,4,5,5,5,5,5,5
1.34,1.6,0.48888888888888904,10,2,2,3,1,1,2,1,2,1,1
3.15,2.7,0.6777777777777777,10,4,4,2,2,2,2,2,3,3,3
4.85,4.9,0.09999999999999999,10,5,5,5,5,5,5,5,4,5,5
1.68,1.6,0.48888888888888904,10,3,2,2,1,2,1,1,2,1,1
4.720000000000001,4.9,0.09999999999999998,10,5,5,5,5,4,5,5,5,5,5
3.72,3.7,0.8999999999999999,10,4,5,5,3,3,4,3,4,4,2
2.7,2.4,0.9333333333333336,10,3,1,2,2,1,3,3,3,2,4
1.6,1.6,0.7111111111111112,10,1,3,3,1,1,2,1,2,1,1
2.51,2.4,1.3777777777777778,10,1,1,2,3,4,3,3,2,4,1
3.09,2.9,0.7666666666666666,10,4,3,2,3,4,2,2,2,4,3
3.74,3.7,0.8999999999999999,10,5,2,3,3,4,3,4,4,5,4
3.68,4.2,1.0666666666666669,10,4,5,5,4,5,4,5,5,2,3
1.35,1.2,0.1777777777777778,10,1,1,1,1,2,1,1,2,1,1
2.94,3.1,0.7666666666666666,10,2,4,3,3,3,2,4,2,4,4
1.82,1.8,0.6222222222222223,10,1,2,3,2,2,3,2,1,1,1
1.11,1.2,0.17777777777777784,10,2,1,1,1,1,1,1,1,1,2
3.29,3.6,0.7111111111111112,10,3,3,3,3,5,4,5,4,3,3
2.51,2.4,0.9333333333333333,10,2,2,2,2,3,2,1,4,4,2
4.49,4.4,0.26666666666666666,10,4,4,4,5,5,5,4,5,4,4
3.9,3.9,0.7666666666666666,10,5,5,3,4,3,3,5,4,4,3
4.45,4.2,0.6222222222222222,10,4,5,4,4,5,3,4,5,3,5
3.13,3.2,0.39999999999999997,10,3,2,3,4,4,3,3,3,4,3
3.3,3.3,0.23333333333333334,10,3,3,4,3,4,3,4,3,3,3
3.61,3.9,1.655555555555556,10,5,5,1,4,5,3,5,4,4,3
4.37,3.9,0.5444444444444444,10,4,3,4,5,4,3,3,5,4,4
3.79,4.0,0.6666666666666666,10,5,4,5,4,3,5,4,3,4,3
2.83,3.0,1.1111111111111112,10,2,3,5,3,2,2,4,3,2,4
2.7,3.4,0.7111111111111112,10,2,3,4,4,2,4,4,3,4,4
2.91,3.0,0.6666666666666666,10,2,4,3,3,3,3,4,2,4,2
4.49,4.5,0.5,10,5,5,5,5,3,4,4,5,5,4
3.39,3.0,0.6666666666666666,10,3,4,3,3,3,3,3,3,4,1
4.59,4.7,0.4555555555555555,10,5,5,5,5,5,4,5,5,5,3
3.3,3.4,1.3777777777777775,10,2,3,2,2,5,4,4,5,4,3
4.970000000000001,4.9,0.09999999999999996,10,4,5,5,5,5,5,5,5,5,5
4.86,4.9,0.09999999999999999,10,5,5,5,5,5,5,5,5,5,4
4.58,4.8,0.17777777777777773,10,5,5,4,4,5,5,5,5,5,5
4.14,4.5,0.5,10,5,4,5,4,5,4,5,5,3,5
4.5600000000000005,4.4,0.48888888888888893,10,5,4,5,5,4,5,5,4,3,4
4.43,4.4,0.9333333333333331,10,5,5,2,4,5,5,5,4,5,4
4.25,4.5,0.2777777777777778,10,4,4,5,4,5,4,5,4,5,5
2.51,2.7,0.4555555555555555,10,2,3,2,4,3,3,2,3,3,2
2.75,2.9,0.7666666666666666,10,3,4,2,3,1,3,4,3,3,3
4.02,4.1,0.3222222222222222,10,4,4,5,4,4,4,4,4,3,5
2.84,2.7,0.6777777777777777,10,2,2,3,2,3,3,4,2,2,4
4.86,4.9,0.09999999999999998,10,5,5,4,5,5,5,5,5,5,5
2.03,2.1,0.9888888888888889,10,4,1,2,1,3,1,2,3,2,2
2.33,1.9,0.7666666666666666,10,2,1,3,2,1,3,1,3,2,1
1.82,1.8,0.4000000000000001,10,1,2,1,1,2,2,2,3,2,2
3.35,3.2,0.8444444444444444,10,3,4,2,4,3,2,4,2,4,4
2.68,3.1,0.7666666666666666,10,3,2,3,3,4,3,5,3,2,3
3.52,3.6,0.9333333333333336,10,4,4,3,4,5,3,5,3,3,2
3.74,3.3,1.3444444444444443,10,5,3,3,2,4,4,3,1,4,4
2.14,2.2,0.8444444444444444,10,2,3,1,2,3,3,1,3,1,3
3.48,3.5,0.9444444444444444,10,5,2,3,4,3,5,3,3,3,4
3.14,4.1,0.3222222222222222,10,4,4,4,5,4,3,5,4,4,4
4.68,4.5,0.5,10,5,5,3,5,5,5,4,5,4,4
4.74,4.9,0.09999999999999999,10,5,5,5,5,5,5,5,5,4,5
1.87,2.1,0.5444444444444444,10,2,2,2,3,3,1,3,1,2,2
4.05,4.0,0.8888888888888888,10,3,3,3,5,4,3,5,5,5,4
2.37,2.8,1.288888888888889,10,4,3,4,2,2,2,1,4,2,4
4.55,4.1,0.7666666666666666,10,5,5,5,4,3,3,3,4,5,4
3.34,3.1,1.4333333333333336,10,5,1,4,4,2,3,4,3,3,2
4.04,4.3,0.4555555555555555,10,4,4,5,5,4,4,5,5,3,4
1.46,1.5,0.5,10,1,3,1,2,2,1,1,2,1,1
4.14,4.3,0.8999999999999999,10,5,5,3,3,5,5,5,4,3,5
3.68,3.1,0.9888888888888889,10,3,5,3,2,2,3,2,4,3,4
1.1800000000000002,1.2,0.1777777777777778,10,1,1,1,1,2,1,2,1,1,1
4.64,4.5,0.2777777777777778,10,5,4,5,5,4,4,5,4,5,4
4.4,4.4,0.48888888888888893,10,4,5,5,5,4,5,4,3,4,5
2.87,2.8,1.5111111111111113,10,4,3,2,2,2,2,1,3,5,4
2.02,2.2,0.39999999999999997,10,1,2,2,2,2,2,3,3,2,3
1.81,1.5,0.5,10,2,1,3,1,1,2,1,1,2,1
1.26,1.3,0.23333333333333334,10,1,1,2,2,1,1,1,2,1,1
3.3,3.5,0.7222222222222222,10,5,2,3,4,3,4,4,4,3,3
2.58,2.6,0.7111111111111111,10,3,2,3,2,3,4,3,2,3,1
1.61,1.6,0.48888888888888893,10,2,2,1,2,1,2,3,1,1,1
1.26,1.0,0.0,10,1,1,1,1,1,1,1,1,1,1
1.93,2.0,0.8888888888888888,10,3,3,1,1,3,1,1,2,2,3
1.09,1.2,0.17777777777777784,10,2,2,1,1,1,1,1,1,1,1
1.7,1.7,0.6777777777777778,10,3,1,2,1,3,2,1,2,1,1
4.42,4.5,0.5,10,5,4,3,5,4,5,4,5,5,5
3.41,4.0,0.4444444444444444,10,4,4,3,4,3,4,5,4,4,5
3.05,2.7,0.6777777777777777,10,2,4,2,2,2,2,3,3,4,3
2.84,2.6,0.48888888888888904,10,2,2,2,4,3,2,3,2,3,3
3.39,3.9,0.32222222222222224,10,4,3,4,4,4,5,4,3,4,4
2.8600000000000003,3.1,0.7666666666666666,10,3,4,4,3,2,3,4,2,2,4
1.82,1.8,0.8444444444444446,10,2,2,1,1,2,1,4,2,2,1
3.06,2.3,0.4555555555555555,10,2,3,2,3,2,3,2,1,2,3
3.08,2.7,0.4555555555555555,10,2,3,4,2,3,3,2,3,2,3
4.220000000000001,4.3,0.8999999999999999,10,5,5,5,4,4,5,4,5,4,2
1.3,1.6,0.48888888888888904,10,3,1,2,1,1,2,2,1,1,2
4.99,4.9,0.09999999999999996,10,4,5,5,5,5,5,5,5,5,5
3.55,3.6,0.48888888888888904,10,5,3,4,3,4,3,3,4,3,4
3.62,3.9,0.9888888888888889,10,4,3,5,4,2,4,5,5,4,3
1.55,1.3,0.23333333333333334,10,1,1,1,1,1,1,2,1,2,2
4.36,4.4,0.26666666666666666,10,5,4,4,4,4,4,5,5,4,5
1.5,1.3,0.23333333333333334,10,1,2,1,1,2,2,1,1,1,1
3.82,4.0,0.6666666666666666,10,3,5,5,5,4,4,3,4,4,3
2.07,2.0,0.8888888888888888,10,1,2,1,4,2,2,2,1,2,3
4.34,4.6,0.26666666666666666,10,5,4,4,5,4,5,4,5,5,5
1.32,1.4,0.2666666666666667,10,2,1,1,1,1,1,2,2,1,2
4.3100000000000005,4.0,0.8888888888888888,10,5,4,4,5,4,4,5,2,4,3
4.64,4.8,0.17777777777777773,10,5,5,5,5,4,5,5,4,5,5
4.11,4.4,0.711111111111111,10,5,3,3,5,5,4,5,5,4,5
2.85,2.9,1.2111111111111112,10,1,4,4,2,2,3,4,2,4,3
3.85,4.4,0.26666666666666666,10,4,5,4,4,4,5,5,5,4,4
4.0600000000000005,3.9,0.9888888888888889,10,5,4,5,5,2,4,4,3,3,4
3.05,2.7,0.4555555555555555,10,3,2,3,2,3,2,4,2,3,3
3.78,4.0,0.6666666666666666,10,4,5,3,4,3,5,5,4,3,4
3.5,4.0,0.8888888888888888,10,4,5,5,3,3,3,5,3,5,4
3.2,2.8,0.8444444444444444,10,2,2,4,3,3,2,2,4,2,4
1.66,1.8,0.8444444444444446,10,2,4,2,1,2,1,1,2,1,2
3.27,3.1,0.9888888888888889,10,2,3,3,4,2,2,3,5,3,4
4.03,4.3,0.4555555555555555,10,5,4,4,5,4,4,5,5,3,4
1.44,1.2,0.1777777777777778,10,1,1,1,1,2,1,1,1,2,1
3.62,3.8,1.0666666666666669,10,4,5,4,5,5,3,2,4,3,3
2.84,3.0,1.3333333333333333,10,2,3,2,3,3,5,4,4,1,3
1.6,1.6,0.48888888888888904,10,2,3,1,2,1,2,1,1,2,1
1.02,1.0,0.0,10,1,1,1,1,1,1,1,1,1,1
1.08,1.2,0.1777777777777778,10,1,1,1,2,1,1,1,1,2,1
1.03,1.0,0.0,10,1,1,1,1,1,1,1,1,1,1
3.57,3.9,0.9888888888888889,10,4,2,4,3,5,4,4,5,3,5
3.1100000000000003,2.8,0.8444444444444444,10,2,4,3,3,3,3,1,4,2,3
4.36,4.5,0.5,10,4,4,5,5,3,5,5,5,5,4
1.41,1.4,0.48888888888888893,10,2,1,1,2,1,1,1,1,1,3
4.720000000000001,4.6,0.4888888888888888,10,5,5,4,3,4,5,5,5,5,5
3.76,3.4,0.7111111111111112,10,4,3,4,2,4,4,4,2,3,4
3.8,4.0,0.2222222222222222,10,4,3,4,4,4,4,4,4,4,5
1.86,1.5,0.5,10,3,2,2,1,1,1,2,1,1,1
4.85,4.9,0.09999999999999998,10,5,5,4,5,5,5,5,5,5,5
2.58,2.2,0.6222222222222222,10,3,2,2,3,1,3,2,2,3,1
3.12,3.1,1.2111111111111112,10,3,4,4,4,4,3,4,2,1,2
3.93,4.1,0.5444444444444444,10,4,5,4,4,4,3,3,5,4,5
4.36,4.1,0.9888888888888889,10,3,5,3,5,3,5,5,3,4,5
3.61,3.4,1.822222222222222,10,3,2,5,5,1,5,3,3,3,4
4.9,4.9,0.09999999999999998,10,5,5,5,4,5,5,5,5,5,5
3.47,4.1,0.3222222222222222,10,5,4,4,4,4,4,5,4,3,4
3.41,3.2,1.5111111111111113,10,2,5,5,4,3,2,3,2,4,2
2.75,2.6,0.9333333333333336,10,4,3,2,2,2,3,2,4,1,3
3.74,4.2,0.39999999999999997,10,5,4,4,4,5,4,3,5,4,4
2.06,2.0,0.4444444444444444,10,2,1,2,2,3,3,2,2,2,1
2.24,2.4,0.7111111111111111,10,2,2,3,2,2,3,1,2,3,4
3.99,4.0,0.8888888888888888,10,2,5,4,5,5,4,4,4,3,4
4.64,4.4,0.711111111111111,10,3,5,5,5,5,4,3,5,4,5
2.88,2.6,0.9333333333333336,10,2,1,2,2,3,4,3,2,4,3
2.01,2.0,0.4444444444444444,10,2,1,2,2,2,3,2,3,1,2
3.76,3.7,1.1222222222222222,10,5,5,2,3,4,4,4,2,4,4
1.3,1.8,0.8444444444444446,10,2,1,2,1,2,1,4,2,1,2
2.76,2.8,0.6222222222222222,10,3,4,2,3,2,3,2,2,4,3
1.77,1.5,0.5,10,3,1,2,1,1,2,1,1,1,2
4.0600000000000005,4.2,0.6222222222222222,10,4,4,5,4,3,5,3,4,5,5
3.01,2.9,0.7666666666666667,10,3,2,2,3,2,3,3,3,3,5
1.75,1.4,0.2666666666666667,10,1,1,1,2,2,1,1,2,1,2
2.6,3.2,0.6222222222222222,10,2,3,4,4,2,3,4,3,3,4
4.3100000000000005,4.2,0.39999999999999997,10,4,4,5,4,4,3,4,5,4,5
3.53,3.3,0.8999999999999999,10,2,4,3,3,3,4,5,2,4,3
3.18,3.0,0.8888888888888888,10,2,3,2,4,3,2,4,2,4,4
4.2700000000000005,4.3,0.6777777777777777,10,5,3,3,5,5,4,4,4,5,5
2.54,2.3,0.6777777777777777,10,2,3,2,2,1,2,2,3,2,4
4.21,3.9,0.7666666666666666,10,4,3,5,4,5,5,3,3,4,3
2.43,2.4,0.48888888888888893,10,3,2,3,2,2,2,4,2,2,2
4.04,3.9,1.2111111111111112,10,5,4,2,4,5,4,2,4,5,4
4.1,4.2,0.6222222222222222,10,5,5,4,4,3,5,3,5,4,4
2.01,2.2,0.39999999999999997,10,3,1,2,2,2,2,2,2,3,3
4.91,5.0,0.0,10,5,5,5,5,5,5,5,5,5,5
1.95,1.7,0.8999999999999999,10,1,2,4,1,1,2,1,1,2,2
3.67,3.8,1.0666666666666667,10,4,3,3,5,3,2,4,5,5,4
4.57,4.9,0.09999999999999996,10,4,5,5,5,5,5,5,5,5,5
3.01,3.1,0.7666666666666666,10,3,3,3,2,4,3,5,3,2,3
2.7,2.9,1.2111111111111112,10,1,4,2,2,3,4,4,2,4,3
3.99,4.0,0.4444444444444444,10,5,4,4,4,3,5,3,4,4,4
4.7,4.8,0.17777777777777773,10,4,5,5,5,5,5,5,4,5,5
4.13,4.0,0.6666666666666666,10,2,4,5,5,4,4,4,4,4,4
3.97,4.3,0.23333333333333334,10,4,4,4,5,5,4,4,4,4,5
2.49,3.3,0.6777777777777777,10,4,5,3,3,3,4,3,3,2,3
2.73,2.7,0.6777777777777777,10,2,2,2,3,3,4,3,2,4,2
1.74,2.1,0.9888888888888887,10,3,3,1,3,1,1,3,3,1,2
3.68,4.0,0.8888888888888888,10,5,3,4,4,5,3,3,3,5,5
2.95,2.6,0.9333333333333333,10,2,4,3,2,4,3,2,1,3,2
2.31,2.3,0.4555555555555555,10,2,2,3,1,2,2,3,3,2,3
2.81,2.5,0.7222222222222222,10,3,2,2,2,2,3,3,4,1,3
1.8,1.7,0.4555555555555556,10,2,1,2,2,1,2,1,3,2,1
1.45,1.7,0.6777777777777778,10,1,2,1,1,1,3,2,3,2,1
3.38,3.5,1.1666666666666667,10,4,3,2,2,5,5,3,3,4,4
3.55,2.9,1.4333333333333333,10,4,4,2,3,1,4,3,1,3,4
3.54,4.0,0.6666666666666666,10,4,5,5,3,3,5,4,3,4,4
3.74,3.4,1.3777777777777778,10,3,3,3,4,5,3,3,1,4,5
2.45,2.7,0.6777777777777777,10,2,2,3,4,2,3,2,4,2,3
1.6,1.5,0.2777777777777778,10,1,2,2,1,1,2,1,2,2,1
2.46,2.9,0.9888888888888887,10,2,2,3,2,3,5,3,3,2,4
3.58,3.3,1.1222222222222222,10,5,4,2,4,3,4,4,2,2,3
2.68,2.1,0.9888888888888889,10,4,2,2,1,1,2,1,3,2,3
4.62,4.6,0.9333333333333331,10,5,5,5,2,5,5,5,4,5,5
2.7,2.4,0.2666666666666667,10,2,2,2,3,2,2,3,3,2,3
2.72,2.9,1.877777777777778,10,1,2,2,5,4,3,1,4,4,3
3.19,3.1,0.9888888888888889,10,2,4,3,3,2,3,4,3,2,5
4.39,4.5,0.7222222222222222,10,5,4,5,5,5,5,3,3,5,5
1.54,1.5,0.7222222222222222,10,1,2,1,1,1,1,3,1,1,3
2.28,2.3,1.3444444444444443,10,4,1,4,1,2,3,1,3,2,2
1.66,1.6,0.48888888888888893,10,2,2,1,1,2,2,1,1,3,1
4.4,4.8,0.17777777777777773,10,5,5,4,5,4,5,5,5,5,5
3.5,3.4,0.9333333333333336,10,2,5,3,3,2,4,4,4,4,3
3.46,3.1,0.9888888888888889,10,2,2,3,4,2,4,2,4,4,4
1.15,1.0,0.0,10,1,1,1,1,1,1,1,1,1,1
2.91,3.0,0.6666666666666666,10,2,3,4,2,3,2,3,4,3,4
1.67,1.6,0.2666666666666667,10,2,1,2,2,2,1,2,1,2,1
1.96,1.5,0.5,10,2,1,1,1,1,2,1,1,2,3
3.33,3.0,0.6666666666666666,10,2,4,3,2,3,2,4,3,3,4
4.0600000000000005,4.0,0.2222222222222222,10,4,4,4,3,4,4,4,4,4,5
4.16,4.4,0.711111111111111,10,5,5,5,5,3,5,4,4,5,3
1.34,1.3,0.23333333333333334,10,1,1,2,1,1,1,1,1,2,2
4.32,4.3,0.4555555555555556,10,4,5,5,5,4,5,3,4,4,4
3.04,3.0,0.6666666666666666,10,4,3,4,2,4,2,3,3,3,2
4.8,4.9,0.09999999999999998,10,5,5,5,5,5,4,5,5,5,5
3.23,2.2,0.6222222222222222,10,2,2,3,2,3,2,3,3,1,1
4.32,4.3,0.6777777777777777,10,5,5,3,5,5,3,5,4,4,4
3.51,3.4,0.9333333333333333,10,5,3,4,3,4,4,2,3,2,4
2.22,2.5,0.7222222222222222,10,3,3,1,2,3,3,1,3,3,3
2.35,2.1,0.9888888888888887,10,3,4,2,3,1,2,2,1,1,2
1.76,2.0,0.4444444444444444,10,2,2,1,2,3,2,2,3,1,2
1.37,1.4,0.2666666666666667,10,1,1,1,2,2,1,2,1,1,2
4.17,4.6,0.4888888888888888,10,5,5,4,5,5,3,5,4,5,5
2.77,2.8,1.2888888888888892,10,2,2,3,1,3,5,3,4,2,3
2.34,2.0,0.4444444444444444,10,2,3,1,2,1,3,2,2,2,2
3.48,3.5,0.9444444444444444,10,2,4,3,3,3,3,5,4,3,5
3.63,3.3,1.3444444444444443,10,2,3,4,5,4,4,3,4,3,1
3.72,3.8,0.39999999999999997,10,3,5,4,4,4,3,4,4,4,3
3.17,3.1,0.9888888888888889,10,2,2,3,3,4,2,5,3,4,3
3.05,3.5,0.5,10,3,4,3,5,3,3,4,4,3,3
4.2700000000000005,4.4,0.4888888888888888,10,4,3,5,5,5,5,4,5,4,4
3.79,4.0,0.6666666666666666,10,4,5,5,4,4,3,4,3,5,3
2.98,2.5,0.9444444444444444,10,3,2,1,3,4,3,3,1,3,2
2.96,3.2,0.39999999999999997,10,3,3,4,3,2,3,4,4,3,3
2.34,2.6,0.9333333333333333,10,2,3,2,3,4,2,2,1,4,3
3.58,3.3,0.4555555555555555,10,3,3,3,3,4,4,2,3,4,4
1.42,1.4,0.9333333333333333,10,1,2,1,1,1,1,1,1,1,4
4.1,4.1,0.5444444444444444,10,4,5,3,4,5,4,3,4,4,5
2.79,2.8,0.8444444444444444,10,2,3,3,2,3,4,3,4,3,1
3.68,3.9,0.9888888888888889,10,5,5,4,4,4,3,4,3,5,2
2.03,1.8,0.1777777777777778,10,2,2,1,2,1,2,2,2,2,2
2.07,1.9,1.2111111111111112,10,1,3,1,1,3,2,4,1,2,1
2.14,2.5,1.1666666666666667,10,2,4,4,2,3,2,1,3,3,1
1.65,1.7,0.6777777777777777,10,3,1,1,1,2,3,2,2,1,1
1.54,1.6,0.48888888888888904,10,1,1,3,1,2,2,2,2,1,1
1.84,1.7,0.8999999999999999,10,1,2,2,1,4,1,1,2,2,1
2.96,3.0,0.4444444444444444,10,3,3,3,4,3,3,3,4,2,2
4.89,4.9,0.09999999999999999,10,5,5,5,5,5,5,4,5,5,5
1.96,2.1,0.3222222222222223,10,2,2,1,2,3,2,3,2,2,2
1.91,2.3,0.23333333333333334,10,2,2,3,2,3,2,2,2,3,2
1.49,1.1,0.1,10,1,1,1,1,1,1,1,1,2,1
2.79,2.9,1.2111111111111112,10,4,5,4,2,3,2,3,2,2,2
3.23,3.5,1.1666666666666667,10,2,4,2,3,4,5,4,3,5,3
1.55,1.7,0.6777777777777777,10,2,1,2,1,1,3,2,1,1,3
3.26,2.8,1.066666666666667,10,4,3,1,1,3,4,3,3,3,3
1.98,2.0,0.8888888888888888,10,2,2,2,4,3,2,1,1,1,2
4.37,4.2,0.6222222222222222,10,4,5,5,5,5,4,3,4,4,3
3.39,2.9,0.7666666666666665,10,4,2,2,2,4,3,3,3,2,4
2.5,2.7,0.8999999999999999,10,4,1,2,3,3,2,2,3,4,3
1.13,1.3,0.23333333333333334,10,1,1,1,2,1,2,1,1,1,2
1.35,1.3,0.23333333333333334,10,1,2,1,1,1,1,1,2,2,1
2.83,3.0,0.8888888888888888,10,3,4,4,3,3,2,1,3,3,4
1.13,1.0,0.0,10,1,1,1,1,1,1,1,1,1,1
4.39,4.6,0.26666666666666666,10,5,4,5,5,5,4,4,5,4,5
2.73,2.2,0.6222222222222222,10,3,3,2,2,3,1,3,1,2,2
2.6,3.2,0.8444444444444444,10,3,3,4,2,3,5,4,3,3,2
1.9,1.6,0.2666666666666667,10,1,2,2,1,2,2,1,1,2,2
3.32,3.1,1.4333333333333331,10,5,3,4,4,2,4,3,3,1,2
2.49,2.7,1.1222222222222222,10,3,2,3,3,1,3,2,3,2,5
4.779999999999999,4.8,0.17777777777777773,10,4,5,5,4,5,5,5,5,5,5
4.63,4.6,0.4888888888888888,10,5,5,5,3,5,4,5,5,5,4
3.56,3.5,1.1666666666666667,10,4,3,3,2,2,3,5,4,4,5
4.24,3.5,1.8333333333333333,10,5,3,3,4,4,1,2,5,3,5
2.17,2.1,1.4333333333333333,10,2,2,2,2,1,1,2,3,1,5
1.33,1.3,0.23333333333333334,10,1,2,1,1,1,1,2,1,2,1
2.09,2.0,0.8888888888888888,10,2,2,1,2,1,1,3,2,4,2
3.05,3.2,0.8444444444444444,10,3,3,4,2,4,2,2,4,4,4
3.0,3.1,0.9888888888888889,10,3,5,4,2,3,3,3,2,2,4
3.76,3.6,0.9333333333333333,10,4,4,3,3,3,2,3,5,4,5
1.48,1.5,0.5,10,3,1,1,2,1,2,1,2,1,1
4.4,4.4,0.48888888888888893,10,4,5,4,4,5,5,5,3,5,4
4.79,4.8,0.17777777777777776,10,5,5,5,5,5,5,4,5,5,4
1.68,2.3,0.6777777777777777,10,2,2,2,1,4,2,3,2,3,2
2.62,2.5,0.7222222222222222,10,3,2,4,3,2,2,2,1,3,3
4.2,4.2,0.39999999999999997,10,5,4,5,4,4,4,4,4,5,3
2.45,2.6,1.155555555555556,10,2,3,2,1,2,2,3,5,3,3
4.13,4.3,1.1222222222222222,10,5,3,5,5,2,4,5,5,4,5
1.21,1.4,0.48888888888888915,10,1,3,1,1,1,1,1,2,1,2
3.84,3.6,0.9333333333333333,10,3,3,5,5,4,4,2,3,3,4
4.779999999999999,4.8,0.17777777777777773,10,5,5,4,5,4,5,5,5,5,5
4.89,5.0,0.0,10,5,5,5,5,5,5,5,5,5,5
1.45,1.2,0.1777777777777778,10,1,1,1,2,2,1,1,1,1,1
2.05,2.1,0.5444444444444445,10,1,2,3,2,2,1,2,3,2,3
3.37,3.7,0.8999999999999999,10,3,5,5,3,3,3,3,4,5,3
4.83,4.9,0.09999999999999998,10,5,5,5,4,5,5,5,5,5,5
2.76,2.3,1.5666666666666667,10,2,1,1,1,3,3,4,1,3,4
2.67,2.9,0.5444444444444444,10,3,3,3,4,3,2,3,4,2,2
1.49,1.1,0.1,10,1,1,1,1,1,1,1,1,1,2
1.27,1.1,0.1,10,1,1,1,1,1,1,1,1,2,1
2.96,3.1,0.5444444444444444,10,3,4,3,4,4,3,2,2,3,3
3.35,3.2,1.7333333333333334,10,1,4,5,3,4,3,2,3,5,2
4.38,4.6,0.4888888888888888,10,5,5,4,5,4,5,5,3,5,5
1.41,1.5,0.5,10,2,1,1,1,1,2,1,1,3,2
1.55,1.6,0.7111111111111112,10,1,1,1,3,3,1,1,2,1,2
4.6,4.8,0.17777777777777773,10,4,5,4,5,5,5,5,5,5,5
2.3,2.1,0.9888888888888887,10,3,3,2,4,1,2,1,1,2,2
1.16,1.0,0.0,10,1,1,1,1,1,1,1,1,1,1
2.57,2.5,0.5,10,2,3,2,3,3,3,3,3,2,1
3.58,3.0,1.3333333333333333,10,3,3,4,3,3,2,1,5,4,2
1.24,1.2,0.17777777777777784,10,2,1,1,1,2,1,1,1,1,1
1.17,1.2,0.17777777777777784,10,1,2,1,1,2,1,1,1,1,1
3.63,3.8,0.8444444444444444,10,2,4,4,5,3,5,4,4,4,3
2.54,2.5,1.3888888888888888,10,2,1,2,3,1,3,3,3,2,5
1.38,1.3,0.23333333333333334,10,2,1,1,2,1,1,2,1,1,1
4.65,4.5,0.7222222222222222,10,5,4,3,5,5,5,5,5,5,3
2.3,1.9,0.5444444444444444,10,2,2,3,1,1,1,2,3,2,2
1.35,1.2,0.4,10,1,1,1,1,1,1,1,1,3,1
2.15,1.6,0.9333333333333333,10,4,1,2,2,1,1,2,1,1,1
3.73,3.8,1.0666666666666669,10,5,3,5,3,4,4,4,2,3,5
1.56,1.3,0.45555555555555544,10,3,1,1,1,1,1,1,2,1,1
1.47,1.4,0.2666666666666667,10,2,1,2,1,1,2,1,1,1,2
4.37,4.3,0.4555555555555555,10,4,5,4,4,3,5,4,5,5,4
1.91,1.9,0.7666666666666666,10,3,2,1,1,1,2,3,3,1,2
1.99,2.7,1.1222222222222222,10,3,2,4,3,2,2,2,1,4,4
1.85,1.6,0.48888888888888893,10,2,1,1,2,2,1,1,2,3,1
2.01,1.6,0.48888888888888893,10,2,2,1,1,1,3,1,1,2,2
3.55,3.6,1.6,10,2,4,5,5,2,5,4,2,3,4
4.92,5.0,0.0,10,5,5,5,5,5,5,5,5,5,5
4.09,4.5,0.5,10,4,4,5,5,4,3,5,5,5,5
4.69,4.5,0.5,10,4,4,4,5,5,5,5,5,5,3
3.82,4.3,0.4555555555555555,10,5,4,5,4,4,3,5,4,4,5
1.58,1.6,0.2666666666666667,10,1,1,1,2,2,2,2,1,2,2
2.67,2.4,0.7111111111111112,10,3,3,3,2,4,2,2,1,2,2
2.23,2.2,1.2888888888888892,10,3,1,4,3,3,3,1,1,1,2
3.95,4.0,0.2222222222222222,10,5,4,4,4,4,4,4,4,3,4
3.43,3.7,0.8999999999999999,10,2,5,3,3,5,4,3,4,4,4
3.8,3.8,0.17777777777777773,10,3,3,4,4,4,4,4,4,4,4
4.55,4.6,0.4888888888888888,10,5,5,4,5,4,3,5,5,5,5
1.57,1.4,0.2666666666666667,10,1,1,1,2,1,2,1,2,1,2
3.21,2.4,1.8222222222222224,10,1,1,2,2,1,3,4,2,3,5
4.48,4.4,0.2666666666666667,10,5,4,4,5,5,4,4,4,5,4
2.83,3.1,0.5444444444444446,10,4,2,3,3,3,4,3,4,3,2
4.970000000000001,5.0,0.0,10,5,5,5,5,5,5,5,5,5,5
3.02,2.7,1.788888888888889,10,5,1,4,2,3,2,4,3,2,1
1.86,1.7,0.6777777777777778,10,1,2,3,1,3,1,1,1,2,2
3.53,3.9,0.5444444444444444,10,4,4,4,4,5,5,3,3,4,3
3.59,3.9,0.5444444444444444,10,5,3,4,3,4,4,5,4,3,4
3.49,3.7,0.4555555555555555,10,5,4,3,3,3,4,3,4,4,4
1.87,2.2,1.0666666666666669,10,2,3,1,2,4,2,1,3,3,1
1.55,1.9,0.7666666666666667,10,1,2,3,2,1,2,1,1,3,3
1.81,1.9,0.7666666666666666,10,2,1,2,2,2,1,2,1,4,2
1.5,1.8,0.6222222222222222,10,1,1,1,2,3,3,2,2,2,1
4.13,4.5,0.5,10,5,5,5,4,3,4,4,5,5,5
3.47,3.4,1.377777777777778,10,4,4,5,4,2,3,4,4,1,3
4.49,4.5,0.2777777777777778,10,5,5,4,5,5,4,4,5,4,4
4.6,4.6,0.26666666666666666,10,5,5,5,5,5,5,4,4,4,4
1.16,1.1,0.09999999999999999,10,1,2,1,1,1,1,1,1,1,1
4.63,4.5,0.5,10,4,5,5,5,3,5,5,5,4,4
1.08,1.3,0.4555555555555555,10,1,1,1,2,1,1,1,1,1,3
3.16,2.7,1.3444444444444443,10,4,1,2,3,2,3,2,2,5,3
4.16,4.1,0.5444444444444444,10,5,5,3,4,4,4,4,4,5,3
1.81,2.1,0.7666666666666665,10,3,1,4,2,1,2,2,2,2,2
2.72,2.8,0.39999999999999997,10,2,2,3,3,3,3,3,4,3,2
1.01,1.0,0.0,10,1,1,1,1,1,1,1,1,1,1
1.46,1.1,0.1,10,1,1,1,1,1,1,1,1,1,2
3.77,3.5,0.5,10,3,4,4,3,5,3,3,3,3,4
4.73,4.7,0.4555555555555555,10,5,5,3,5,5,5,4,5,5,5
1.06,1.0,0.0,10,1,1,1,1,1,1,1,1,1,1
1.82,2.2,0.8444444444444444,10,2,2,2,3,4,1,2,2,3,1
3.86,3.8,0.6222222222222222,10,4,4,4,5,4,4,2,4,4,3
4.98,5.0,0.0,10,5,5,5,5,5,5,5,5,5,5
3.46,3.4,0.9333333333333333,10,3,3,5,3,5,3,2,3,3,4
3.03,3.1,0.5444444444444443,10,3,2,3,3,2,4,4,3,3,4
2.6100000000000003,2.6,0.9333333333333331,10,3,3,2,2,3,2,2,5,2,2
4.23,4.0,0.8888888888888888,10,4,5,5,4,2,4,5,3,4,4
3.04,2.6,0.7111111111111114,10,3,1,4,3,2,3,3,2,3,2
4.48,4.0,0.6666666666666666,10,5,4,3,4,4,4,3,3,5,5
2.53,2.4,1.155555555555556,10,3,2,1,2,3,4,2,1,2,4
3.59,3.6,0.9333333333333333,10,5,3,4,3,4,5,3,2,3,4
2.93,3.1,1.2111111111111112,10,3,4,3,4,2,4,2,4,1,4
3.71,3.2,0.39999999999999997,10,4,3,3,3,2,3,4,3,4,3
3.92,4.2,0.39999999999999997,10,4,3,4,4,5,5,4,4,4,5
4.220000000000001,4.4,0.4888888888888888,10,5,5,5,4,3,5,5,4,4,4
4.05,3.6,1.1555555555555557,10,2,4,4,2,4,3,5,3,5,4
3.01,2.6,0.7111111111111112,10,2,4,2,2,3,3,4,2,2,2
1.26,1.4,0.9333333333333333,10,2,1,1,1,1,4,1,1,1,1
3.1,3.1,0.9888888888888889,10,3,4,1,2,3,4,4,3,4,3
3.71,3.2,0.8444444444444444,10,2,3,5,4,2,3,3,3,3,4
3.1100000000000003,2.8,0.6222222222222222,10,2,2,3,4,4,3,3,2,2,3
3.2,3.0,1.5555555555555556,10,3,4,1,3,4,1,5,3,3,3
1.14,1.3,0.23333333333333334,10,2,1,1,1,1,1,2,1,2,1
3.14,3.1,0.5444444444444443,10,3,3,2,4,4,2,4,3,3,3
2.84,2.6,0.9333333333333333,10,3,3,3,2,4,2,2,1,2,4
1.99,2.3,1.1222222222222222,10,3,3,1,3,1,4,3,2,2,1
3.01,2.9,0.5444444444444445,10,2,3,2,3,4,3,3,3,2,4
1.86,2.2,0.8444444444444444,10,3,1,3,2,3,1,3,3,2,1
3.81,3.3,0.6777777777777777,10,4,4,2,4,3,4,3,4,3,2
2.02,1.8,0.6222222222222222,10,2,1,2,1,1,3,1,3,2,2
2.1,2.2,0.8444444444444444,10,3,3,1,2,2,3,1,1,3,3
3.3600000000000003,3.4,1.822222222222222,10,1,4,4,5,2,4,3,4,2,5
1.31,1.4,0.48888888888888915,10,1,3,2,1,1,1,1,2,1,1
4.87,4.8,0.17777777777777773,10,5,5,5,5,4,5,5,4,5,5
4.84,4.7,0.23333333333333334,10,5,5,5,4,5,4,5,4,5,5
3.39,3.5,0.5,10,4,3,3,3,4,4,4,4,2,4
1.65,1.4,0.2666666666666667,10,1,1,1,2,2,1,2,1,2,1
4.36,4.2,0.39999999999999997,10,4,4,4,5,5,4,5,3,4,4
1.87,1.3,0.23333333333333334,10,2,1,1,1,2,1,1,2,1,1
1.47,1.4,0.2666666666666667,10,1,2,1,2,2,2,1,1,1,1
3.1100000000000003,2.8,0.6222222222222222,10,3,3,1,3,3,3,3,2,4,3
1.86,2.4,1.155555555555556,10,2,3,2,2,1,1,4,2,3,4
4.64,4.5,0.2777777777777778,10,5,4,5,4,4,4,5,5,4,5
3.66,3.2,0.8444444444444444,10,3,3,3,4,3,3,5,2,4,2
3.7,3.9,0.5444444444444444,10,3,4,5,3,4,5,3,4,4,4
4.79,4.8,0.17777777777777773,10,4,5,5,5,5,5,5,4,5,5
1.78,2.3,1.1222222222222222,10,2,4,3,3,3,1,3,1,2,1
3.63,3.6,0.9333333333333333,10,5,4,4,3,3,4,3,2,5,3
1.17,1.3,0.23333333333333334,10,2,1,1,1,2,1,1,1,1,2
2.14,2.4,1.5999999999999999,10,4,5,1,1,2,3,2,2,2,2
4.92,4.9,0.09999999999999998,10,5,5,5,4,5,5,5,5,5,5
3.33,3.0,0.6666666666666666,10,5,3,3,3,3,2,3,2,3,3
4.12,4.2,0.39999999999999997,10,5,4,4,4,5,3,4,4,5,4
1.13,1.1,0.09999999999999999,10,1,1,1,1,1,2,1,1,1,1
3.76,3.2,1.0666666666666667,10,3,5,4,2,4,2,3,4,2,3
4.73,4.7,0.23333333333333334,10,5,5,5,5,5,4,4,4,5,5
3.4,3.4,0.9333333333333333,10,2,2,4,5,4,4,4,3,3,3
4.74,4.8,0.17777777777777773,10,5,4,5,5,5,4,5,5,5,5
1.08,1.1,0.09999999999999999,10,1,1,1,2,1,1,1,1,1,1
1.71,1.7,0.45555555555555544,10,2,3,1,1,2,1,2,1,2,2
2.93,3.4,0.9333333333333333,10,4,4,5,3,4,4,3,2,2,3
1.36,1.3,0.23333333333333334,10,1,2,1,1,1,2,1,1,1,2
2.3,2.6,0.48888888888888904,10,2,2,4,2,2,3,3,2,3,3
4.59,4.6,0.7111111111111109,10,5,5,3,5,5,5,5,5,3,5
1.46,1.4,0.48888888888888904,10,2,1,1,1,1,3,1,2,1,1
2.81,3.0,0.8888888888888888,10,3,2,3,3,4,2,2,5,3,3
1.35,1.2,0.1777777777777778,10,1,1,2,1,1,2,1,1,1,1
4.5200000000000005,4.6,0.2666666666666667,10,4,5,4,5,5,5,5,4,5,4
2.77,2.3,0.6777777777777777,10,3,1,2,2,3,2,2,4,2,2
2.24,3.0,0.8888888888888888,10,3,1,3,3,4,4,4,3,3,2
3.06,3.9,0.5444444444444445,10,4,4,5,3,4,4,5,4,3,3
1.1800000000000002,1.3,0.45555555555555544,10,2,1,3,1,1,1,1,1,1,1
3.67,4.0,0.6666666666666666,10,3,3,3,4,5,4,5,4,5,4
3.13,3.1,0.3222222222222222,10,3,3,3,2,3,3,3,3,4,4
1.48,1.2,0.1777777777777778,10,1,1,1,2,1,1,1,2,1,1
3.63,3.3,0.8999999999999999,10,2,4,3,3,3,4,5,2,4,3
4.29,4.5,0.2777777777777778,10,4,4,4,4,5,5,4,5,5,5
1.13,1.2,0.17777777777777784,10,1,2,1,1,1,2,1,1,1,1
4.15,4.2,0.8444444444444444,10,3,4,5,3,5,5,5,4,5,3
2.76,2.9,0.5444444444444444,10,3,3,2,3,4,2,3,2,4,3
2.78,2.9,0.9888888888888887,10,2,5,3,3,2,3,4,2,2,3
2.6,2.5,1.1666666666666667,10,2,1,3,4,2,3,4,2,1,3
2.49,2.3,0.8999999999999999,10,4,2,2,3,2,3,3,1,2,1
4.44,4.1,0.3222222222222222,10,4,3,4,5,4,4,5,4,4,4
3.97,3.6,1.8222222222222224,10,3,2,5,5,5,4,4,4,3,1
3.28,3.1,1.2111111111111112,10,4,3,4,3,3,3,2,3,5,1
2.64,2.9,0.9888888888888887,10,3,5,2,4,2,2,3,3,3,2
2.74,2.8,0.6222222222222222,10,2,2,3,4,3,3,3,2,4,2
1.82,2.6,0.7111111111111112,10,3,4,3,2,2,3,2,3,3,1
3.64,3.7,0.6777777777777777,10,4,4,4,3,3,4,4,5,2,4
3.18,2.8,1.5111111111111117,10,4,1,4,2,1,4,3,3,2,4
3.28,3.6,0.7111111111111112,10,4,4,5,4,3,3,4,4,3,2
3.82,3.7,0.8999999999999999,10,4,3,4,3,5,3,4,4,2,5
4.68,4.4,0.4888888888888888,10,4,4,4,5,3,5,5,5,5,4
3.9,3.7,0.6777777777777777,10,3,5,3,3,3,5,3,4,4,4
1.51,1.2,0.1777777777777778,10,1,1,2,1,1,1,1,1,2,1
3.78,4.0,0.4444444444444444,10,4,4,4,4,3,5,4,4,3,5
3.09,3.4,0.9333333333333336,10,3,5,4,4,4,4,3,2,2,3
2.51,2.7,0.6777777777777777,10,1,3,2,3,4,2,3,3,3,3
1.61,1.9,0.9888888888888889,10,2,2,3,4,1,1,1,1,2,2
4.55,4.2,0.6222222222222222,10,3,5,3,5,4,4,5,4,5,4
2.67,2.0,0.4444444444444444,10,1,2,2,3,2,2,2,2,3,1
2.06,2.4,1.1555555555555552,10,1,2,4,1,1,3,3,3,3,3
1.11,1.1,0.09999999999999999,10,1,1,1,1,2,1,1,1,1,1
1.42,1.2,0.1777777777777778,10,1,1,2,1,1,1,1,2,1,1
1.67,1.9,0.5444444444444445,10,2,1,3,2,2,2,1,3,1,2
2.37,2.5,1.6111111111111112,10,1,2,3,3,1,1,3,3,3,5
2.79,3.0,1.3333333333333333,10,2,4,3,5,3,3,3,1,2,4
2.36,2.4,0.48888888888888893,10,3,2,3,3,3,2,2,2,3,1
3.87,3.8,1.0666666666666669,10,3,4,4,5,5,2,4,5,3,3
2.07,1.8,0.6222222222222222,10,2,1,2,1,1,1,3,2,2,3
4.779999999999999,4.3,0.4555555555555555,10,4,4,5,5,3,4,4,4,5,5
1.88,1.8,0.8444444444444444,10,3,2,1,2,1,1,1,1,3,3
2.94,2.4,1.5999999999999996,10,3,1,5,3,3,1,2,1,3,2
3.84,3.8,1.5111111111111113,10,3,4,4,3,5,2,2,5,5,5
2.5,2.6,0.7111111111111111,10,2,3,2,2,2,2,4,2,4,3
1.38,1.5,0.2777777777777778,10,2,1,2,1,2,2,1,2,1,1
2.57,3.3,1.1222222222222222,10,4,2,3,4,2,5,2,3,4,4
4.64,4.8,0.17777777777777773,10,5,5,5,5,4,5,5,5,4,5
2.03,2.3,1.1222222222222222,10,3,4,3,1,2,3,3,1,1,2
3.28,3.5,1.3888888888888888,10,2,3,3,5,3,3,5,2,4,5
2.83,3.3,1.5666666666666667,10,5,4,2,1,3,3,5,3,4,3
4.32,4.5,0.9444444444444444,10,5,5,5,4,5,5,5,4,2,5
2.36,2.3,0.6777777777777777,10,2,2,3,4,2,2,1,3,2,2
1.41,1.3,0.45555555555555544,10,3,1,1,1,1,1,1,1,1,2
2.98,3.0,0.8888888888888888,10,3,3,4,3,1,4,2,4,3,3
2.38,2.7,0.8999999999999999,10,3,1,3,4,2,3,2,3,2,4
2.02,1.8,0.8444444444444446,10,1,1,2,3,3,3,1,1,2,1
2.93,2.7,0.8999999999999999,10,3,4,3,3,1,4,3,2,2,2
4.49,4.5,0.5,10,3,4,5,5,5,5,4,5,5,4
4.37,4.3,0.8999999999999999,10,4,5,4,4,2,4,5,5,5,5
3.09,3.0,0.6666666666666666,10,3,3,2,2,4,3,2,3,4,4
3.39,3.1,0.5444444444444445,10,3,4,4,3,3,3,4,3,2,2
1.79,1.4,0.2666666666666667,10,2,1,1,2,2,1,1,2,1,1
3.24,3.7,0.6777777777777777,10,4,4,5,3,4,3,5,3,3,3
1.13,1.0,0.0,10,1,1,1,1,1,1,1,1,1,1
4.92,4.8,0.17777777777777776,10,5,5,5,5,5,4,5,4,5,5
3.13,3.4,0.48888888888888893,10,3,4,4,3,4,2,4,3,3,4
4.17,4.6,0.48888888888888893,10,5,5,5,5,5,4,4,5,5,3
3.44,3.5,0.5,10,4,4,4,4,4,3,4,3,3,2
1.7,2.0,0.6666666666666666,10,2,2,2,2,1,1,2,4,2,2
3.97,4.1,0.9888888888888889,10,4,5,5,5,3,3,5,3,5,3
1.13,1.3,0.23333333333333334,10,2,1,1,1,1,1,2,1,1,2
2.19,2.6,0.7111111111111112,10,3,2,3,1,3,4,2,3,3,2
1.22,1.2,0.17777777777777778,10,1,1,1,1,1,1,2,1,1,2
2.26,2.2,0.8444444444444444,10,3,1,2,2,2,1,3,4,2,2
2.97,2.7,0.4555555555555555,10,3,2,4,3,3,2,3,2,2,3
1.76,2.3,0.8999999999999999,10,3,2,1,3,3,2,2,1,4,2
1.46,1.2,0.17777777777777778,10,1,1,1,1,1,1,1,2,2,1
2.11,2.1,0.7666666666666665,10,1,3,1,3,2,2,2,1,3,3
1.22,1.1,0.1,10,1,1,1,1,1,1,1,1,1,2
3.92,3.9,0.7666666666666665,10,3,3,5,3,5,4,4,4,3,5
2.65,2.6,0.7111111111111112,10,3,3,3,4,3,1,2,2,2,3
2.5,2.1,0.3222222222222222,10,2,2,1,2,2,2,2,2,3,3
1.3,1.3,0.23333333333333334,10,1,1,2,1,1,1,1,2,1,2
4.2700000000000005,4.2,0.39999999999999997,10,4,5,5,4,5,4,4,3,4,4
2.05,1.9,1.2111111111111112,10,3,2,3,4,2,1,1,1,1,1
2.53,2.2,0.6222222222222222,10,2,3,1,3,2,2,3,3,1,2
2.09,1.9,0.5444444444444444,10,2,2,3,1,1,1,2,3,2,2
2.7,3.2,0.8444444444444444,10,3,4,5,3,3,4,2,3,2,3
2.5,2.7,0.8999999999999999,10,2,2,2,4,3,3,1,3,3,4
4.63,4.7,0.4555555555555555,10,5,5,5,5,5,3,5,4,5,5
3.15,3.1,0.7666666666666666,10,3,2,2,3,5,3,3,4,3,3
4.6,4.5,0.9444444444444444,10,5,5,5,4,5,5,5,2,4,5
3.09,2.7,1.788888888888889,10,5,3,4,2,3,2,1,1,4,2
2.17,2.0,0.8888888888888888,10,2,2,3,2,4,1,2,1,2,1
4.21,4.0,0.8888888888888888,10,4,4,4,2,4,4,3,5,5,5
4.36,4.3,0.4555555555555555,10,3,5,4,5,4,4,5,4,4,5
3.89,3.8,0.6222222222222222,10,3,3,5,3,5,4,4,4,3,4
4.35,4.2,0.6222222222222222,10,4,4,5,3,3,4,5,5,4,5
1.85,2.0,0.6666666666666666,10,2,2,3,3,2,1,1,1,2,3
1.03,1.0,0.0,10,1,1,1,1,1,1,1,1,1,1
3.09,3.0,1.3333333333333333,10,3,3,3,5,2,3,4,2,4,1
4.0600000000000005,4.6,0.26666666666666666,10,5,5,4,5,5,4,4,5,5,4
1.29,1.2,0.1777777777777778,10,1,1,2,1,1,1,2,1,1,1
4.64,4.5,0.2777777777777778,10,4,5,5,4,5,4,5,4,4,5
2.94,3.0,0.6666666666666666,10,2,2,2,4,3,3,4,3,4,3
4.21,4.4,0.711111111111111,10,5,5,3,4,5,5,5,5,3,4
2.19,2.4,0.7111111111111114,10,1,4,2,3,2,3,3,2,2,2
3.64,3.2,1.0666666666666669,10,5,4,3,3,4,3,4,2,2,2
3.56,4.0,0.4444444444444444,10,4,4,5,4,3,4,4,3,5,4
4.87,5.0,0.0,10,5,5,5,5,5,5,5,5,5,5
2.03,2.6,0.48888888888888893,10,3,3,2,3,2,3,3,3,1,3
4.89,5.0,0.0,10,5,5,5,5,5,5,5,5,5,5
2.83,3.4,0.9333333333333333,10,3,3,2,2,4,3,4,5,4,4
3.43,3.6,1.3777777777777778,10,4,3,5,3,1,5,4,4,3,4
1.65,1.4,0.2666666666666667,10,1,1,1,2,1,1,2,1,2,2
4.35,3.9,0.7666666666666666,10,4,3,4,3,4,3,5,3,5,5
1.22,1.6,0.2666666666666667,10,2,2,1,1,2,2,2,1,1,2
3.18,3.3,1.1222222222222222,10,4,3,4,4,1,3,4,2,4,4
2.25,2.7,0.23333333333333334,10,2,3,3,3,3,3,3,3,2,2
1.83,2.2,1.288888888888889,10,2,2,4,2,1,3,1,1,2,4
1.77,1.9,0.5444444444444445,10,3,2,3,2,1,2,2,1,2,1
2.87,2.6,1.6,10,2,3,1,2,4,3,5,3,1,2
1.23,1.0,0.0,10,1,1,1,1,1,1,1,1,1,1
1.62,1.6,0.7111111111111111,10,1,2,1,1,1,3,1,3,1,2
4.12,4.0,0.4444444444444444,10,4,5,3,3,4,4,5,4,4,4
4.34,4.2,0.39999999999999997,10,4,5,5,4,4,4,3,5,4,4
1.24,1.2,0.17777777777777784,10,1,2,1,1,1,1,1,2,1,1
2.98,3.1,1.4333333333333336,10,2,3,5,1,3,4,2,4,4,3
1.28,1.3,0.4555555555555555,10,1,1,2,1,1,1,1,1,1,3
1.72,1.8,0.4000000000000001,10,2,1,1,2,2,3,2,2,2,1
1.17,1.0,0.0,10,1,1,1,1,1,1,1,1,1,1
3.77,3.5,0.7222222222222222,10,3,3,4,3,5,4,3,4,4,2
4.65,4.9,0.09999999999999998,10,5,5,5,5,5,4,5,5,5,5
4.16,4.1,0.7666666666666666,10,3,3,4,5,4,5,5,3,5,4
3.51,3.4,1.155555555555556,10,5,4,3,4,5,2,2,3,3,3
4.36,4.5,0.5,10,5,5,5,5,5,5,4,4,4,3
1.44,1.4,0.48888888888888904,10,2,1,1,3,1,1,1,1,1,2
2.23,1.7,0.4555555555555555,10,1,2,2,2,2,1,2,3,1,1
2.67,3.0,1.3333333333333333,10,1,3,4,4,2,5,3,2,3,3
3.28,2.7,0.6777777777777777,10,2,4,3,2,4,3,2,3,2,2
2.29,2.7,0.6777777777777777,10,4,2,3,3,2,3,3,3,3,1
3.76,4.1,0.7666666666666666,10,4,3,5,4,5,3,5,5,3,4
4.64,4.8,0.4,10,5,5,5,5,5,5,5,5,5,3
1.91,1.9,0.9888888888888889,10,2,2,3,2,4,1,2,1,1,1
3.96,4.1,0.5444444444444444,10,4,5,4,5,4,4,5,3,4,3
1.33,1.4,0.2666666666666667,10,1,1,1,2,2,2,1,2,1,1
4.2700000000000005,4.4,0.48888888888888893,10,5,5,4,5,4,5,4,4,3,5
4.49,4.4,0.48888888888888893,10,5,5,5,4,4,5,4,5,4,3
4.17,4.4,0.26666666666666666,10,4,4,4,4,4,5,5,5,4,5
4.59,4.6,0.26666666666666666,10,5,5,4,4,4,5,5,4,5,5
4.42,4.7,0.23333333333333334,10,5,5,4,4,4,5,5,5,5,5
1.67,1.5,0.5,10,2,2,1,3,1,1,1,1,2,1
3.34,3.4,0.9333333333333336,10,3,5,2,4,4,3,4,4,2,3
3.05,3.0,1.1111111111111112,10,3,4,3,4,4,1,2,2,4,3
4.46,4.5,0.2777777777777778,10,4,5,4,4,5,5,4,5,5,4
4.44,4.3,0.4555555555555555,10,3,5,4,5,4,4,4,4,5,5
3.22,4.0,0.4444444444444444,10,4,3,4,5,5,4,4,3,4,4
3.29,3.1,1.6555555555555554,10,4,4,4,3,1,5,3,3,1,3
2.34,2.3,0.23333333333333334,10,3,2,2,2,2,2,2,3,3,2
1.35,1.3,0.23333333333333334,10,1,1,2,1,1,1,2,1,1,2
2.96,3.0,0.6666666666666666,10,2,2,3,3,3,3,4,4,4,2
3.67,3.8,0.39999999999999997,10,4,4,5,3,4,4,3,4,4,3
3.06,2.9,0.7666666666666666,10,4,2,2,2,3,3,4,3,2,4
2.11,1.8,0.6222222222222222,10,2,3,1,2,1,2,1,3,1,2
4.05,4.0,1.1111111111111112,10,3,5,4,2,3,5,4,4,5,5
2.35,2.4,0.48888888888888893,10,3,2,3,3,2,3,3,1,2,2
2.97,2.6,0.9333333333333333,10,3,4,2,2,3,2,3,1,4,2
4.54,4.7,0.4555555555555555,10,5,5,3,5,4,5,5,5,5,5
3.39,3.2,1.2888888888888892,10,4,1,2,4,4,3,3,3,5,3
4.61,4.5,0.2777777777777778,10,4,5,5,5,4,5,5,4,4,4
1.86,1.8,0.6222222222222223,10,1,1,2,2,2,1,3,1,2,3
4.51,4.1,1.211111111111111,10,4,5,5,5,4,3,5,3,5,2
3.31,3.1,1.4333333333333333,10,1,4,4,5,4,3,3,3,2,2
4.99,5.0,0.0,10,5,5,5,5,5,5,5,5,5,5
3.55,3.7,0.4555555555555555,10,3,3,4,4,5,4,4,3,3,4
2.05,2.3,1.1222222222222222,10,4,1,1,3,1,3,3,2,2,3
4.62,4.7,0.23333333333333334,10,5,5,5,4,5,4,5,5,4,5
2.14,2.0,0.8888888888888888,10,3,2,2,1,1,4,2,1,2,2
4.26,4.4,0.26666666666666666,10,5,4,5,4,4,4,5,5,4,4
3.18,3.2,0.6222222222222222,10,4,3,3,4,4,2,3,4,2,3
4.21,4.2,0.8444444444444444,10,5,4,4,2,5,5,4,5,4,4
4.68,4.8,0.4,10,5,5,5,5,5,5,5,5,5,3
1.81,1.5,0.5,10,1,1,2,2,2,1,1,3,1,1
4.12,4.2,1.066666666666667,10,5,4,5,5,2,3,4,5,5,4
3.52,3.6,0.7111111111111112,10,4,4,2,4,3,3,4,3,4,5
4.74,4.8,0.17777777777777773,10,5,5,5,4,5,5,4,5,5,5
2.48,2.0,0.6666666666666666,10,3,2,2,2,3,1,1,2,1,3
3.1,2.8,1.0666666666666667,10,3,3,3,2,2,4,2,2,2,5
4.98,5.0,0.0,10,5,5,5,5,5,5,5,5,5,5
1.31,1.4,0.48888888888888893,10,1,1,1,1,1,2,2,1,3,1
2.91,3.1,0.7666666666666666,10,4,3,2,3,2,2,4,4,4,3
4.5200000000000005,4.0,0.6666666666666666,10,4,5,3,4,3,4,5,3,4,5
3.03,3.0,0.4444444444444444,10,2,3,3,3,4,3,3,2,4,3
1.31,1.7,0.8999999999999998,10,2,1,1,2,1,1,2,4,2,1
2.11,2.5,0.9444444444444444,10,2,3,2,4,4,3,2,1,2,2
4.99,5.0,0.0,10,5,5,5,5,5,5,5,5,5,5
3.94,4.0,0.8888888888888888,10,5,3,4,4,3,3,5,5,3,5
1.01,1.0,0.0,10,1,1,1,1,1,1,1,1,1,1
2.65,2.4,0.7111111111111112,10,2,2,2,4,3,3,2,2,1,3
2.51,2.5,1.6111111111111112,10,2,3,2,4,1,2,2,1,3,5
2.72,2.8,1.7333333333333334,10,3,4,4,1,5,3,1,3,2,2
4.68,4.7,0.23333333333333334,10,5,5,5,5,5,4,4,5,5,4
3.08,2.8,1.9555555555555553,10,2,1,4,4,2,1,2,4,5,3
2.6100000000000003,2.7,0.8999999999999999,10,4,2,3,3,1,2,3,3,2,4
4.14,4.0,1.1111111111111112,10,3,4,5,4,5,2,5,3,5,4
3.51,3.6,0.7111111111111111,10,4,3,4,3,4,5,3,4,4,2
3.75,4.0,0.4444444444444444,10,4,5,5,4,4,4,3,3,4,4
3.19,2.7,1.3444444444444443,10,5,2,4,1,3,3,2,2,2,3
1.04,1.0,0.0,10,1,1,1,1,1,1,1,1,1,1
1.42,1.2,0.1777777777777778,10,1,1,1,2,2,1,1,1,1,1
2.05,2.2,1.288888888888889,10,3,4,1,1,3,3,2,1,3,1
3.73,3.6,1.3777777777777778,10,3,5,5,5,4,4,2,3,3,2
1.16,1.4,0.48888888888888915,10,3,1,1,1,1,1,2,1,1,2
4.76,4.6,0.26666666666666666,10,5,5,5,5,5,4,4,4,5,4
3.46,3.2,0.39999999999999997,10,3,2,3,3,4,4,3,3,4,3
3.68,4.3,0.4555555555555555,10,5,5,4,4,3,5,4,5,4,4
3.03,3.4,0.48888888888888893,10,3,4,4,3,3,4,2,4,4,3
4.21,4.0,1.3333333333333333,10,5,5,5,5,5,3,3,2,3,4
2.51,2.5,1.3888888888888888,10,5,2,2,3,3,1,1,3,3,2
4.44,4.7,0.4555555555555555,10,4,3,5,5,5,5,5,5,5,5
4.61,4.6,0.2666666666666667,10,4,5,5,4,5,4,5,5,5,4
1.78,1.9,0.9888888888888889,10,3,2,1,2,4,1,2,1,2,1
3.04,2.5,1.3888888888888888,10,4,1,2,3,2,1,2,4,4,2
3.23,2.9,1.2111111111111112,10,3,2,2,2,4,5,4,3,2,2
1.75,1.6,0.48888888888888904,10,2,1,1,3,2,2,1,1,1,2
2.0,1.8,0.4000000000000001,10,1,2,3,2,2,2,2,1,1,2
3.67,3.7,0.4555555555555555,10,4,3,4,4,4,4,5,3,3,3
1.47,1.1,0.09999999999999999,10,1,1,1,1,1,1,1,2,1,1
1.22,1.0,0.0,10,1,1,1,1,1,1,1,1,1,1
3.14,3.1,1.877777777777778,10,5,5,2,3,2,4,2,3,4,1
2.15,2.4,0.48888888888888915,10,2,4,3,2,2,2,2,2,3,2
3.14,3.2,1.288888888888889,10,4,4,3,4,4,1,4,2,4,2
2.21,2.4,1.6,10,3,4,1,4,4,2,1,1,2,2
4.66,4.8,0.17777777777777773,10,5,5,5,4,5,5,5,5,4,5
1.0,1.0,0.0,10,1,1,1,1,1,1,1,1,1,1
4.04,4.1,0.5444444444444444,10,4,5,5,4,4,3,4,4,3,5
3.31,3.0,0.8888888888888888,10,4,1,3,3,3,3,3,4,2,4
2.24,1.9,1.211111111111111,10,1,3,1,1,2,1,2,1,3,4
1.77,1.8,0.4,10,2,2,2,1,1,1,3,2,2,2
4.35,4.4,0.4888888888888888,10,4,5,5,5,3,5,4,5,4,4
3.3,3.0,0.6666666666666666,10,4,2,3,4,2,3,2,3,3,4
2.36,2.4,0.2666666666666667,10,2,3,2,2,2,3,3,3,2,2
3.93,3.6,1.3777777777777778,10,3,4,3,5,5,2,3,5,2,4
1.99,2.5,1.1666666666666667,10,4,2,3,2,3,2,1,3,4,1
4.76,4.8,0.39999999999999997,10,5,3,5,5,5,5,5,5,5,5
1.41,1.3,0.45555555555555544,10,1,3,1,1,1,1,2,1,1,1
1.36,1.1,0.09999999999999999,10,1,1,2,1,1,1,1,1,1,1
1.89,2.2,1.0666666666666669,10,2,1,1,1,3,2,3,2,4,3
4.11,3.8,0.8444444444444444,10,3,3,4,4,3,5,3,5,3,5
2.6100000000000003,2.4,1.155555555555556,10,2,3,2,2,3,4,1,1,2,4
3.37,3.6,1.1555555555555557,10,4,4,4,4,3,5,2,3,5,2
1.51,1.2,0.17777777777777778,10,1,1,1,1,1,1,1,1,2,2
1.5,2.0,0.4444444444444444,10,1,3,2,2,3,2,1,2,2,2
2.8600000000000003,2.8,0.8444444444444444,10,1,3,2,3,3,3,4,4,3,2
3.24,3.1,0.09999999999999999,10,3,3,3,3,3,3,3,4,3,3
4.5,4.1,0.9888888888888887,10,5,4,4,3,5,2,5,4,5,4
2.92,2.7,0.23333333333333334,10,2,3,3,3,3,2,2,3,3,3
2.46,1.6,0.48888888888888904,10,1,1,2,3,2,1,2,2,1,1
1.76,1.9,0.3222222222222222,10,2,1,2,2,2,2,2,2,1,3
3.17,3.2,1.5111111111111113,10,3,4,2,1,2,3,4,5,4,4
3.34,3.3,0.8999999999999999,10,3,3,3,5,4,3,2,4,4,2
2.51,2.6,0.9333333333333336,10,4,3,2,2,4,3,3,2,2,1
1.67,1.6,0.7111111111111112,10,2,2,1,1,3,1,1,1,1,3
1.88,1.6,0.48888888888888904,10,2,3,1,2,1,1,2,1,2,1
3.51,3.4,0.9333333333333336,10,5,4,3,2,3,3,3,3,5,3
3.12,2.7,2.2333333333333334,10,1,1,4,1,4,2,4,5,3,2
1.01,1.0,0.0,10,1,1,1,1,1,1,1,1,1,1
4.74,4.7,0.23333333333333334,10,4,5,4,5,5,5,5,4,5,5
2.79,2.6,0.9333333333333333,10,2,2,2,3,5,2,3,2,2,3
2.97,2.7,0.23333333333333334,10,3,2,3,3,3,2,2,3,3,3
2.36,2.4,1.1555555555555557,10,4,1,2,3,2,2,4,3,2,1
3.34,3.2,0.8444444444444444,10,5,3,3,2,4,3,4,2,3,3
2.97,3.2,1.0666666666666667,10,3,2,2,4,3,2,4,5,4,3
1.65,1.5,0.2777777777777778,10,2,2,1,1,2,2,1,1,1,2
3.65,3.7,0.6777777777777777,10,3,4,5,4,3,4,3,5,3,3
4.99,5.0,0.0,10,5,5,5,5,5,5,5,5,5,5
2.81,2.8,0.8444444444444444,10,1,4,3,2,2,3,3,4,3,3
2.57,2.2,0.8444444444444444,10,2,2,3,2,2,4,1,2,3,1
3.87,4.0,0.4444444444444444,10,4,3,4,3,4,4,4,4,5,5
1.23,1.1,0.09999999999999999,10,1,1,1,1,1,2,1,1,1,1
3.44,3.1,1.2111111111111112,10,2,3,2,2,3,5,4,2,4,4
4.08,4.0,0.4444444444444444,10,4,4,4,5,3,3,4,4,4,5
1.17,1.0,0.0,10,1,1,1,1,1,1,1,1,1,1
4.23,4.3,0.23333333333333334,10,4,5,4,4,5,4,4,4,4,5
3.5,3.2,0.39999999999999997,10,4,3,2,4,3,4,3,3,3,3
1.33,1.2,0.1777777777777778,10,1,1,1,2,1,1,1,1,1,2
2.97,3.4,1.1555555555555557,10,4,4,4,4,4,4,3,4,1,2
3.68,3.9,0.7666666666666665,10,5,2,4,4,4,4,4,4,3,5
3.72,3.4,1.3777777777777778,10,5,5,3,3,3,1,4,4,3,3
4.43,4.3,0.6777777777777777,10,5,5,5,3,4,3,5,5,4,4
4.720000000000001,4.7,0.23333333333333334,10,5,4,5,5,4,4,5,5,5,5
3.8,3.8,1.066666666666667,10,5,5,4,4,3,5,2,3,3,4
4.62,4.5,0.2777777777777778,10,5,4,4,4,4,5,5,5,4,5
3.2,3.2,0.8444444444444444,10,3,3,3,3,3,5,4,2,2,4
3.64,3.1,0.5444444444444444,10,3,2,3,3,3,2,4,4,3,4
4.51,4.8,0.17777777777777776,10,5,5,5,5,5,5,5,4,4,5
1.69,1.3,0.23333333333333334,10,1,2,1,1,2,1,1,1,1,2
3.09,2.9,0.32222222222222224,10,3,3,3,3,4,3,2,2,3,3
4.09,4.1,0.9888888888888889,10,5,3,4,5,3,5,3,3,5,5
1.71,2.1,0.7666666666666665,10,2,2,1,2,3,3,3,1,1,3
3.84,3.8,0.39999999999999997,10,5,4,3,4,3,4,3,4,4,4
4.98,5.0,0.0,10,5,5,5,5,5,5,5,5,5,5
1.69,2.6,0.7111111111111112,10,2,2,3,4,2,2,2,3,2,4
3.58,3.5,1.1666666666666667,10,3,4,4,1,4,4,4,3,3,5
4.76,4.9,0.09999999999999999,10,5,5,5,5,5,5,5,4,5,5
3.03,3.3,1.1222222222222222,10,2,3,2,4,4,5,4,3,4,2
3.26,3.4,0.9333333333333333,10,4,4,2,4,3,4,5,2,3,3
1.36,1.2,0.4000000000000001,10,1,3,1,1,1,1,1,1,1,1
4.2700000000000005,4.3,0.4555555555555555,10,5,4,5,4,4,5,5,4,4,3
3.56,2.8,0.39999999999999997,10,2,3,2,3,3,3,2,3,4,3
4.49,4.3,0.23333333333333334,10,4,4,5,5,4,4,4,4,5,4
3.81,4.2,0.6222222222222222,10,5,5,5,5,4,3,3,4,4,4
4.05,4.5,0.2777777777777778,10,5,5,5,4,4,4,4,5,4,5
3.34,3.1,0.3222222222222222,10,3,3,3,3,4,3,3,3,4,2
2.12,2.1,0.9888888888888889,10,2,1,1,3,1,4,2,2,3,2
4.3100000000000005,4.3,0.6777777777777777,10,5,3,5,5,4,5,4,3,4,5
2.95,2.8,0.8444444444444444,10,2,4,2,3,1,3,3,3,4,3
3.27,2.8,1.5111111111111115,10,5,1,3,3,2,3,4,3,1,3
1.65,2.0,0.4444444444444444,10,1,2,1,3,2,2,3,2,2,2
2.26,2.1,1.655555555555556,10,1,5,3,2,3,2,1,1,2,1
4.87,4.9,0.09999999999999998,10,5,5,5,5,5,4,5,5,5,5
4.19,4.2,0.17777777777777773,10,4,5,4,4,4,4,4,4,4,5
3.27,2.9,1.4333333333333331,10,2,2,4,1,3,2,5,3,3,4
1.34,1.1,0.09999999999999999,10,1,1,1,1,1,2,1,1,1,1
1.85,1.4,0.48888888888888893,10,1,1,2,1,2,1,1,3,1,1
1.36,1.6,0.48888888888888904,10,1,3,1,1,2,2,2,2,1,1
2.55,2.5,0.9444444444444444,10,2,4,3,1,1,3,2,3,3,3
1.54,1.5,0.5,10,1,3,1,2,1,2,1,1,1,2
3.0,2.9,0.5444444444444443,10,2,4,2,4,2,3,3,3,3,3
2.46,2.9,1.4333333333333331,10,5,2,2,4,3,3,4,1,3,2
1.43,1.7,1.1222222222222222,10,2,1,1,1,1,4,3,1,1,2
1.71,1.4,0.48888888888888915,10,1,3,1,2,1,1,1,1,2,1
2.39,2.6,0.9333333333333336,10,3,3,4,2,1,3,3,3,1,3
1.78,2.0,0.8888888888888888,10,2,1,2,2,1,2,3,1,4,2
2.21,2.6,0.9333333333333336,10,1,4,2,2,2,3,3,2,4,3
2.59,2.4,0.7111111111111112,10,3,1,3,3,2,3,1,3,3,2
4.5200000000000005,4.4,0.26666666666666666,10,5,5,4,4,5,4,5,4,4,4
3.41,3.3,0.6777777777777777,10,4,2,4,2,4,3,4,3,3,4
1.49,1.3,0.45555555555555544,10,1,1,1,3,1,1,2,1,1,1
1.4,1.5,0.2777777777777778,10,1,2,1,2,1,1,2,2,1,2
4.529999999999999,4.7,0.23333333333333334,10,5,4,5,5,5,5,5,5,4,4
4.220000000000001,3.8,1.0666666666666669,10,4,5,4,5,3,2,4,5,3,3
3.85,3.8,0.6222222222222222,10,3,3,4,5,3,4,4,5,3,4
1.95,2.1,0.9888888888888887,10,3,1,2,1,3,1,2,2,4,2
1.0699999999999998,1.2,0.17777777777777784,10,2,1,1,1,1,2,1,1,1,1
4.02,3.8,1.5111111111111113,10,3,2,4,5,4,3,2,5,5,5
1.24,1.1,0.09999999999999999,10,2,1,1,1,1,1,1,1,1,1
1.4,1.3,0.45555555555555544,10,2,1,1,3,1,1,1,1,1,1
1.63,1.2,0.17777777777777784,10,2,1,1,1,2,1,1,1,1,1
3.38,3.5,0.5,10,4,3,3,3,3,4,4,3,3,5
4.45,4.4,0.4888888888888888,10,5,4,4,5,5,3,4,5,5,4
3.77,3.8,0.8444444444444444,10,4,3,4,4,5,4,4,2,5,3
2.53,2.4,0.9333333333333333,10,2,2,1,4,2,2,2,4,2,3
1.87,1.8,0.6222222222222223,10,2,3,1,3,1,2,1,2,2,1
4.470000000000001,4.7,0.23333333333333334,10,5,5,5,4,4,5,5,5,4,5
2.18,2.7,1.1222222222222222,10,1,3,3,2,3,3,1,4,4,3
2.93,2.8,1.9555555555555557,10,1,2,4,4,3,2,5,2,4,1
1.5,1.6,0.2666666666666667,10,2,1,1,1,2,2,1,2,2,2
1.14,1.2,0.1777777777777778,10,1,1,1,2,2,1,1,1,1,1
2.48,2.8,1.0666666666666669,10,5,2,3,2,2,3,3,2,2,4
3.04,3.0,0.8888888888888888,10,2,4,2,2,2,3,4,4,3,4
2.16,2.9,0.9888888888888889,10,4,3,3,3,1,4,2,4,3,2
3.49,3.3,1.1222222222222222,10,3,2,5,3,5,2,4,3,3,3
3.34,3.3,0.6777777777777777,10,4,3,3,3,4,4,2,2,4,4
2.79,2.4,0.9333333333333333,10,2,2,2,4,2,2,2,1,4,3
4.220000000000001,4.2,0.39999999999999997,10,4,4,5,4,4,4,4,5,3,5
2.27,2.2,0.8444444444444444,10,1,3,4,3,2,2,1,2,2,2
3.25,3.0,0.8888888888888888,10,2,4,3,3,4,2,4,4,2,2
2.01,1.8,0.4000000000000001,10,2,2,3,1,1,2,2,2,2,1
2.17,2.1,0.5444444444444445,10,3,3,2,1,2,2,2,2,3,1
2.45,2.4,0.7111111111111112,10,2,2,3,2,4,2,3,1,2,3
2.12,1.9,0.7666666666666665,10,3,1,1,1,3,3,2,1,2,2
1.62,1.4,0.2666666666666667,10,1,2,1,1,1,2,2,1,1,2
4.43,4.5,0.7222222222222222,10,5,5,3,5,4,5,5,5,3,5
1.56,1.8,0.4000000000000001,10,2,2,1,1,2,2,2,2,3,1
1.53,1.4,0.2666666666666667,10,1,1,2,1,1,2,1,1,2,2
2.62,2.6,0.7111111111111112,10,2,3,2,3,1,4,3,3,3,2
2.93,2.5,1.3888888888888888,10,4,4,2,2,2,2,1,4,3,1
3.62,3.4,0.48888888888888904,10,3,4,2,4,4,3,3,4,3,4
4.02,4.1,0.7666666666666666,10,4,3,3,5,3,5,4,5,4,5
1.58,1.8,1.0666666666666669,10,1,1,3,2,4,1,2,1,2,1
4.55,4.7,0.23333333333333334,10,4,5,5,5,4,4,5,5,5,5
4.0,3.9,0.7666666666666667,10,5,3,3,4,3,4,5,3,4,5
3.41,3.3,0.8999999999999999,10,3,4,4,4,2,2,2,4,4,4
4.42,4.2,1.0666666666666669,10,5,4,4,3,5,2,5,4,5,5
4.34,4.3,0.8999999999999999,10,5,3,3,3,5,4,5,5,5,5
4.45,4.4,0.711111111111111,10,3,5,5,4,3,5,5,5,4,5
1.06,1.1,0.09999999999999999,10,1,1,1,1,1,2,1,1,1,1
3.82,3.5,0.2777777777777778,10,4,4,3,3,3,4,3,3,4,4
3.63,4.2,0.39999999999999997,10,5,4,5,4,4,3,5,4,4,4
1.13,1.1,0.09999999999999999,10,1,1,2,1,1,1,1,1,1,1
1.81,1.8,1.0666666666666669,10,3,2,1,1,4,1,1,1,2,2
4.23,4.3,0.4555555555555555,10,4,4,5,4,5,5,4,4,5,3
4.779999999999999,4.7,0.23333333333333334,10,4,4,5,4,5,5,5,5,5,5
2.48,2.7,1.3444444444444443,10,2,2,3,3,5,3,4,2,1,2
3.05,3.3,0.8999999999999999,10,3,4,3,3,4,3,4,2,2,5
2.35,2.1,0.7666666666666666,10,1,1,2,3,2,4,2,2,2,2
3.51,3.4,1.1555555555555554,10,3,4,5,2,4,2,4,4,2,4
4.49,4.6,0.4888888888888888,10,5,5,5,5,3,4,5,5,4,5
1.66,1.6,0.48888888888888904,10,1,2,2,3,2,1,2,1,1,1
3.63,3.3,1.1222222222222222,10,3,4,3,3,5,4,1,3,3,4
2.37,2.4,1.377777777777778,10,3,4,1,2,2,3,3,1,1,4
2.22,2.0,0.6666666666666666,10,3,1,2,2,2,1,3,1,3,2
4.5200000000000005,4.7,0.23333333333333334,10,5,4,5,5,4,5,5,5,4,5
3.69,4.1,0.7666666666666666,10,4,5,5,3,3,5,4,5,4,3
4.48,3.9,1.655555555555556,10,5,4,1,3,4,5,4,5,5,3
1.31,1.3,0.45555555555555544,10,1,1,1,3,2,1,1,1,1,1
1.22,1.4,0.2666666666666667,10,1,1,2,1,2,2,1,1,2,1
4.44,4.2,0.6222222222222222,10,5,4,4,4,5,3,5,4,5,3
1.91,1.8,0.4000000000000001,10,1,2,1,1,2,2,2,2,2,3
3.9,3.7,0.6777777777777777,10,3,4,3,3,3,4,5,5,3,4
3.53,3.3,0.4555555555555555,10,3,3,4,3,4,2,4,3,4,3
2.49,3.3,0.8999999999999999,10,4,4,2,4,2,4,4,3,2,4
1.1,1.2,0.1777777777777778,10,1,1,1,1,2,1,1,2,1,1
1.72,1.5,0.5,10,1,2,2,1,1,3,1,1,2,1
4.33,4.0,0.8888888888888888,10,4,5,5,3,4,3,5,5,3,3
4.59,4.3,0.8999999999999999,10,3,5,5,5,5,4,5,3,5,3
1.12,1.0,0.0,10,1,1,1,1,1,1,1,1,1,1
3.9,4.0,0.6666666666666666,10,3,4,3,5,5,4,5,4,3,4
2.39,2.4,0.48888888888888904,10,2,2,2,2,3,4,3,2,2,2
4.19,3.9,0.5444444444444443,10,5,5,3,3,3,4,4,4,4,4
2.22,2.1,0.7666666666666666,10,2,1,2,2,2,4,3,2,1,2
1.61,2.0,0.6666666666666666,10,1,2,2,1,2,2,3,3,3,1
3.98,4.1,1.211111111111111,10,4,3,2,5,3,5,5,4,5,5
3.44,3.8,1.0666666666666669,10,3,4,2,3,5,4,4,5,5,3
3.39,4.1,0.5444444444444444,10,4,4,5,5,3,4,4,3,5,4
3.26,2.9,0.7666666666666666,10,3,4,2,3,2,4,3,2,4,2
1.09,1.0,0.0,10,1,1,1,1,1,1,1,1,1,1
4.87,4.8,0.17777777777777776,10,5,5,5,5,5,4,5,4,5,5
3.01,2.8,1.066666666666667,10,3,4,1,3,4,2,4,2,2,3
1.85,1.6,0.7111111111111112,10,1,2,3,1,1,3,1,1,2,1
3.97,3.8,0.8444444444444444,10,3,4,3,4,4,5,2,4,4,5
2.48,2.4,1.155555555555556,10,2,3,4,1,2,1,2,3,2,4
3.83,4.1,0.7666666666666666,10,3,5,3,4,5,4,3,5,5,4
4.04,4.0,0.6666666666666666,10,5,4,3,5,4,4,4,3,3,5
2.1,2.1,1.211111111111111,10,1,2,1,3,1,1,3,3,2,4
2.32,2.2,0.6222222222222222,10,2,1,2,3,1,3,3,2,3,2
1.43,1.4,0.48888888888888904,10,1,1,1,1,2,3,1,1,1,2
1.96,2.2,1.5111111111111117,10,2,3,5,2,2,1,1,2,3,1
3.06,3.1,0.7666666666666667,10,2,4,3,3,4,3,2,4,4,2
1.36,1.6,0.2666666666666667,10,1,2,2,2,2,2,1,2,1,1
4.5200000000000005,4.5,0.7222222222222222,10,3,5,5,3,5,4,5,5,5,5
2.99,3.3,0.6777777777777777,10,2,4,3,4,4,3,4,4,2,3
4.95,4.9,0.09999999999999999,10,5,5,5,5,5,5,5,4,5,5
2.85,2.6,0.7111111111111111,10,2,2,2,3,2,4,2,2,3,4
3.22,3.2,1.2888888888888888,10,4,3,3,2,3,5,2,5,2,3
3.39,3.8,0.6222222222222222,10,4,3,4,3,5,4,5,3,4,3
1.73,1.8,0.6222222222222223,10,2,1,2,3,1,1,3,1,2,2
2.58,3.2,0.8444444444444444,10,4,4,3,3,2,2,4,4,4,2
4.48,4.4,0.26666666666666666,10,4,5,5,5,4,4,5,4,4,4
3.35,3.2,1.2888888888888892,10,4,5,2,4,3,4,1,3,3,3
2.15,2.0,1.1111111111111112,10,2,4,2,1,3,1,3,1,2,1
1.51,1.6,0.48888888888888893,10,1,2,1,2,2,1,2,1,1,3
3.37,3.3,1.5666666666666667,10,4,4,5,1,2,4,3,2,4,4
2.07,2.0,0.6666666666666666,10,2,3,3,1,2,2,1,1,2,3
4.14,4.3,0.23333333333333334,10,4,4,5,5,5,4,4,4,4,4
1.88,1.7,0.6777777777777778,10,2,1,1,1,2,1,3,2,3,1
4.32,4.6,0.26666666666666666,10,5,5,4,4,4,5,4,5,5,5
2.32,1.8,0.4000000000000001,10,2,2,1,1,2,1,2,2,3,2
3.47,3.7,1.3444444444444443,10,2,4,4,2,3,5,4,5,3,5
4.5,4.4,0.2666666666666667,10,4,5,4,5,5,4,4,4,5,4
3.33,3.7,0.6777777777777777,10,3,3,3,4,5,3,3,4,5,4
1.99,1.7,0.8999999999999999,10,2,1,2,2,1,1,4,1,2,1
4.9,4.8,0.17777777777777776,10,5,5,5,5,5,5,5,4,5,4
4.32,4.8,0.17777777777777773,10,5,4,5,5,5,5,5,5,5,4
3.82,3.7,1.1222222222222222,10,3,3,5,2,4,3,5,3,4,5
3.87,4.1,1.4333333333333331,10,5,5,4,1,4,4,4,5,5,4
3.67,3.8,0.8444444444444444,10,4,5,2,4,3,4,4,3,5,4
2.74,2.8,1.0666666666666667,10,3,4,4,2,1,2,3,4,2,3
2.22,2.4,1.3777777777777778,10,2,3,1,3,4,3,2,1,1,4
1.34,1.1,0.1,10,1,1,1,1,1,1,1,1,2,1
2.73,3.2,1.0666666666666669,10,2,4,3,3,2,2,3,5,4,4
1.62,1.9,0.7666666666666666,10,1,2,3,1,1,2,1,3,3,2
1.42,1.6,0.48888888888888904,10,2,3,2,1,1,1,1,1,2,2
2.4,2.2,0.8444444444444444,10,1,2,3,2,2,2,1,2,3,4
2.35,2.4,0.48888888888888904,10,2,2,3,2,4,2,3,2,2,2
3.35,3.2,1.066666666666667,10,2,4,4,3,1,4,3,4,4,3
2.5,2.7,1.788888888888889,10,2,3,5,1,2,4,3,4,1,2
2.85,3.0,0.8888888888888888,10,3,3,3,2,3,4,2,3,2,5
4.0600000000000005,3.9,0.5444444444444444,10,4,4,3,4,4,4,3,5,3,5
2.17,2.4,0.9333333333333336,10,4,3,1,2,2,2,2,4,2,2
1.1800000000000002,1.4,0.48888888888888915,10,3,1,1,1,1,1,2,1,1,2
4.41,4.5,0.2777777777777778,10,5,4,5,5,5,4,4,5,4,4
1.15,1.1,0.09999999999999999,10,1,1,1,1,1,1,2,1,1,1
2.8600000000000003,3.1,0.9888888888888889,10,4,3,3,4,5,2,2,2,3,3
1.39,1.2,0.17777777777777784,10,2,1,1,1,1,1,2,1,1,1
1.16,1.2,0.17777777777777784,10,1,2,1,1,1,2,1,1,1,1
3.39,4.2,1.0666666666666667,10,5,4,5,3,4,4,5,5,5,2
4.08,4.7,0.23333333333333334,10,5,5,5,5,4,5,5,4,5,4
2.26,2.1,1.4333333333333336,10,1,4,1,2,4,1,1,3,2,2
4.2,3.9,0.1,10,4,4,4,4,4,4,4,4,4,3
2.31,2.3,0.6777777777777777,10,3,1,2,2,2,2,3,2,4,2
4.9,5.0,0.0,10,5,5,5,5,5,5,5,5,5,5
1.26,1.1,0.09999999999999999,10,1,1,1,1,1,1,1,2,1,1
2.15,2.4,0.7111111111111114,10,2,4,2,3,2,2,1,3,3,2
1.16,1.1,0.09999999999999999,10,1,1,1,2,1,1,1,1,1,1
4.34,4.1,1.4333333333333331,10,5,5,5,4,4,5,2,4,5,2
3.8,3.8,0.6222222222222222,10,4,4,3,3,3,4,3,5,5,4
1.9,1.6,0.48888888888888893,10,1,1,1,2,2,2,2,1,1,3
2.43,2.6,0.9333333333333336,10,2,1,4,2,4,3,2,2,3,3
2.48,2.2,1.5111111111111113,10,2,2,1,1,1,2,3,2,5,3
3.6,3.6,0.2666666666666667,10,4,3,3,4,3,4,4,4,3,4
4.92,5.0,0.0,10,5,5,5,5,5,5,5,5,5,5
3.34,3.4,0.9333333333333336,10,2,4,2,4,4,4,3,3,5,3
4.88,4.9,0.09999999999999996,10,4,5,5,5,5,5,5,5,5,5
1.39,1.6,0.7111111111111112,10,2,1,3,1,3,1,1,1,2,1
2.85,2.5,0.7222222222222222,10,4,3,2,2,1,3,2,3,3,2
4.08,4.3,0.8999999999999999,10,4,3,5,5,5,5,3,5,5,3
4.45,4.5,0.5,10,5,4,5,5,3,5,4,5,4,5
2.07,2.3,0.6777777777777777,10,2,3,2,3,1,2,3,3,1,3
2.94,3.0,1.7777777777777777,10,2,4,5,1,1,3,3,3,4,4
3.24,3.8,0.8444444444444444,10,5,4,4,5,3,4,4,4,2,3
2.76,2.9,1.2111111111111112,10,4,3,4,3,4,3,1,3,1,3
2.76,2.7,0.6777777777777777,10,3,2,4,3,4,2,2,2,3,2
4.95,4.9,0.09999999999999998,10,5,5,5,5,5,4,5,5,5,5
1.88,1.6,0.2666666666666667,10,2,1,2,2,2,1,1,1,2,2
3.59,3.3,0.4555555555555555,10,3,3,3,4,3,2,3,4,4,4
3.47,2.8,0.39999999999999997,10,4,3,3,3,2,2,3,3,3,2
2.35,2.7,0.6777777777777777,10,2,3,2,4,3,2,3,4,2,2
4.57,4.6,0.26666666666666666,10,5,5,4,5,5,4,4,5,5,4
2.0,1.9,0.5444444444444443,10,2,2,1,2,3,1,3,2,2,1
2.66,2.9,0.5444444444444443,10,3,2,2,4,4,3,3,3,3,2
3.56,3.8,0.8444444444444444,10,5,5,4,4,3,4,4,4,2,3
2.15,2.1,0.5444444444444444,10,1,2,3,2,3,1,2,2,3,2
1.7,1.6,0.2666666666666667,10,2,1,2,1,1,1,2,2,2,2
1.0699999999999998,1.1,0.09999999999999999,10,1,1,1,1,1,1,1,2,1,1
3.32,3.5,0.7222222222222222,10,5,4,4,3,3,2,4,4,3,3
3.33,3.6,1.5999999999999996,10,3,2,2,5,5,3,5,5,3,3
3.73,4.2,0.6222222222222222,10,5,5,5,4,4,3,4,5,4,3
2.85,2.8,1.0666666666666667,10,4,2,1,4,3,2,3,4,2,3
4.48,4.5,0.5,10,5,3,5,4,4,5,5,5,4,5
2.03,2.4,0.9333333333333333,10,3,1,3,2,3,2,4,1,2,3
1.91,2.1,0.7666666666666666,10,2,1,3,2,2,1,3,1,3,3
1.82,1.9,0.7666666666666665,10,3,1,2,3,1,1,3,1,2,2
3.03,2.9,0.9888888888888887,10,2,4,2,3,3,2,2,3,3,5
2.81,2.8,0.8444444444444444,10,3,2,4,4,3,3,3,2,3,1
1.5,1.5,0.2777777777777778,10,1,2,2,2,1,2,2,1,1,1
3.78,3.6,0.7111111111111112,10,4,4,2,3,3,5,4,4,4,3
4.17,4.3,0.4555555555555555,10,4,5,5,5,4,4,3,5,4,4
2.98,2.9,0.9888888888888887,10,3,4,2,2,1,4,3,3,3,4
4.14,4.0,0.8888888888888888,10,4,4,4,4,3,4,5,5,5,2
3.78,4.1,0.7666666666666666,10,3,5,4,3,5,4,3,5,5,4
3.61,3.9,1.4333333333333336,10,3,4,4,1,5,4,4,5,5,4
4.59,4.7,0.23333333333333334,10,5,5,4,4,5,5,5,4,5,5
1.53,1.3,0.23333333333333334,10,1,2,2,1,1,2,1,1,1,1
2.28,2.2,1.2888888888888892,10,3,1,1,4,2,2,1,2,4,2
2.91,3.3,1.5666666666666667,10,4,2,4,2,1,5,4,4,4,3
4.16,3.5,0.9444444444444444,10,2,4,5,4,2,4,3,3,4,4
1.3,1.4,0.2666666666666667,10,2,1,1,2,2,1,1,2,1,1
4.04,3.8,0.8444444444444444,10,3,5,4,5,4,4,2,4,3,4
2.16,2.4,1.1555555555555554,10,2,3,2,1,4,4,2,2,3,1
3.83,4.3,0.23333333333333334,10,4,5,4,5,5,4,4,4,4,4
2.13,2.3,0.4555555555555555,10,2,3,1,2,3,2,3,2,2,3
2.19,2.1,1.2111111111111112,10,3,1,2,3,1,1,3,4,1,2
2.62,2.5,1.8333333333333333,10,2,5,1,4,3,3,1,3,2,1
1.26,1.1,0.09999999999999999,10,1,1,2,1,1,1,1,1,1,1
4.779999999999999,4.5,0.2777777777777778,10,4,4,5,4,4,5,4,5,5,5
3.2,3.0,0.4444444444444444,10,3,2,3,4,3,3,3,4,2,3
1.31,1.1,0.09999999999999999,10,1,2,1,1,1,1,1,1,1,1
2.59,2.6,0.48888888888888893,10,3,3,3,3,2,4,2,2,2,2
4.07,3.8,0.8444444444444444,10,5,5,4,4,4,3,4,4,3,2
1.37,1.4,0.2666666666666667,10,2,1,1,2,2,1,1,1,2,1
2.73,2.4,0.7111111111111114,10,4,2,4,2,2,2,2,2,2,2
1.19,1.1,0.09999999999999999,10,1,1,1,1,2,1,1,1,1,1
4.470000000000001,4.1,1.4333333333333331,10,4,4,5,5,5,5,4,2,5,2
2.39,1.9,0.7666666666666666,10,2,1,3,1,2,2,1,1,3,3
3.51,3.6,1.822222222222222,10,5,5,2,5,5,2,2,3,3,4
2.51,2.6,1.3777777777777778,10,4,2,4,3,2,4,3,1,1,2
2.37,2.3,0.4555555555555555,10,2,2,2,3,3,1,2,2,3,3
1.35,1.4,0.2666666666666667,10,2,1,2,2,1,2,1,1,1,1
3.71,4.1,0.3222222222222222,10,4,3,4,4,5,5,4,4,4,4
3.29,2.7,1.1222222222222222,10,2,2,3,2,4,4,2,4,3,1
1.09,1.1,0.1,10,1,1,1,1,1,1,1,1,2,1
3.76,3.8,0.8444444444444444,10,3,5,5,3,4,5,3,4,3,3
4.12,4.0,0.4444444444444444,10,4,4,3,4,4,4,4,5,3,5
3.8,4.0,0.2222222222222222,10,4,4,4,4,4,3,4,5,4,4
2.6100000000000003,2.2,1.0666666666666669,10,1,1,1,3,4,3,2,2,2,3
3.33,3.4,0.2666666666666667,10,3,3,3,4,3,4,3,4,3,4
2.59,2.6,1.822222222222222,10,2,2,4,2,1,3,1,5,2,4
3.25,3.5,0.7222222222222222,10,3,3,4,3,4,4,5,3,2,4
3.64,3.6,0.48888888888888893,10,3,3,3,4,4,3,5,4,4,3
2.81,2.5,0.7222222222222222,10,3,3,1,3,3,3,3,3,1,2
2.52,2.1,0.5444444444444445,10,3,2,1,2,2,2,3,1,3,2
3.27,3.5,0.5,10,3,3,4,4,3,4,4,4,4,2
4.04,4.0,0.4444444444444444,10,3,4,4,4,3,4,4,5,4,5
2.06,2.1,0.3222222222222223,10,2,2,3,3,2,1,2,2,2,2
2.75,2.6,1.3777777777777773,10,2,2,3,5,1,4,2,2,3,2
3.39,3.3,0.6777777777777777,10,2,4,3,4,4,4,3,4,2,3
1.32,1.5,0.5,10,2,1,1,2,1,2,1,1,3,1
4.220000000000001,4.2,0.6222222222222222,10,5,3,4,5,4,5,4,3,5,4
2.34,2.0,0.6666666666666666,10,3,2,3,1,2,2,1,3,2,1
1.33,1.5,0.5,10,3,1,2,1,1,1,1,2,2,1
1.04,1.0,0.0,10,1,1,1,1,1,1,1,1,1,1
1.04,1.0,0.0,10,1,1,1,1,1,1,1,1,1,1
3.09,3.4,0.9333333333333333,10,3,4,3,2,2,4,4,3,5,4
3.12,3.3,0.4555555555555555,10,5,3,3,3,3,3,3,3,3,4
4.09,4.4,0.26666666666666666,10,5,4,4,4,5,4,5,4,4,5
3.22,3.2,0.8444444444444444,10,2,3,3,5,3,2,4,3,4,3
1.57,1.6,0.48888888888888904,10,2,1,2,3,1,2,1,1,1,2
4.57,4.5,0.5,10,4,3,5,4,4,5,5,5,5,5
2.64,2.7,1.1222222222222222,10,3,3,4,5,2,2,2,2,2,2
1.03,1.1,0.09999999999999999,10,1,1,1,1,2,1,1,1,1,1
1.87,1.7,0.45555555555555544,10,2,1,3,2,1,2,1,1,2,2
1.04,1.0,0.0,10,1,1,1,1,1,1,1,1,1,1
3.79,3.8,0.39999999999999997,10,3,4,4,3,3,4,4,4,4,5
4.39,4.4,0.48888888888888893,10,5,4,4,5,4,5,5,4,3,5
3.75,4.0,0.4444444444444444,10,3,5,4,5,4,4,3,4,4,4
3.58,4.0,0.6666666666666666,10,4,5,3,3,4,5,4,3,5,4
3.23,3.5,0.9444444444444444,10,5,2,4,4,3,4,4,2,3,4
3.69,4.0,0.8888888888888888,10,5,4,5,3,4,3,5,5,3,3
3.42,2.5,0.7222222222222222,10,3,3,3,1,2,2,2,3,4,2
2.9,2.8,1.0666666666666669,10,2,3,3,4,1,2,3,4,2,4
4.4,3.9,0.5444444444444444,10,4,3,4,4,5,3,4,5,4,3
1.3,1.0,0.0,10,1,1,1,1,1,1,1,1,1,1
3.68,4.0,1.3333333333333333,10,3,3,5,5,5,4,3,2,5,5
4.88,4.8,0.17777777777777773,10,5,4,5,5,5,5,5,5,4,5
3.88,3.9,0.9888888888888889,10,4,5,3,4,5,3,5,4,4,2
4.48,4.3,0.8999999999999999,10,4,4,5,5,5,5,4,4,5,2
2.26,2.2,0.39999999999999997,10,3,2,2,1,2,2,2,2,3,3
1.94,1.8,0.4000000000000001,10,1,2,2,2,2,3,2,2,1,1
3.96,3.7,1.1222222222222222,10,2,4,5,4,4,2,4,4,3,5
3.39,3.3,0.8999999999999999,10,4,3,3,5,4,2,3,3,2,4
2.14,1.7,0.9000000000000001,10,1,1,1,3,3,1,1,1,3,2
4.03,4.5,0.2777777777777778,10,5,5,4,4,4,5,5,4,5,4
4.12,3.8,1.0666666666666669,10,3,5,4,5,4,5,4,2,3,3
1.51,1.6,0.7111111111111112,10,1,1,1,3,1,1,1,2,2,3
4.529999999999999,4.5,0.2777777777777778,10,5,5,5,4,4,5,4,4,4,5
4.66,4.6,0.48888888888888893,10,4,5,4,5,5,5,5,5,5,3
2.47,2.4,0.9333333333333333,10,2,3,3,3,2,2,1,3,4,1
3.15,3.1,0.09999999999999999,10,3,4,3,3,3,3,3,3,3,3
4.95,4.9,0.09999999999999996,10,4,5,5,5,5,5,5,5,5,5
4.43,4.5,0.2777777777777778,10,4,5,4,5,4,5,4,5,4,5
3.27,3.8,1.0666666666666669,10,5,3,4,4,4,5,3,2,5,3
4.779999999999999,4.7,0.4555555555555555,10,5,5,5,4,5,5,5,3,5,5
2.74,3.2,1.5111111111111113,10,1,2,3,4,4,4,5,2,3,4
2.03,1.7,0.6777777777777778,10,2,2,1,1,1,3,2,3,1,1
1.1,1.0,0.0,10,1,1,1,1,1,1,1,1,1,1
3.45,3.4,0.7111111111111111,10,3,3,4,3,3,4,2,4,3,5
3.29,3.4,0.7111111111111112,10,3,3,4,2,3,5,3,4,4,3
1.31,1.4,0.2666666666666667,10,1,1,1,2,2,1,2,1,1,2
2.55,2.6,0.48888888888888893,10,3,2,3,2,3,3,2,2,2,4
3.6,3.9,0.9888888888888889,10,4,4,5,5,2,4,5,3,3,4
4.13,4.4,0.48888888888888893,10,5,5,4,5,5,5,4,4,3,4
3.55,3.8,0.6222222222222222,10,3,3,5,4,4,4,4,3,3,5
1.28,1.0,0.0,10,1,1,1,1,1,1,1,1,1,1
3.95,3.5,0.9444444444444444,10,3,4,4,5,4,2,4,4,2,3
3.17,3.6,0.2666666666666667,10,3,3,4,4,4,3,4,3,4,4
4.3,4.3,0.6777777777777777,10,4,5,3,4,5,5,4,3,5,5
2.44,2.5,0.9444444444444444,10,4,2,3,2,2,4,2,1,2,3
1.72,2.0,0.8888888888888888,10,1,1,2,2,4,2,3,2,1,2
1.34,1.2,0.17777777777777784,10,1,2,1,1,1,1,1,2,1,1
1.74,1.9,0.7666666666666665,10,2,2,4,2,1,2,1,2,2,1
3.61,3.5,1.1666666666666667,10,3,5,4,4,4,3,4,1,4,3
1.0699999999999998,1.0,0.0,10,1,1,1,1,1,1,1,1,1,1
3.53,3.5,0.7222222222222222,10,4,4,4,2,3,4,3,3,5,3
1.45,1.1,0.09999999999999999,10,1,1,1,2,1,1,1,1,1,1
1.55,1.6,0.48888888888888893,10,2,2,1,1,1,3,2,1,1,2
1.51,1.6,0.2666666666666667,10,1,2,2,1,1,2,2,2,2,1
1.03,1.0,0.0,10,1,1,1,1,1,1,1,1,1,1
4.44,4.4,0.2666666666666667,10,4,5,5,4,5,4,4,4,4,5
3.16,3.1,1.8777777777777775,10,5,2,4,3,3,4,1,1,4,4
2.03,1.8,1.288888888888889,10,1,1,1,4,3,1,1,1,3,2
3.17,3.1,0.9888888888888889,10,3,4,1,3,2,4,3,3,4,4
2.62,2.4,0.2666666666666667,10,3,2,3,2,2,2,3,3,2,2
2.48,2.4,0.2666666666666667,10,3,3,2,2,2,2,3,2,3,2
3.28,3.3,0.8999999999999999,10,2,3,4,3,4,3,3,2,5,4
1.04,1.0,0.0,10,1,1,1,1,1,1,1,1,1,1
2.0,2.0,0.8888888888888888,10,2,4,2,2,2,2,1,1,1,3
4.92,4.9,0.09999999999999996,10,4,5,5,5,5,5,5,5,5,5
2.9,2.6,0.9333333333333333,10,2,2,3,3,1,2,4,3,2,4
4.73,4.7,0.23333333333333334,10,5,5,4,5,5,5,5,4,4,5
4.03,4.0,0.6666666666666666,10,4,4,3,5,5,3,4,5,4,3
2.46,3.1,0.9888888888888889,10,3,2,3,5,2,3,4,3,2,4
3.27,3.2,0.8444444444444444,10,3,3,3,3,3,2,4,5,2,4
1.02,1.0,0.0,10,1,1,1,1,1,1,1,1,1,1
4.26,4.2,0.6222222222222222,10,5,4,5,4,4,5,3,5,3,4
2.35,1.9,1.2111111111111112,10,2,4,1,2,1,3,1,1,1,3
4.79,5.0,0.0,10,5,5,5,5,5,5,5,5,5,5
1.99,2.5,1.3888888888888888,10,2,2,2,2,5,1,4,3,2,2
1.61,1.5,0.2777777777777778,10,2,2,1,1,2,1,2,1,1,2
2.41,2.2,0.8444444444444444,10,2,2,1,1,3,3,3,3,1,3
2.45,2.5,0.9444444444444444,10,3,3,1,3,4,2,2,3,3,1
4.83,5.0,0.0,10,5,5,5,5,5,5,5,5,5,5
1.66,1.6,0.48888888888888893,10,2,1,1,2,1,2,1,1,3,2
1.61,2.0,0.6666666666666666,10,2,3,2,1,2,2,3,1,3,1
3.71,3.1,0.5444444444444443,10,3,3,2,2,4,4,3,3,4,3
1.16,1.2,0.17777777777777784,10,2,1,1,1,1,1,1,1,2,1
2.92,3.1,0.9888888888888887,10,3,2,4,4,5,3,3,2,3,2
2.26,2.1,0.7666666666666666,10,2,2,1,3,2,4,2,1,2,2
1.26,1.1,0.09999999999999999,10,1,1,1,1,2,1,1,1,1,1
2.64,2.1,1.2111111111111112,10,2,1,1,3,1,3,3,4,1,2
1.4,1.4,0.2666666666666667,10,1,1,2,1,2,1,1,2,2,1
1.11,1.1,0.09999999999999999,10,1,1,2,1,1,1,1,1,1,1
4.14,4.5,0.5,10,4,5,5,4,4,5,3,5,5,5
3.9,3.7,0.4555555555555555,10,3,4,4,5,3,4,4,3,3,4
1.41,1.8,0.8444444444444446,10,2,1,1,3,1,1,2,3,3,1
1.1,1.1,0.09999999999999999,10,1,1,2,1,1,1,1,1,1,1
2.65,2.7,1.1222222222222222,10,4,3,3,3,1,3,1,4,3,2
1.88,1.6,0.48888888888888904,10,3,2,1,1,1,1,2,2,2,1
1.04,1.0,0.0,10,1,1,1,1,1,1,1,1,1,1
4.05,4.2,1.288888888888889,10,3,4,5,2,5,3,5,5,5,5
4.66,4.6,0.2666666666666667,10,4,5,5,4,5,5,5,4,4,5
4.5600000000000005,4.6,0.26666666666666666,10,5,4,5,5,4,4,5,4,5,5
1.66,2.0,0.4444444444444444,10,2,2,2,1,2,3,2,1,3,2
1.91,1.9,0.7666666666666666,10,1,1,3,1,2,3,3,2,2,1
3.71,3.6,1.6000000000000003,10,3,3,5,5,5,3,3,1,4,4
3.58,3.4,1.5999999999999999,10,4,5,2,4,2,2,4,5,4,2
3.8,4.1,0.5444444444444444,10,3,4,4,4,3,5,5,4,5,4
1.25,1.2,0.1777777777777778,10,1,1,1,1,1,2,1,2,1,1
3.45,3.5,0.7222222222222222,10,4,4,3,4,2,3,3,5,4,3
2.76,2.4,0.9333333333333333,10,3,1,4,3,3,2,2,1,2,3
1.39,1.1,0.1,10,1,1,1,1,1,1,1,1,1,2
2.18,2.1,0.7666666666666667,10,2,1,3,2,3,2,1,3,1,3
2.23,2.2,0.39999999999999997,10,3,2,2,1,2,3,2,2,3,2
3.07,3.0,0.8888888888888888,10,3,3,2,5,3,3,2,3,2,4
3.1100000000000003,3.5,0.9444444444444444,10,2,4,5,4,4,4,3,2,3,4
4.98,5.0,0.0,10,5,5,5,5,5,5,5,5,5,5
4.93,4.9,0.09999999999999998,10,5,5,5,5,4,5,5,5,5,5
3.93,3.7,0.6777777777777777,10,3,3,5,4,3,3,4,3,5,4
2.84,3.0,0.6666666666666666,10,3,3,4,4,2,3,2,3,4,2
3.85,4.4,0.4888888888888888,10,5,3,4,5,5,4,5,4,4,5
4.65,4.7,0.23333333333333334,10,5,5,5,4,5,5,5,4,5,4
2.19,2.0,0.8888888888888888,10,2,1,1,3,2,1,3,3,3,1
2.54,2.8,0.8444444444444444,10,4,2,2,3,4,3,2,2,4,2
4.13,4.1,0.5444444444444444,10,4,4,4,5,5,3,4,5,4,3
2.81,2.8,1.0666666666666667,10,4,3,2,4,1,3,2,4,2,3
2.33,2.4,0.48888888888888904,10,2,2,3,2,2,4,2,3,2,2
1.74,1.9,0.5444444444444444,10,3,2,2,3,1,2,2,1,2,1
3.53,3.4,0.9333333333333333,10,4,4,2,3,4,3,2,5,4,3
2.96,2.7,0.4555555555555555,10,3,2,3,2,2,3,3,4,3,2
3.3,3.3,0.8999999999999999,10,3,4,4,3,2,5,4,2,3,3
3.04,2.7,0.4555555555555555,10,3,3,3,2,4,2,3,2,2,3
4.37,4.3,0.4555555555555555,10,3,5,5,4,4,4,5,5,4,4
2.84,3.2,1.0666666666666669,10,3,5,2,3,4,2,3,2,4,4
1.04,1.0,0.0,10,1,1,1,1,1,1,1,1,1,1
2.15,2.6,1.3777777777777778,10,2,1,2,3,3,2,5,2,4,2
4.67,4.5,0.5,10,4,4,5,5,3,4,5,5,5,5
4.75,4.7,0.23333333333333334,10,5,5,5,4,5,4,5,4,5,5
4.07,3.6,0.48888888888888893,10,4,3,4,4,3,4,3,5,3,3
3.0,2.9,1.6555555555555557,10,3,2,3,4,3,4,3,5,1,1
1.32,1.3,0.23333333333333334,10,2,2,1,1,2,1,1,1,1,1
1.3,1.7,0.6777777777777778,10,1,1,1,3,3,1,2,2,1,2
4.8100000000000005,4.7,0.23333333333333334,10,5,5,5,4,5,5,5,5,4,4
2.26,2.1,0.7666666666666667,10,1,2,3,2,1,2,3,3,3,1
4.01,4.0,0.8888888888888888,10,3,5,3,3,5,5,3,4,4,5
4.19,4.2,0.6222222222222222,10,3,4,5,3,4,5,5,4,4,5
3.84,4.2,0.6222222222222222,10,5,4,4,5,3,5,4,4,5,3
4.61,4.8,0.17777777777777773,10,5,4,5,5,5,5,5,4,5,5
2.81,3.3,0.4555555555555555,10,4,4,4,3,3,3,3,2,4,3
1.7,1.3,0.8999999999999999,10,4,1,1,1,1,1,1,1,1,1
2.51,2.6,0.2666666666666667,10,2,3,3,2,3,2,3,2,3,3
1.12,1.1,0.09999999999999999,10,1,1,1,1,1,2,1,1,1,1
2.04,1.7,0.6777777777777778,10,2,3,2,2,1,1,1,3,1,1
2.24,3.0,1.3333333333333333,10,2,1,3,3,4,3,2,4,5,3
4.57,4.3,0.6777777777777777,10,4,4,4,3,3,5,5,5,5,5
1.72,1.5,0.5,10,2,2,1,1,1,1,1,1,2,3
3.34,3.3,0.6777777777777777,10,4,3,3,4,4,3,4,4,2,2
1.65,2.2,0.8444444444444444,10,2,2,2,1,2,4,1,2,3,3
1.83,1.7,0.8999999999999999,10,1,1,2,4,2,1,2,2,1,1
2.16,1.8,0.8444444444444446,10,2,1,1,3,2,3,1,3,1,1
3.14,4.0,0.4444444444444444,10,4,5,4,4,5,4,3,3,4,4
1.23,1.1,0.09999999999999999,10,2,1,1,1,1,1,1,1,1,1
4.39,4.6,0.4888888888888888,10,5,5,3,5,4,5,5,5,5,4
4.03,4.0,0.8888888888888888,10,4,5,3,5,4,4,5,4,4,2
1.78,1.8,0.6222222222222222,10,1,2,2,1,1,1,2,2,3,3
4.98,5.0,0.0,10,5,5,5,5,5,5,5,5,5,5
1.7,2.0,0.4444444444444444,10,1,2,2,2,1,2,2,3,3,2
2.32,2.0,0.6666666666666666,10,3,1,3,1,1,3,2,2,2,2
4.779999999999999,4.8,0.17777777777777773,10,5,4,5,5,5,4,5,5,5,5
2.44,2.7,1.788888888888889,10,4,2,3,3,1,4,4,4,1,1
3.74,3.7,0.6777777777777777,10,2,4,3,3,4,4,5,4,4,4
4.05,4.2,0.6222222222222222,10,5,3,4,5,4,3,4,4,5,5
4.73,4.4,0.26666666666666666,10,5,5,4,4,5,5,4,4,4,4
2.29,2.3,0.4555555555555555,10,2,2,3,3,3,1,3,2,2,2
2.72,2.8,0.17777777777777773,10,3,2,3,2,3,3,3,3,3,3
3.33,3.0,0.4444444444444444,10,3,3,3,4,2,4,2,3,3,3
1.13,1.2,0.17777777777777784,10,1,2,1,1,1,2,1,1,1,1
1.23,1.1,0.1,10,1,1,1,1,1,1,1,1,2,1
4.12,3.8,0.8444444444444444,10,5,5,4,5,3,3,3,4,3,3
1.49,1.5,0.5,10,1,1,1,1,1,2,1,2,2,3
1.69,1.5,0.5,10,1,1,2,1,3,1,2,1,2,1
3.2,2.7,1.1222222222222222,10,4,3,2,2,4,2,3,4,2,1
4.279999999999999,4.3,0.23333333333333334,10,5,4,4,5,4,4,4,4,5,4
2.16,2.5,1.1666666666666667,10,4,1,2,2,2,3,3,1,3,4
4.13,4.2,0.8444444444444444,10,5,5,4,3,3,5,5,4,5,3
2.31,2.5,0.7222222222222222,10,2,3,3,1,2,4,2,2,3,3
3.68,4.1,0.7666666666666666,10,3,5,3,5,4,5,3,5,4,4
3.7,4.1,0.5444444444444444,10,5,5,5,4,4,4,4,3,3,4
2.51,2.4,1.155555555555556,10,4,2,3,1,3,1,2,2,4,2
4.46,4.5,0.2777777777777778,10,4,4,5,4,4,5,5,5,5,4
1.32,1.3,0.23333333333333334,10,1,2,1,1,1,2,2,1,1,1
4.48,4.5,0.2777777777777778,10,5,4,5,4,4,5,4,5,4,5
1.38,1.8,0.6222222222222222,10,1,1,2,2,2,1,1,2,3,3
4.74,4.4,0.9333333333333331,10,5,4,4,2,4,5,5,5,5,5
3.05,2.8,1.0666666666666669,10,2,1,4,2,3,4,3,3,4,2
3.98,4.1,0.9888888888888887,10,5,4,2,3,4,5,5,4,5,4
4.4,4.1,0.3222222222222222,10,4,4,4,4,4,5,3,5,4,4
4.11,4.3,0.4555555555555555,10,5,4,3,5,5,4,4,5,4,4
1.12,1.3,0.23333333333333334,10,1,1,1,2,1,1,2,1,2,1
2.73,2.8,1.288888888888889,10,3,2,2,1,4,4,2,2,4,4
1.61,1.8,0.4,10,2,2,2,1,1,1,3,2,2,2
3.85,3.8,0.6222222222222222,10,3,5,4,4,3,5,4,4,3,3
1.75,1.8,0.6222222222222223,10,2,3,3,2,2,1,1,2,1,1
1.35,1.4,0.2666666666666667,10,1,2,2,2,1,1,1,2,1,1
1.65,1.6,0.48888888888888904,10,1,3,1,2,2,2,1,1,1,2
1.21,1.1,0.1,10,1,1,1,1,1,1,1,1,1,2
4.11,4.0,0.2222222222222222,10,4,4,4,5,4,3,4,4,4,4
2.18,2.3,1.1222222222222222,10,3,3,3,2,1,1,4,1,3,2
1.31,1.5,0.5,10,1,1,2,1,1,1,3,2,1,2
3.54,3.2,1.0666666666666669,10,4,5,2,3,3,2,4,4,3,2
3.34,3.2,0.6222222222222222,10,3,3,3,4,4,3,2,4,2,4
2.33,2.1,0.7666666666666666,10,1,1,3,2,3,2,3,1,3,2
2.87,3.0,1.1111111111111112,10,5,2,3,4,3,3,2,4,2,2
1.5,1.0,0.0,10,1,1,1,1,1,1,1,1,1,1
4.26,4.4,0.711111111111111,10,3,5,4,5,5,5,5,3,5,4
1.2,1.3,0.23333333333333334,10,2,2,1,1,1,1,1,2,1,1
1.36,1.5,0.2777777777777778,10,2,2,1,2,1,2,1,2,1,1
3.37,3.7,1.3444444444444443,10,3,2,3,5,4,4,5,4,5,2
3.57,3.8,0.6222222222222222,10,4,2,4,5,4,4,4,3,4,4
3.3,3.2,0.39999999999999997,10,4,3,3,3,3,3,3,4,2,4
2.41,2.4,0.9333333333333336,10,2,3,3,1,1,2,3,2,3,4
1.41,1.4,0.2666666666666667,10,2,1,2,1,1,1,1,2,2,1
3.89,3.5,0.9444444444444444,10,2,4,5,4,4,2,4,3,3,4
2.5,2.4,0.7111111111111112,10,2,3,3,1,3,2,3,1,3,3
3.19,2.9,1.877777777777778,10,1,1,4,3,3,4,2,4,2,5
4.74,4.5,0.5,10,4,3,5,5,4,5,5,5,5,4
4.5600000000000005,4.7,0.4555555555555555,10,5,5,5,5,3,5,5,5,5,4
3.43,3.6,1.6,10,3,5,4,5,5,4,3,3,1,3
4.84,4.7,0.23333333333333334,10,5,4,5,5,5,5,5,4,4,5
4.25,4.1,0.5444444444444444,10,3,4,5,3,4,4,4,4,5,5
2.54,2.4,0.9333333333333333,10,3,4,3,2,1,3,2,1,2,3
3.32,3.0,1.1111111111111112,10,4,4,3,1,2,2,4,4,3,3
3.76,4.0,0.6666666666666666,10,4,5,5,4,5,4,3,4,3,3
1.4,1.6,0.48888888888888904,10,1,3,1,2,2,2,1,1,2,1
3.46,3.5,1.6111111111111112,10,5,1,4,3,3,4,4,4,2,5
1.83,2.0,1.3333333333333333,10,1,3,1,1,4,3,1,3,2,1
2.88,3.0,0.6666666666666666,10,3,4,4,3,3,2,2,2,3,4
3.23,3.3,0.6777777777777777,10,2,4,3,2,3,3,4,4,4,4
3.45,3.7,0.4555555555555555,10,4,4,3,4,3,3,4,3,5,4
1.98,1.8,0.6222222222222222,10,1,2,1,3,1,1,2,2,3,2
3.76,3.6,1.1555555555555554,10,2,5,3,5,3,5,3,3,4,3
1.11,1.0,0.0,10,1,1,1,1,1,1,1,1,1,1
1.23,1.2,0.17777777777777784,10,1,2,2,1,1,1,1,1,1,1
1.89,1.6,0.48888888888888904,10,1,2,3,1,1,2,2,1,1,2
4.25,4.8,0.17777777777777773,10,5,4,5,5,4,5,5,5,5,5
3.07,2.9,0.9888888888888892,10,4,2,3,3,4,1,4,3,2,3
4.720000000000001,4.5,0.5,10,4,3,5,5,4,4,5,5,5,5
1.71,1.5,0.2777777777777778,10,1,2,1,2,1,2,2,1,2,1
4.59,4.5,0.2777777777777778,10,4,4,4,5,4,4,5,5,5,5
4.55,4.5,0.5,10,4,5,5,3,4,4,5,5,5,5
1.21,1.5,0.5,10,2,1,2,1,1,1,2,1,3,1
3.01,2.8,1.0666666666666669,10,2,3,3,5,3,2,2,2,2,4
3.37,3.9,0.3222222222222223,10,4,4,4,3,5,4,4,4,3,4
1.3,1.3,0.23333333333333334,10,1,1,1,2,1,1,1,2,2,1
2.6,2.9,0.7666666666666666,10,3,3,4,4,2,3,1,3,3,3
1.54,1.8,1.0666666666666669,10,2,1,4,2,1,1,3,2,1,1
2.47,2.6,1.155555555555556,10,1,4,3,2,4,3,3,2,3,1
1.78,1.6,0.9333333333333331,10,2,1,2,1,1,2,1,1,4,1
3.57,3.5,0.5,10,3,4,3,4,4,3,3,5,3,3
1.64,1.5,0.5,10,2,1,1,1,3,1,1,2,1,2
3.02,3.3,0.8999999999999999,10,2,4,3,3,3,2,4,4,3,5
3.4,3.6,0.48888888888888904,10,4,3,4,4,2,4,4,4,4,3
1.85,2.1,0.5444444444444445,10,3,2,3,2,2,1,2,2,3,1
2.31,2.1,0.7666666666666666,10,1,3,2,3,3,2,1,1,3,2
1.43,1.4,0.2666666666666667,10,1,2,1,1,1,1,2,1,2,2
2.52,2.3,0.23333333333333334,10,3,2,2,3,3,2,2,2,2,2
2.64,2.7,1.1222222222222222,10,3,2,3,3,2,3,5,1,2,3
2.84,2.3,0.8999999999999999,10,3,2,2,1,4,2,3,1,2,3
3.09,3.4,0.9333333333333336,10,2,3,3,3,4,3,3,5,5,3
4.9,4.5,0.2777777777777778,10,5,5,4,5,4,5,4,5,4,4
1.14,1.2,0.1777777777777778,10,1,1,1,1,2,1,1,1,1,2
1.92,2.5,0.7222222222222222,10,1,3,3,2,2,2,4,2,3,3
4.89,4.6,0.26666666666666666,10,5,5,4,5,4,5,5,4,4,5
4.93,5.0,0.0,10,5,5,5,5,5,5,5,5,5,5
3.83,3.6,0.9333333333333336,10,4,2,5,4,3,3,3,4,3,5
1.0699999999999998,1.0,0.0,10,1,1,1,1,1,1,1,1,1,1
3.3,3.5,1.1666666666666667,10,4,4,4,1,5,3,4,3,3,4
4.46,4.7,0.23333333333333334,10,5,4,5,5,4,5,5,5,4,5
2.44,2.6,0.2666666666666667,10,3,2,3,2,2,2,3,3,3,3
1.92,2.1,1.2111111111111112,10,1,2,3,2,3,1,1,3,4,1
1.6,1.3,0.4555555555555555,10,2,1,1,1,1,1,1,1,3,1
3.12,3.2,1.7333333333333334,10,4,2,2,1,4,2,4,4,4,5
2.24,2.4,0.9333333333333333,10,2,1,3,3,3,3,2,4,1,2
1.92,1.5,0.2777777777777778,10,1,1,1,2,2,1,2,1,2,2
3.58,3.7,0.6777777777777777,10,4,3,3,3,4,3,5,5,4,3
2.6100000000000003,2.5,0.7222222222222222,10,2,3,2,3,4,3,3,1,2,2
2.24,2.1,0.7666666666666666,10,3,3,3,2,1,3,1,2,2,1
1.98,2.2,0.8444444444444444,10,2,2,2,1,4,3,1,3,2,2
1.32,1.3,0.23333333333333334,10,2,2,1,1,1,2,1,1,1,1
1.22,1.2,0.17777777777777784,10,2,1,1,1,2,1,1,1,1,1
3.1,3.9,0.5444444444444445,10,3,3,3,4,4,5,4,4,5,4
3.31,3.8,0.6222222222222222,10,4,5,4,4,4,4,4,4,2,3
4.07,3.7,0.6777777777777777,10,5,4,3,3,3,5,4,3,4,3
2.84,2.6,0.48888888888888893,10,2,3,2,3,2,4,3,3,2,2
2.77,2.9,0.9888888888888887,10,2,5,4,3,3,2,2,3,3,2
3.18,2.7,1.1222222222222222,10,3,4,1,3,4,2,4,2,2,2
2.56,2.6,1.377777777777778,10,1,2,4,2,3,2,2,3,5,2
3.9,3.9,1.655555555555556,10,3,5,5,5,2,5,3,2,4,5
5.0,5.0,0.0,10,5,5,5,5,5,5,5,5,5,5
2.35,2.6,0.9333333333333336,10,1,2,2,4,4,3,2,3,2,3
3.8,3.5,0.9444444444444444,10,3,4,4,4,4,5,2,4,3,2
1.1,1.2,0.17777777777777784,10,1,2,1,1,1,2,1,1,1,1
1.47,1.3,0.23333333333333334,10,2,1,2,2,1,1,1,1,1,1
1.76,1.8,0.6222222222222222,10,3,1,1,2,2,1,1,3,2,2
2.33,1.8,1.0666666666666667,10,3,1,1,1,1,2,1,2,4,2
3.5,3.9,1.2111111111111112,10,2,5,3,3,5,3,4,5,4,5
3.99,4.0,0.6666666666666666,10,5,3,3,3,4,4,4,5,4,5
4.88,5.0,0.0,10,5,5,5,5,5,5,5,5,5,5
2.48,2.1,0.3222222222222223,10,2,3,2,1,3,2,2,2,2,2
4.45,4.2,0.39999999999999997,10,4,5,4,4,5,5,4,3,4,4
4.35,4.5,0.5,10,4,5,3,5,4,4,5,5,5,5
4.11,4.0,0.6666666666666666,10,5,5,4,3,3,4,3,4,5,4
4.64,4.6,0.26666666666666666,10,5,4,5,5,5,5,5,4,4,4
3.96,4.2,0.39999999999999997,10,5,4,5,5,4,4,3,4,4,4
1.67,1.6,0.48888888888888904,10,3,2,1,1,1,2,1,1,2,2
3.39,4.0,0.6666666666666666,10,4,3,4,4,5,3,4,3,5,5
3.01,3.3,0.4555555555555555,10,3,4,3,3,3,4,4,4,2,3
1.1,1.1,0.09999999999999999,10,1,2,1,1,1,1,1,1,1,1
4.36,4.8,0.17777777777777776,10,5,5,5,5,5,5,5,4,5,4
3.51,3.7,1.1222222222222222,10,4,4,5,2,4,4,3,2,5,4
3.94,3.8,0.39999999999999997,10,4,4,4,3,5,3,3,4,4,4
1.44,1.7,0.6777777777777777,10,1,1,3,1,3,1,2,2,1,2
2.16,2.2,1.288888888888889,10,1,2,1,3,2,4,1,2,2,4
1.93,1.9,0.5444444444444444,10,2,1,2,2,1,3,2,3,1,2
3.58,3.6,0.48888888888888893,10,4,3,3,4,3,4,5,3,4,3
4.82,4.6,0.48888888888888893,10,4,5,5,5,5,5,5,5,3,4
4.79,4.6,0.2666666666666667,10,5,4,5,4,4,5,5,5,4,5
1.69,1.7,0.6777777777777778,10,2,3,3,1,1,1,2,2,1,1
1.15,1.2,0.17777777777777784,10,2,1,1,1,1,2,1,1,1,1
3.72,3.8,1.0666666666666667,10,5,4,5,3,5,4,4,3,3,2
2.92,2.6,1.1555555555555557,10,3,1,4,3,4,3,1,3,2,2
1.23,1.2,0.17777777777777784,10,2,1,2,1,1,1,1,1,1,1
1.86,1.4,0.2666666666666667,10,2,2,2,1,2,1,1,1,1,1
2.06,2.8,1.0666666666666667,10,3,3,3,4,4,2,4,2,2,1
2.8600000000000003,3.1,0.5444444444444444,10,2,3,3,4,4,3,3,4,2,3
1.58,1.3,0.23333333333333334,10,2,1,1,2,1,1,1,2,1,1
4.54,4.1,1.2111111111111112,10,3,4,4,5,2,3,5,5,5,5
4.39,4.8,0.17777777777777773,10,5,4,4,5,5,5,5,5,5,5
2.71,2.5,0.7222222222222222,10,2,3,2,3,2,4,3,2,1,3
4.76,4.6,0.4888888888888888,10,5,5,5,5,3,4,5,4,5,5
1.71,1.8,0.4000000000000001,10,1,2,3,1,2,2,2,1,2,2
4.42,4.7,0.23333333333333334,10,5,4,5,4,5,5,4,5,5,5
3.38,3.2,1.511111111111111,10,3,4,2,4,5,4,4,2,1,3
3.27,3.1,0.9888888888888887,10,3,2,3,4,4,3,3,4,4,1
1.96,1.7,0.8999999999999999,10,2,4,1,1,1,1,2,2,1,2
2.06,1.9,0.7666666666666665,10,2,1,1,2,3,1,3,1,2,3
2.74,2.7,1.3444444444444443,10,1,4,4,4,2,2,2,4,2,2
2.97,2.9,1.211111111111111,10,1,3,4,3,3,2,2,3,3,5
3.72,3.6,0.2666666666666667,10,3,4,4,4,4,4,3,3,4,3
4.57,4.4,0.711111111111111,10,5,5,3,4,5,5,5,3,5,4
1.51,1.4,0.2666666666666667,10,2,1,2,2,1,1,1,1,1,2
3.57,3.2,1.0666666666666669,10,3,2,2,4,3,5,4,2,3,4
4.36,4.4,0.4888888888888888,10,5,4,3,4,4,5,5,4,5,5
5.0,5.0,0.0,10,5,5,5,5,5,5,5,5,5,5
2.38,2.4,0.7111111111111114,10,4,2,2,2,3,2,3,2,1,3
2.58,2.5,1.1666666666666667,10,4,4,1,3,3,1,2,3,2,2
2.26,1.6,0.48888888888888904,10,1,2,3,2,1,2,1,1,2,1
1.89,1.7,0.4555555555555555,10,2,2,2,2,1,3,1,1,2,1
1.65,1.3,0.4555555555555555,10,1,1,1,1,1,1,2,3,1,1
2.56,2.8,0.39999999999999997,10,4,3,3,3,2,3,3,3,2,2
1.29,1.0,0.0,10,1,1,1,1,1,1,1,1,1,1
1.17,1.3,0.4555555555555555,10,1,2,1,1,1,1,1,1,3,1
4.93,4.9,0.09999999999999999,10,5,5,5,5,5,5,5,5,5,4
2.6,2.4,0.9333333333333336,10,4,1,2,2,3,2,2,4,2,2
4.08,4.1,0.32222222222222213,10,3,5,4,4,4,4,4,4,4,5
2.2,2.2,0.6222222222222222,10,1,2,1,2,3,2,3,3,3,2
4.720000000000001,4.4,0.48888888888888893,10,5,5,5,4,5,4,3,4,4,5
2.18,2.3,1.1222222222222222,10,1,1,2,4,2,3,2,4,2,2
4.05,3.8,0.6222222222222222,10,3,4,5,5,4,3,3,4,4,3
3.55,3.2,1.5111111111111108,10,5,2,4,3,2,4,3,4,4,1
2.49,2.9,0.7666666666666667,10,3,3,1,3,3,3,3,2,4,4
2.75,2.8,1.9555555555555562,10,1,5,3,4,4,1,2,2,4,2
2.52,2.5,0.5,10,2,2,3,4,3,2,3,2,2,2
4.45,4.3,0.4555555555555555,10,4,5,3,4,4,4,4,5,5,5
3.6,3.5,0.5,10,5,3,3,4,4,3,4,3,3,3
1.87,1.7,0.45555555555555544,10,1,2,1,3,2,1,1,2,2,2
2.46,2.5,1.8333333333333333,10,2,2,4,1,3,5,3,1,1,3
4.1,4.1,0.5444444444444444,10,5,4,3,4,5,3,4,5,4,4
1.73,2.0,0.8888888888888888,10,2,1,1,3,1,1,2,3,3,3
4.73,4.4,0.4888888888888888,10,4,5,5,4,3,5,4,4,5,5
2.81,2.8,0.6222222222222222,10,3,3,2,4,2,3,2,2,4,3
1.76,1.7,0.8999999999999999,10,1,2,1,1,3,1,1,3,1,3
4.2700000000000005,4.5,0.5,10,4,5,4,5,5,3,5,4,5,5
4.96,5.0,0.0,10,5,5,5,5,5,5,5,5,5,5
3.95,4.1,0.7666666666666666,10,5,3,5,4,3,3,4,4,5,5
3.98,3.2,0.8444444444444444,10,4,3,5,2,2,4,3,3,3,3
4.67,4.7,0.23333333333333334,10,5,5,4,5,5,5,4,4,5,5
1.89,1.6,0.7111111111111111,10,1,1,1,1,2,1,3,3,1,2
2.13,2.7,0.6777777777777777,10,3,3,2,2,2,4,4,2,3,2
1.46,1.2,0.1777777777777778,10,1,1,1,2,2,1,1,1,1,1
4.38,4.5,0.5,10,5,5,4,4,5,5,5,5,3,4
2.59,3.0,0.8888888888888888,10,2,3,2,3,2,3,4,3,3,5
3.61,3.3,1.3444444444444443,10,3,3,4,1,4,4,2,5,4,3
3.38,3.3,0.6777777777777777,10,4,4,4,3,2,4,3,2,3,4
2.68,2.8,1.2888888888888892,10,2,2,5,4,3,2,1,3,3,3
4.17,4.3,0.4555555555555556,10,5,4,5,4,5,5,3,4,4,4
1.98,1.7,0.6777777777777777,10,2,1,3,1,1,1,2,1,2,3
1.75,2.0,0.4444444444444444,10,2,2,2,3,2,2,2,1,1,3
3.78,3.6,0.7111111111111111,10,4,3,4,4,3,4,4,5,2,3
4.11,3.5,0.9444444444444444,10,4,4,3,4,3,4,4,4,1,4
3.88,4.1,0.5444444444444445,10,4,3,4,4,4,3,5,4,5,5
4.46,4.4,0.48888888888888893,10,5,5,4,5,5,5,4,4,3,4
3.4,3.3,1.788888888888889,10,1,4,2,5,4,5,2,3,3,4
1.75,2.1,0.7666666666666666,10,3,3,2,3,2,1,1,3,1,2
1.15,1.1,0.1,10,1,1,1,1,1,1,1,1,1,2
3.77,3.7,0.4555555555555555,10,3,4,3,4,4,4,5,3,3,4
2.64,2.6,1.1555555555555554,10,2,4,1,3,4,2,4,2,2,2
4.99,5.0,0.0,10,5,5,5,5,5,5,5,5,5,5
2.46,2.8,1.288888888888889,10,3,3,4,1,3,3,1,2,4,4
2.16,1.8,0.4000000000000001,10,2,2,2,3,2,2,2,1,1,1
2.47,2.1,0.5444444444444445,10,2,1,1,3,2,2,2,3,3,2
2.16,2.1,0.7666666666666665,10,2,3,3,2,3,1,1,1,3,2
4.71,4.7,0.4555555555555555,10,5,5,3,5,4,5,5,5,5,5
3.92,4.1,0.9888888888888887,10,4,5,2,5,4,5,4,5,4,3
2.95,2.5,1.1666666666666667,10,3,1,4,2,2,2,1,3,3,4
3.3,3.3,0.6777777777777777,10,3,3,4,2,3,5,3,4,3,3
4.74,4.4,0.4888888888888888,10,5,5,4,3,4,4,5,5,4,5
2.56,2.7,1.788888888888889,10,2,2,3,5,3,5,1,2,2,2
4.61,4.4,0.711111111111111,10,5,5,4,5,3,3,5,5,5,4
4.69,4.7,0.23333333333333334,10,5,4,5,5,5,5,4,5,5,4
1.24,1.4,0.48888888888888893,10,1,1,2,1,1,1,2,1,3,1
2.83,3.0,1.1111111111111112,10,1,4,3,3,3,3,2,5,3,3
4.94,4.9,0.09999999999999996,10,5,4,5,5,5,5,5,5,5,5
2.04,2.2,1.0666666666666667,10,2,1,4,3,2,3,1,1,3,2
3.89,3.7,0.8999999999999999,10,3,4,3,4,5,4,5,2,3,4
1.03,1.0,0.0,10,1,1,1,1,1,1,1,1,1,1
1.17,1.0,0.0,10,1,1,1,1,1,1,1,1,1,1
1.83,2.0,0.6666666666666666,10,2,1,2,2,2,3,3,1,1,3
1.96,1.8,1.0666666666666669,10,1,2,1,2,3,1,1,2,4,1
4.42,4.3,0.4555555555555555,10,3,5,5,4,4,4,4,5,5,4
1.5,1.2,0.4000000000000001,10,1,1,3,1,1,1,1,1,1,1
4.61,4.6,0.4888888888888887,10,5,3,4,5,5,5,4,5,5,5
2.7,3.0,1.7777777777777777,10,4,4,3,5,1,2,4,3,1,3
3.76,4.2,0.8444444444444444,10,4,5,3,4,5,3,5,5,5,3
1.87,1.8,0.8444444444444446,10,3,1,2,3,1,3,1,1,2,1
2.34,2.3,0.6777777777777777,10,2,2,2,4,3,2,3,2,1,2
2.21,2.2,1.2888888888888888,10,2,1,4,3,1,2,2,4,1,2
3.79,4.1,0.9888888888888887,10,2,4,5,3,5,5,4,4,4,5
3.35,3.6,0.48888888888888915,10,2,4,4,4,3,3,4,4,4,4
4.83,4.8,0.17777777777777773,10,5,5,4,5,5,5,5,4,5,5
3.19,3.7,0.6777777777777777,10,4,4,5,3,3,4,4,4,4,2
4.3,4.4,0.48888888888888893,10,5,5,5,4,4,5,5,3,4,4
3.4,2.8,0.6222222222222222,10,3,3,4,3,3,2,2,4,2,2
3.25,3.0,0.6666666666666666,10,2,3,2,2,4,4,3,3,4,3
2.32,2.0,0.4444444444444444,10,2,2,2,1,1,3,2,2,2,3
2.04,2.1,1.4333333333333331,10,1,1,2,3,1,1,2,4,2,4
4.12,4.2,1.0666666666666667,10,2,4,4,5,5,5,5,3,5,4
3.08,2.9,1.877777777777778,10,2,5,5,3,1,3,3,1,3,3
3.49,3.6,0.9333333333333331,10,4,4,3,3,4,5,5,2,3,3
1.57,1.6,0.7111111111111112,10,1,3,1,1,1,3,2,2,1,1
2.08,2.3,0.8999999999999999,10,2,4,2,3,1,3,1,3,2,2
4.46,3.6,1.377777777777778,10,3,5,4,4,4,5,3,4,3,1
2.8,3.1,0.7666666666666665,10,4,3,4,4,2,2,4,2,3,3
1.84,1.8,0.6222222222222223,10,2,2,1,3,1,3,1,2,2,1
4.25,4.3,0.6777777777777777,10,4,4,5,3,5,5,5,4,3,5
1.24,1.4,0.2666666666666667,10,2,1,2,1,1,2,1,2,1,1
2.54,2.2,0.8444444444444444,10,3,1,2,2,1,2,3,4,2,2
3.88,3.4,0.9333333333333333,10,3,4,3,4,3,5,2,4,2,4
1.27,1.4,0.48888888888888904,10,2,1,3,1,1,1,1,2,1,1
2.26,2.4,0.7111111111111111,10,2,3,2,3,3,3,1,3,3,1
2.69,2.6,0.2666666666666667,10,2,2,3,3,3,3,2,2,3,3
1.95,1.8,0.6222222222222222,10,2,1,3,3,1,2,2,1,1,2
3.42,2.9,0.9888888888888887,10,4,2,4,4,2,2,2,2,4,3
2.83,2.5,1.6111111111111112,10,2,5,3,2,2,2,4,3,1,1
3.47,3.5,1.1666666666666667,10,4,5,4,2,4,3,3,2,3,5
1.09,1.1,0.09999999999999999,10,1,1,1,1,2,1,1,1,1,1
3.14,3.0,1.3333333333333333,10,3,4,1,3,2,3,3,4,2,5
1.9,1.6,0.48888888888888893,10,1,2,1,2,1,1,2,2,3,1
3.65,3.5,0.5,10,3,3,3,2,4,4,4,4,4,4
4.07,4.2,0.6222222222222222,10,5,3,5,4,3,4,4,4,5,5
2.96,2.9,2.0999999999999996,10,3,2,4,3,3,1,1,5,2,5
3.6,4.0,0.8888888888888888,10,3,5,4,5,3,3,5,3,5,4
3.57,3.3,0.6777777777777777,10,4,3,2,4,3,5,3,3,3,3
2.69,3.2,1.0666666666666669,10,4,2,4,2,3,3,4,5,3,2
3.08,3.7,0.6777777777777777,10,4,4,4,3,4,4,5,2,3,4
4.0,4.0,0.4444444444444444,10,5,4,5,4,3,4,4,3,4,4
1.4,1.4,0.48888888888888893,10,1,1,1,1,1,1,2,1,3,2
1.68,1.4,0.2666666666666667,10,2,2,1,2,1,1,1,2,1,1
3.35,3.4,0.9333333333333333,10,4,3,3,2,3,4,5,4,4,2
1.0699999999999998,1.0,0.0,10,1,1,1,1,1,1,1,1,1,1
4.29,4.2,0.39999999999999997,10,4,3,4,4,4,4,5,4,5,5
4.95,5.0,0.0,10,5,5,5,5,5,5,5,5,5,5
1.58,1.6,0.48888888888888904,10,1,2,3,2,1,2,1,1,1,2
2.29,1.9,0.7666666666666665,10,1,1,3,3,1,2,2,1,2,3
2.98,2.9,0.9888888888888887,10,1,2,3,3,4,3,4,2,4,3
1.87,1.7,0.8999999999999998,10,1,1,4,2,2,2,1,1,1,2
4.44,4.3,0.4555555555555555,10,4,4,5,3,5,5,4,4,4,5
3.53,3.5,0.7222222222222222,10,4,3,3,2,3,3,5,4,4,4
1.83,1.9,1.2111111111111112,10,3,1,4,1,1,2,1,3,1,2
2.39,2.6,0.7111111111111112,10,3,4,2,2,4,2,2,2,2,3
4.529999999999999,4.8,0.17777777777777773,10,4,5,5,5,5,4,5,5,5,5
2.09,2.1,0.7666666666666665,10,1,2,1,3,3,1,3,2,3,2
2.46,2.4,1.3777777777777778,10,3,3,4,2,3,1,1,1,4,2
3.57,3.9,1.4333333333333333,10,4,5,5,4,5,3,2,5,4,2
1.17,1.1,0.09999999999999999,10,1,1,1,1,1,2,1,1,1,1
1.01,1.0,0.0,10,1,1,1,1,1,1,1,1,1,1
2.0,1.9,0.5444444444444443,10,3,1,2,1,1,3,2,2,2,2
4.67,5.0,0.0,10,5,5,5,5,5,5,5,5,5,5
2.83,2.8,0.39999999999999997,10,3,4,3,2,3,3,3,2,3,2
3.27,2.8,1.066666666666667,10,3,3,2,5,1,3,2,3,3,3
1.54,1.5,0.5,10,3,1,1,2,1,1,2,1,2,1
1.32,1.1,0.09999999999999999,10,1,1,1,1,1,2,1,1,1,1
3.2,3.0,1.3333333333333333,10,3,5,3,3,2,2,5,3,2,2
1.93,2.0,0.4444444444444444,10,3,3,2,2,2,1,2,1,2,2
3.72,3.7,0.6777777777777777,10,5,4,4,3,3,5,3,3,4,3
4.83,5.0,0.0,10,5,5,5,5,5,5,5,5,5,5
1.81,1.9,0.7666666666666665,10,1,3,1,3,2,1,2,2,3,1
1.33,1.5,0.2777777777777778,10,1,2,2,1,1,1,2,2,1,2
1.9,1.3,0.23333333333333334,10,1,1,2,1,1,1,1,2,1,2
3.33,3.5,1.6111111111111112,10,3,4,5,3,2,4,4,4,5,1
3.41,3.5,1.1666666666666667,10,2,5,4,2,3,3,3,5,4,4
4.220000000000001,4.1,0.7666666666666666,10,5,4,5,4,5,3,5,3,4,3
2.8600000000000003,2.8,0.6222222222222222,10,2,2,4,4,3,3,2,2,3,3
4.75,4.7,0.23333333333333334,10,4,5,5,4,5,5,4,5,5,5
2.87,3.1,0.7666666666666665,10,3,3,3,2,5,3,2,4,3,3
1.02,1.0,0.0,10,1,1,1,1,1,1,1,1,1,1
3.19,3.2,0.8444444444444444,10,3,3,3,2,3,4,4,5,3,2
3.86,3.4,1.155555555555556,10,2,3,5,4,4,3,2,3,5,3
2.53,3.0,1.1111111111111112,10,4,3,3,5,2,4,2,2,2,3
1.44,1.3,0.23333333333333334,10,1,1,2,2,1,1,1,1,2,1
2.16,2.0,1.1111111111111112,10,2,1,3,2,4,1,3,1,1,2
2.24,1.8,1.5111111111111113,10,1,1,2,1,2,1,5,2,1,2
4.5,4.1,0.9888888888888887,10,2,5,4,4,4,3,5,5,4,5
2.85,2.2,0.6222222222222222,10,2,2,3,3,2,3,1,1,3,2
1.02,1.0,0.0,10,1,1,1,1,1,1,1,1,1,1
3.6,4.1,0.5444444444444444,10,4,4,4,5,5,4,5,3,3,4
1.64,1.4,0.48888888888888904,10,2,1,1,1,1,3,1,1,1,2
1.76,1.4,0.2666666666666667,10,2,2,2,1,1,1,1,1,2,1
4.970000000000001,5.0,0.0,10,5,5,5,5,5,5,5,5,5,5
2.23,2.3,1.5666666666666667,10,3,2,1,3,2,2,5,1,1,3
2.45,2.7,0.8999999999999999,10,3,3,3,2,4,3,1,4,2,2
2.03,2.3,0.23333333333333334,10,2,3,2,3,2,2,2,2,3,2
4.91,4.9,0.09999999999999996,10,4,5,5,5,5,5,5,5,5,5
4.75,4.8,0.17777777777777773,10,5,5,5,5,4,5,5,5,4,5
2.23,1.8,0.4000000000000001,10,2,1,2,2,2,2,3,1,2,1
4.65,4.6,0.26666666666666666,10,4,5,5,4,4,5,5,4,5,5
2.36,2.7,1.1222222222222222,10,4,3,2,1,2,2,3,2,4,4
4.68,4.9,0.09999999999999999,10,5,5,5,5,5,5,5,5,5,4
1.28,1.1,0.09999999999999999,10,1,1,1,1,1,1,1,2,1,1
1.53,1.5,0.7222222222222222,10,1,1,1,1,1,3,2,1,1,3
2.24,2.0,0.2222222222222222,10,2,2,2,2,2,2,2,2,3,1
3.92,3.9,0.3222222222222223,10,4,3,4,4,3,5,4,4,4,4
3.22,3.0,1.3333333333333333,10,5,3,2,3,1,4,4,2,3,3
2.31,2.1,0.7666666666666666,10,3,3,1,2,2,1,3,3,1,2
1.27,1.2,0.17777777777777784,10,2,1,1,2,1,1,1,1,1,1
1.55,1.5,0.5,10,2,1,1,3,2,1,1,2,1,1
1.84,2.1,1.2111111111111112,10,2,2,2,1,1,2,4,1,2,4
4.98,4.9,0.09999999999999998,10,5,5,4,5,5,5,5,5,5,5
1.98,1.6,0.2666666666666667,10,1,2,2,2,1,1,2,2,2,1
4.85,4.7,0.23333333333333334,10,4,5,4,5,5,5,4,5,5,5
2.1,2.2,0.39999999999999997,10,2,2,3,2,2,1,3,3,2,2
1.8,2.1,0.3222222222222223,10,2,2,1,2,2,3,2,2,3,2
2.05,2.0,1.3333333333333333,10,1,4,2,2,1,4,1,2,2,1
4.2700000000000005,4.2,0.8444444444444444,10,5,3,5,4,3,4,5,3,5,5
3.43,3.6,0.48888888888888893,10,3,4,3,4,3,3,5,3,4,4
1.62,1.7,0.4555555555555555,10,2,2,1,2,1,1,2,1,2,3
4.8100000000000005,4.9,0.09999999999999999,10,5,5,5,5,5,5,5,5,4,5
2.17,2.1,0.7666666666666667,10,2,2,2,1,3,2,1,2,4,2
3.81,3.8,0.8444444444444444,10,4,5,4,3,4,4,3,5,2,4
2.87,3.1,0.9888888888888889,10,3,2,3,4,3,1,4,3,4,4
3.94,4.1,0.9888888888888887,10,4,2,3,4,4,5,5,4,5,5
2.22,2.1,0.7666666666666665,10,2,2,1,4,2,3,2,2,1,2
3.85,3.5,0.7222222222222222,10,4,3,5,3,3,4,4,3,2,4
1.15,1.0,0.0,10,1,1,1,1,1,1,1,1,1,1
1.24,1.5,0.2777777777777778,10,2,1,1,2,1,2,2,2,1,1
4.3100000000000005,4.1,0.7666666666666666,10,4,4,3,5,3,5,5,5,3,4
4.95,5.0,0.0,10,5,5,5,5,5,5,5,5,5,5
4.98,5.0,0.0,10,5,5,5,5,5,5,5,5,5,5
3.85,4.1,0.7666666666666666,10,4,5,4,5,5,5,4,3,3,3
4.63,4.7,0.4555555555555555,10,4,5,5,5,5,5,5,3,5,5
4.35,4.4,0.4888888888888888,10,5,4,5,5,5,3,4,4,5,4
4.3100000000000005,4.1,0.9888888888888887,10,4,5,3,4,4,5,4,5,2,5
3.86,3.9,0.9888888888888892,10,5,5,4,4,4,3,4,5,2,3
3.22,3.0,1.5555555555555556,10,2,3,1,4,2,4,5,4,3,2
2.34,1.8,0.6222222222222222,10,1,3,2,1,2,2,3,1,2,1
4.07,4.3,0.6777777777777777,10,3,5,3,5,4,5,5,5,4,4
3.7,3.8,0.39999999999999997,10,3,4,4,4,4,4,3,3,4,5
4.63,4.7,0.23333333333333334,10,5,5,4,5,5,5,4,5,5,4
2.78,2.9,0.9888888888888889,10,2,3,4,2,3,1,4,4,3,3
3.82,3.5,1.1666666666666667,10,4,4,4,4,1,3,3,3,4,5
3.8,4.0,0.6666666666666666,10,4,4,3,5,5,4,3,4,3,5
1.11,1.1,0.09999999999999999,10,2,1,1,1,1,1,1,1,1,1
1.06,1.1,0.09999999999999999,10,2,1,1,1,1,1,1,1,1,1
3.28,3.5,0.7222222222222222,10,3,3,3,4,5,4,2,4,3,4
4.54,4.4,0.4888888888888888,10,5,5,5,4,4,3,5,4,4,5
1.02,1.0,0.0,10,1,1,1,1,1,1,1,1,1,1
3.44,3.3,1.1222222222222222,10,5,4,3,3,2,3,3,2,5,3
1.87,2.0,1.5555555555555556,10,2,3,1,5,2,1,2,1,2,1
4.99,4.9,0.09999999999999996,10,4,5,5,5,5,5,5,5,5,5
2.9,2.4,0.7111111111111111,10,2,3,3,2,3,1,2,4,2,2
4.38,4.4,0.4888888888888888,10,5,5,5,4,5,3,4,4,4,5
2.35,2.0,0.8888888888888888,10,1,3,2,3,3,1,2,3,1,1
3.44,3.6,1.8222222222222224,10,5,2,5,4,1,4,3,5,3,4
3.39,3.4,1.1555555555555557,10,4,4,4,4,2,4,5,2,3,2
3.81,4.2,0.6222222222222222,10,5,4,3,3,4,5,4,5,4,5
1.62,1.6,0.2666666666666667,10,2,1,1,2,2,2,2,2,1,1
1.93,1.8,0.4000000000000001,10,2,1,3,1,1,2,2,2,2,2
2.47,2.0,0.8888888888888888,10,2,1,2,2,4,2,2,1,3,1
2.09,2.1,0.7666666666666666,10,2,4,2,1,1,3,2,2,2,2
2.07,2.0,0.8888888888888888,10,1,2,2,3,3,1,3,1,3,1
3.51,3.4,1.6,10,5,2,5,4,3,3,4,4,1,3
3.84,3.6,0.9333333333333333,10,3,4,3,3,5,4,3,2,4,5
3.0,2.9,0.9888888888888887,10,1,4,2,3,2,4,4,3,3,3
2.78,2.4,0.7111111111111112,10,2,1,2,2,4,3,3,2,2,3
4.73,4.6,0.2666666666666667,10,5,5,4,4,5,5,4,5,4,5
3.3600000000000003,3.4,1.1555555555555554,10,3,3,3,4,4,3,4,1,5,4
1.12,1.1,0.09999999999999999,10,1,1,1,1,1,1,2,1,1,1
4.93,4.7,0.23333333333333334,10,5,5,5,5,5,4,4,4,5,5
1.66,1.9,0.09999999999999999,10,2,2,2,2,2,1,2,2,2,2
3.83,3.7,0.6777777777777777,10,4,2,4,4,3,5,3,4,4,4
1.26,1.2,0.4,10,1,1,1,1,1,1,3,1,1,1
1.86,1.6,0.2666666666666667,10,2,1,2,2,1,2,1,2,1,2
3.99,3.8,1.0666666666666667,10,4,3,2,5,4,3,5,3,5,4
4.74,4.9,0.09999999999999998,10,5,5,5,5,4,5,5,5,5,5
1.33,1.9,0.5444444444444446,10,2,3,1,2,2,2,1,1,2,3
3.26,2.9,0.5444444444444446,10,2,3,4,3,4,3,3,3,2,2
3.99,4.4,0.48888888888888893,10,5,5,4,4,4,5,5,4,5,3
2.77,3.1,0.9888888888888889,10,3,2,2,3,5,2,4,3,4,3
3.22,2.4,0.9333333333333336,10,4,3,1,3,3,2,2,1,3,2
4.67,4.9,0.09999999999999999,10,5,5,5,5,5,5,5,5,4,5
2.49,2.6,1.6,10,3,2,1,4,3,1,4,3,4,1
1.64,1.4,0.48888888888888915,10,1,3,2,1,1,2,1,1,1,1
2.32,2.6,0.9333333333333333,10,2,3,4,1,2,2,2,4,3,3
2.15,2.1,0.7666666666666666,10,2,2,1,3,2,3,1,3,1,3
4.23,4.4,0.26666666666666666,10,4,5,4,4,4,4,5,4,5,5
4.76,4.9,0.09999999999999999,10,5,5,5,5,5,5,5,5,5,4
1.37,1.2,0.1777777777777778,10,1,1,1,2,1,1,1,2,1,1
4.76,5.0,0.0,10,5,5,5,5,5,5,5,5,5,5
2.54,2.7,1.1222222222222222,10,2,1,4,4,2,4,3,2,2,3
2.44,3.2,1.0666666666666669,10,4,3,3,2,5,4,2,3,2,4
1.24,1.2,0.17777777777777784,10,2,1,2,1,1,1,1,1,1,1
1.45,1.1,0.09999999999999999,10,1,1,2,1,1,1,1,1,1,1
2.39,2.0,1.5555555555555556,10,1,2,1,3,2,1,1,5,2,2
2.34,2.2,0.39999999999999997,10,3,2,3,1,2,2,2,3,2,2
1.98,1.8,0.4000000000000001,10,1,2,1,2,2,2,1,3,2,2
2.75,2.8,1.288888888888889,10,3,2,3,5,2,4,3,3,1,2
2.84,2.6,1.1555555555555552,10,1,4,4,3,4,2,2,2,2,2
4.15,4.4,0.4888888888888888,10,3,5,5,5,4,5,4,4,4,5
2.88,2.7,1.1222222222222222,10,2,4,3,4,2,2,1,2,3,4
3.81,3.5,0.7222222222222222,10,2,4,5,3,4,4,3,3,3,4
3.49,3.9,0.5444444444444445,10,4,5,3,5,4,4,4,4,3,3
2.98,3.4,1.377777777777778,10,4,5,3,3,4,1,5,3,3,3
4.68,5.0,0.0,10,5,5,5,5,5,5,5,5,5,5
3.73,3.9,0.5444444444444443,10,5,5,3,3,4,3,4,4,4,4
4.5600000000000005,4.2,0.17777777777777773,10,5,4,4,4,4,5,4,4,4,4
1.23,1.1,0.09999999999999999,10,1,1,1,1,1,2,1,1,1,1
3.55,3.3,1.1222222222222222,10,1,3,5,3,3,4,3,4,4,3
4.87,5.0,0.0,10,5,5,5,5,5,5,5,5,5,5
3.09,3.1,0.5444444444444444,10,3,4,3,2,4,3,2,3,3,4
1.03,1.0,0.0,10,1,1,1,1,1,1,1,1,1,1
2.44,2.2,0.39999999999999997,10,3,2,3,2,1,2,2,3,2,2
3.52,3.8,1.5111111111111113,10,5,1,5,4,4,4,3,3,4,5
4.4,4.3,0.6777777777777778,10,5,4,5,4,4,5,5,3,5,3
3.28,3.2,1.2888888888888892,10,5,5,3,3,2,3,2,4,2,3
1.44,1.8,0.8444444444444446,10,1,3,2,3,1,2,1,1,1,3
2.96,2.8,1.0666666666666669,10,3,4,2,3,4,1,2,3,2,4
4.9,4.7,0.23333333333333334,10,5,5,5,4,5,5,4,5,4,5
1.09,1.1,0.09999999999999999,10,1,2,1,1,1,1,1,1,1,1
1.98,1.9,0.9888888888888889,10,1,3,1,3,1,1,3,2,3,1
1.87,2.0,1.1111111111111112,10,1,3,2,2,1,1,2,3,1,4
4.26,4.1,0.7666666666666665,10,5,5,4,5,4,4,4,4,2,4
4.01,3.6,0.9333333333333333,10,4,3,4,2,3,3,5,4,5,3
1.7,1.5,0.5,10,1,2,1,1,2,3,2,1,1,1
4.05,4.0,1.5555555555555556,10,2,5,4,5,5,2,4,5,3,5
3.16,3.2,0.17777777777777773,10,3,3,3,4,4,3,3,3,3,3
4.14,4.3,1.1222222222222222,10,5,3,4,5,5,4,5,5,2,5
3.94,4.4,0.711111111111111,10,3,5,4,4,3,5,5,5,5,5
2.41,2.7,0.6777777777777777,10,2,4,3,2,2,3,2,4,2,3
3.83,3.7,0.8999999999999999,10,5,3,3,4,4,4,5,2,4,3
1.86,1.8,0.6222222222222222,10,1,1,3,1,2,3,2,2,1,2
3.03,3.3,0.6777777777777778,10,4,3,4,3,4,4,2,4,3,2
2.18,2.1,0.5444444444444443,10,2,2,3,1,1,3,2,2,3,2
3.79,4.2,0.8444444444444444,10,4,5,5,5,4,5,3,3,3,5
2.29,2.8,0.6222222222222222,10,4,2,2,2,3,3,4,3,3,2
3.95,4.3,0.23333333333333334,10,4,5,5,4,4,4,4,4,5,4
2.28,2.4,0.7111111111111114,10,2,4,1,2,2,3,2,3,2,3
3.05,3.2,0.8444444444444444,10,3,3,2,4,3,5,3,2,3,4
1.1,1.3,0.23333333333333334,10,1,1,2,1,1,1,2,1,2,1
1.19,1.1,0.09999999999999999,10,1,1,1,1,1,2,1,1,1,1
3.4,3.7,0.6777777777777777,10,4,5,4,4,4,2,3,4,3,4
2.7,2.5,1.1666666666666667,10,1,3,3,4,1,2,2,3,4,2
4.7,5.0,0.0,10,5,5,5,5,5,5,5,5,5,5
3.78,4.2,0.39999999999999997,10,4,5,4,5,4,4,5,3,4,4
3.69,3.6,1.3777777777777775,10,4,5,4,5,1,3,3,4,4,3
4.13,4.0,1.1111111111111112,10,3,4,4,2,3,4,5,5,5,5
2.68,3.0,1.3333333333333333,10,3,3,2,5,2,2,5,3,2,3
4.67,4.8,0.17777777777777773,10,5,5,4,4,5,5,5,5,5,5
1.98,1.5,0.2777777777777778,10,2,1,2,1,2,2,1,2,1,1
1.68,1.7,0.6777777777777778,10,2,3,1,2,1,3,1,2,1,1
4.67,4.8,0.17777777777777773,10,5,5,5,4,5,5,5,4,5,5
3.98,4.2,0.6222222222222222,10,5,4,5,3,4,4,5,3,4,5
4.65,4.8,0.17777777777777776,10,5,5,5,5,5,4,5,5,5,4
2.35,2.7,0.4555555555555555,10,3,3,3,2,4,2,3,2,3,2
2.68,3.1,0.9888888888888889,10,4,3,3,2,2,2,5,3,3,4
3.5,4.0,1.1111111111111112,10,3,2,4,4,5,3,5,4,5,5
1.52,1.4,0.48888888888888915,10,3,2,1,2,1,1,1,1,1,1
1.83,2.2,1.5111111111111115,10,2,5,1,2,1,3,3,2,1,2
2.21,2.5,0.9444444444444444,10,2,2,2,2,4,2,3,4,3,1
3.97,4.1,0.5444444444444444,10,3,5,5,4,4,5,4,4,4,3
4.220000000000001,4.3,0.4555555555555555,10,4,3,4,5,4,4,5,5,4,5
1.41,1.4,0.48888888888888904,10,1,1,3,1,1,2,2,1,1,1
2.15,2.1,0.9888888888888889,10,3,1,3,1,3,1,3,1,2,3
4.76,4.9,0.09999999999999999,10,5,5,5,5,5,5,4,5,5,5
1.91,1.4,0.2666666666666667,10,2,1,1,1,1,2,2,2,1,1
2.2,2.3,1.1222222222222222,10,3,2,1,4,3,1,2,1,3,3
3.89,3.8,0.8444444444444444,10,4,3,4,4,3,2,5,4,5,4
3.22,3.4,1.8222222222222224,10,5,4,2,2,3,4,4,4,5,1
3.66,3.8,0.6222222222222222,10,4,3,4,3,3,3,5,5,4,4
2.98,2.6,1.3777777777777778,10,4,4,1,2,3,1,2,2,3,4
1.21,1.1,0.09999999999999999,10,1,1,1,2,1,1,1,1,1,1
1.44,1.3,0.23333333333333334,10,1,2,1,1,1,1,1,2,2,1
2.69,2.8,0.8444444444444444,10,2,3,2,2,4,4,2,4,2,3
3.09,2.7,0.8999999999999999,10,2,3,3,2,2,4,3,4,1,3
1.15,1.2,0.4,10,1,1,1,1,1,1,1,1,1,3
1.83,1.6,0.2666666666666667,10,2,2,1,1,2,2,1,1,2,2
2.04,2.4,0.9333333333333336,10,4,2,2,2,3,2,1,4,2,2
3.67,3.7,0.8999999999999999,10,5,2,3,4,4,5,3,4,4,3
2.89,3.2,1.9555555555555557,10,5,4,3,2,5,2,4,1,4,2
4.62,4.8,0.17777777777777776,10,5,5,5,5,5,4,5,5,5,4
1.12,1.1,0.09999999999999999,10,1,2,1,1,1,1,1,1,1,1
4.36,4.9,0.09999999999999999,10,5,5,5,5,5,5,5,5,5,4
2.6100000000000003,2.8,1.9555555555555557,10,4,3,4,5,3,1,3,3,1,1
4.88,4.7,0.23333333333333334,10,5,5,5,4,5,4,5,4,5,5
2.97,3.2,0.6222222222222222,10,2,3,3,4,2,4,3,3,4,4
4.720000000000001,4.5,0.5,10,4,5,5,5,5,5,3,4,4,5
2.48,2.3,0.8999999999999999,10,1,1,2,3,3,2,4,3,2,2
2.94,3.2,1.2888888888888888,10,2,3,4,2,3,3,3,2,5,5
2.63,2.6,0.48888888888888893,10,3,2,3,2,2,3,2,4,2,3
1.66,1.7,0.6777777777777777,10,2,1,2,1,3,1,1,1,3,2
2.3,2.4,1.155555555555556,10,3,4,1,3,1,2,2,4,2,2
1.94,1.9,0.5444444444444444,10,2,1,1,2,2,1,3,3,2,2
3.85,4.1,0.7666666666666666,10,3,5,5,4,4,5,4,5,3,3
1.15,1.1,0.09999999999999999,10,1,1,1,1,2,1,1,1,1,1
2.14,2.2,1.288888888888889,10,1,1,3,1,4,3,1,2,3,3
4.76,4.7,0.23333333333333334,10,4,5,5,5,4,5,4,5,5,5
1.35,1.3,0.23333333333333334,10,1,1,1,2,1,2,1,1,2,1
2.13,2.6,1.1555555555555557,10,2,2,3,3,2,3,3,2,1,5
1.93,1.8,0.4000000000000001,10,2,1,2,3,2,1,2,2,1,2
4.42,4.1,0.3222222222222222,10,4,4,4,4,5,4,3,5,4,4
1.61,1.5,0.5,10,1,1,3,2,1,2,1,1,2,1
1.67,1.6,0.7111111111111111,10,1,1,1,2,1,3,1,3,1,2
1.0,1.0,0.0,10,1,1,1,1,1,1,1,1,1,1
4.6,5.0,0.0,10,5,5,5,5,5,5,5,5,5,5
3.37,3.6,1.3777777777777773,10,4,4,4,1,5,3,3,3,5,4
3.38,3.7,1.1222222222222222,10,4,5,5,3,2,3,3,4,3,5
4.95,5.0,0.0,10,5,5,5,5,5,5,5,5,5,5
3.86,4.1,0.7666666666666666,10,4,4,5,5,4,5,5,3,3,3
4.14,4.0,1.3333333333333333,10,5,4,4,2,5,5,5,2,4,4
4.44,4.7,0.23333333333333334,10,4,5,4,5,5,5,5,5,4,5
3.27,3.1,0.5444444444444444,10,3,4,2,4,4,3,3,2,3,3
2.75,2.5,0.9444444444444444,10,2,1,2,2,4,2,3,3,4,2
3.66,3.9,0.9888888888888889,10,5,5,3,4,3,5,5,3,3,3
1.61,1.7,1.1222222222222222,10,1,1,1,1,3,2,1,2,4,1
1.32,1.4,0.48888888888888893,10,1,1,1,2,1,2,1,3,1,1
1.13,1.1,0.1,10,1,1,1,1,1,1,1,1,1,2
1.12,1.2,0.17777777777777784,10,2,1,2,1,1,1,1,1,1,1
4.220000000000001,4.4,0.711111111111111,10,5,5,4,3,3,5,5,4,5,5
3.18,3.6,0.48888888888888893,10,4,3,4,4,3,3,3,5,3,4
1.36,1.6,0.9333333333333331,10,2,2,1,1,1,1,2,4,1,1
2.78,2.9,1.4333333333333336,10,1,3,4,5,2,3,3,2,2,4
1.8,1.8,0.8444444444444444,10,3,1,1,2,1,3,2,1,1,3
1.25,1.5,0.5,10,1,1,1,2,3,2,1,2,1,1
2.37,2.4,0.7111111111111114,10,1,4,3,3,2,2,2,2,2,3
4.21,4.5,0.2777777777777778,10,4,5,4,5,5,5,4,5,4,4
3.87,3.8,0.6222222222222222,10,4,5,3,3,3,5,3,4,4,4
1.73,1.6,0.9333333333333333,10,3,1,1,1,1,3,1,1,1,3
3.67,3.6,0.7111111111111112,10,4,4,5,3,2,4,4,3,3,4
2.74,2.7,0.6777777777777777,10,3,3,4,2,1,2,3,3,3,3
4.7700000000000005,5.0,0.0,10,5,5,5,5,5,5,5,5,5,5
1.58,1.6,0.48888888888888904,10,3,1,2,1,2,1,1,2,2,1
4.02,4.1,0.5444444444444444,10,4,3,4,3,5,4,5,4,4,5
3.19,3.4,0.7111111111111112,10,3,2,4,2,4,3,4,4,4,4
3.1100000000000003,3.0,0.6666666666666666,10,2,4,3,4,2,3,3,4,3,2
1.71,2.0,0.6666666666666666,10,1,2,1,3,2,3,3,2,1,2
2.7,2.8,0.8444444444444444,10,3,2,4,3,3,3,4,2,1,3
3.23,3.6,0.7111111111111111,10,3,4,4,3,4,4,3,5,4,2
3.45,3.0,0.8888888888888888,10,4,2,2,3,4,2,4,4,3,2
4.36,4.3,0.4555555555555555,10,4,5,4,4,4,3,5,4,5,5
4.01,3.8,0.39999999999999997,10,4,4,3,3,4,4,4,5,4,3
2.37,2.2,0.6222222222222222,10,2,2,2,2,3,2,2,4,1,2
1.41,1.4,0.2666666666666667,10,1,2,2,1,1,1,1,1,2,2
2.77,3.1,1.6555555555555557,10,1,2,2,4,4,3,4,5,4,2
4.46,4.0,0.2222222222222222,10,4,4,4,4,4,4,3,4,4,5
1.16,1.2,0.17777777777777784,10,1,2,2,1,1,1,1,1,1,1
1.68,1.5,0.2777777777777778,10,2,1,1,2,1,2,2,1,1,2
3.76,3.9,0.5444444444444443,10,4,4,5,4,3,5,3,4,4,3
3.62,3.7,1.3444444444444443,10,5,4,2,2,3,4,5,3,5,4
2.4,2.0,1.1111111111111112,10,2,2,3,1,1,2,4,1,3,1
3.07,3.2,0.6222222222222222,10,3,4,3,3,4,4,3,2,2,4
3.28,3.4,1.1555555555555557,10,2,2,4,3,5,3,5,3,3,4
1.19,1.4,0.2666666666666667,10,1,2,2,2,2,1,1,1,1,1
4.03,3.9,0.9888888888888889,10,4,4,3,5,3,5,4,2,4,5
4.49,4.1,0.5444444444444444,10,4,4,4,5,3,5,4,3,5,4
4.970000000000001,5.0,0.0,10,5,5,5,5,5,5,5,5,5,5
2.78,2.6,0.7111111111111112,10,4,2,2,2,3,4,2,3,2,2
3.22,3.3,0.6777777777777777,10,3,3,5,4,3,3,4,3,3,2
1.84,1.7,0.4555555555555555,10,1,1,1,3,2,2,2,2,1,2
1.44,1.4,0.48888888888888904,10,2,1,2,3,1,1,1,1,1,1
3.39,3.4,0.2666666666666667,10,4,4,4,4,3,3,3,3,3,3
1.8,1.7,0.4555555555555555,10,1,2,1,1,3,2,1,2,2,2
4.88,4.8,0.17777777777777773,10,5,4,5,5,5,5,5,5,5,4
3.34,3.5,0.9444444444444444,10,4,3,3,4,3,3,5,5,2,3
4.45,4.4,0.2666666666666667,10,5,4,5,4,4,5,4,4,4,5
1.96,2.0,0.6666666666666666,10,1,2,1,3,2,2,1,2,3,3
3.73,4.0,0.6666666666666666,10,4,4,3,3,4,4,5,5,5,3
1.29,1.3,0.23333333333333334,10,1,2,1,1,2,1,2,1,1,1
1.35,1.3,0.23333333333333334,10,1,1,2,2,1,1,1,1,1,2
2.74,3.2,0.39999999999999997,10,4,3,3,3,2,4,3,4,3,3
3.96,3.8,1.0666666666666669,10,4,3,4,2,5,3,4,3,5,5
2.37,2.5,0.9444444444444444,10,2,3,1,3,1,3,2,4,3,3
1.81,1.9,0.5444444444444444,10,3,1,2,2,1,3,2,2,2,1
1.06,1.1,0.09999999999999999,10,1,1,1,2,1,1,1,1,1,1
4.0,3.5,0.9444444444444444,10,5,3,3,4,3,3,3,4,2,5
2.72,2.3,0.8999999999999999,10,2,2,3,2,1,3,4,2,3,1
2.65,2.7,0.6777777777777777,10,3,2,2,4,3,2,4,2,2,3
2.43,2.7,2.011111111111111,10,2,4,4,2,1,1,4,4,1,4
3.06,3.1,0.5444444444444445,10,2,4,3,3,4,3,3,2,4,3
1.1,1.1,0.09999999999999999,10,1,2,1,1,1,1,1,1,1,1
1.64,1.7,0.45555555555555544,10,1,2,3,2,2,1,2,1,1,2
4.15,3.5,0.7222222222222222,10,5,4,3,3,3,4,2,3,4,4
2.91,3.0,0.4444444444444444,10,4,3,3,2,3,3,3,3,2,4
3.66,4.1,0.5444444444444444,10,4,5,4,3,5,4,5,4,3,4
2.62,2.3,0.8999999999999999,10,1,2,1,2,2,3,2,3,4,3
2.33,2.4,0.7111111111111112,10,1,2,3,2,2,2,4,3,2,3
1.73,1.2,0.1777777777777778,10,1,1,1,1,1,2,1,2,1,1
4.23,4.5,0.5,10,5,4,5,4,3,5,5,5,4,5
2.24,2.0,0.6666666666666666,10,3,1,2,2,2,3,2,3,1,1
1.34,1.2,0.1777777777777778,10,1,1,2,1,2,1,1,1,1,1
2.67,2.6,0.48888888888888893,10,2,2,3,3,3,2,2,2,3,4
2.01,1.7,0.6777777777777777,10,2,1,1,3,1,2,1,3,1,2
1.13,1.2,0.1777777777777778,10,1,1,1,2,1,1,2,1,1,1
2.12,1.9,0.32222222222222224,10,2,2,2,3,1,2,2,1,2,2
3.16,2.9,0.7666666666666666,10,3,1,3,3,2,4,4,3,3,3
1.1800000000000002,1.0,0.0,10,1,1,1,1,1,1,1,1,1,1
1.13,1.1,0.1,10,1,1,1,1,1,1,1,1,2,1
1.52,1.6,0.2666666666666667,10,1,2,2,2,1,2,2,1,2,1
2.42,2.1,0.7666666666666667,10,1,3,3,2,2,2,3,3,1,1
4.1,4.2,0.8444444444444444,10,5,3,5,3,4,5,5,3,5,4
4.7700000000000005,4.2,0.6222222222222222,10,5,3,3,5,4,4,5,4,5,4
2.38,2.5,0.7222222222222222,10,2,2,3,3,3,2,2,1,4,3
3.21,3.4,0.48888888888888893,10,4,4,3,4,3,3,4,2,3,4
3.23,3.5,0.5,10,3,4,5,3,3,4,3,3,4,3
1.84,1.8,0.4000000000000001,10,1,2,2,2,1,1,2,2,3,2
1.42,1.4,0.2666666666666667,10,2,2,2,1,2,1,1,1,1,1
2.98,3.0,0.6666666666666666,10,4,3,4,2,3,2,4,3,3,2
1.19,1.2,0.17777777777777784,10,1,2,1,1,1,1,1,1,2,1
1.01,1.0,0.0,10,1,1,1,1,1,1,1,1,1,1
3.48,3.9,1.4333333333333333,10,5,2,5,5,3,5,4,2,4,4
1.39,1.4,0.7111111111111111,10,1,1,1,1,1,1,1,3,3,1
4.470000000000001,4.5,0.5,10,4,4,5,3,4,5,5,5,5,5
3.43,3.9,0.9888888888888887,10,3,2,4,4,5,5,4,4,3,5
3.12,2.8,1.5111111111111108,10,3,1,3,3,3,2,3,1,4,5
4.12,4.4,0.48888888888888893,10,5,5,5,4,4,5,4,5,3,4
3.4,3.8,1.0666666666666669,10,3,4,3,3,5,4,4,5,2,5
4.41,4.1,0.5444444444444444,10,4,4,5,4,3,4,3,5,5,4
1.97,2.3,1.3444444444444443,10,3,1,2,4,4,1,2,2,1,3
2.8600000000000003,2.5,0.5,10,3,3,2,2,2,2,2,3,2,4
1.32,1.2,0.1777777777777778,10,1,1,2,1,1,2,1,1,1,1
1.0,1.0,0.0,10,1,1,1,1,1,1,1,1,1,1
1.44,1.3,0.23333333333333334,10,2,1,2,2,1,1,1,1,1,1
3.61,3.3,2.011111111111111,10,2,5,5,2,4,1,4,4,4,2
4.96,5.0,0.0,10,5,5,5,5,5,5,5,5,5,5
4.43,4.5,0.2777777777777778,10,4,5,4,5,5,5,4,4,4,5
3.49,2.8,1.0666666666666667,10,3,2,4,2,2,1,4,3,4,3
3.67,3.3,1.1222222222222222,10,4,3,2,5,2,3,5,3,3,3
3.57,3.4,1.5999999999999999,10,5,4,3,3,1,4,5,3,4,2
1.68,1.8,0.6222222222222222,10,1,2,1,2,3,1,2,3,1,2
2.79,2.3,0.6777777777777777,10,2,3,2,2,2,1,2,4,3,2
4.55,4.4,0.48888888888888893,10,4,4,4,5,5,4,3,5,5,5
2.82,2.8,1.5111111111111113,10,2,2,2,4,4,5,2,3,3,1
4.720000000000001,4.9,0.09999999999999999,10,5,5,5,5,5,5,4,5,5,5
1.26,1.4,0.2666666666666667,10,1,1,1,1,2,2,2,1,2,1
4.2700000000000005,4.7,0.23333333333333334,10,5,4,5,5,4,5,5,4,5,5
4.25,4.1,0.5444444444444444,10,5,4,4,4,4,3,5,4,3,5
4.15,4.3,0.4555555555555555,10,5,3,4,5,4,4,5,4,4,5
1.23,1.2,0.1777777777777778,10,1,1,1,1,1,2,2,1,1,1
3.64,3.3,0.8999999999999999,10,2,4,2,3,3,3,5,4,3,4
1.37,1.2,0.1777777777777778,10,1,1,1,1,1,2,1,1,1,2
4.23,4.5,0.2777777777777778,10,4,5,4,5,5,4,5,5,4,4
3.67,3.3,0.8999999999999999,10,5,3,4,4,2,2,3,4,3,3
2.78,2.9,1.2111111111111112,10,2,2,4,3,4,4,4,2,1,3
1.68,1.6,0.48888888888888893,10,1,2,1,1,2,2,3,1,1,2
1.62,1.3,0.23333333333333334,10,1,1,1,2,2,1,1,1,2,1
3.82,4.2,0.6222222222222222,10,4,3,3,5,4,5,5,5,4,4
4.3,4.2,0.39999999999999997,10,4,4,4,4,5,4,5,3,5,4
2.37,2.3,1.5666666666666667,10,2,1,2,4,1,4,2,1,2,4
4.13,4.2,0.6222222222222222,10,4,4,4,3,4,5,5,5,5,3
1.85,2.2,0.39999999999999997,10,3,3,1,2,2,2,2,2,2,3
4.73,4.8,0.17777777777777773,10,5,4,5,5,5,5,5,5,5,4
3.03,2.5,0.7222222222222222,10,2,1,3,3,2,2,3,4,3,2
4.43,4.4,0.9333333333333333,10,5,5,5,4,5,5,4,5,2,4
3.79,3.6,1.3777777777777778,10,5,5,5,3,4,4,3,3,2,2
2.6100000000000003,2.5,1.1666666666666667,10,3,2,1,1,2,3,2,3,4,4
1.2,1.1,0.09999999999999999,10,1,1,2,1,1,1,1,1,1,1
1.6,1.8,0.6222222222222222,10,1,1,1,2,3,2,1,2,2,3
3.14,3.2,0.39999999999999997,10,2,4,4,3,3,3,3,3,3,4
2.36,1.6,0.48888888888888904,10,2,1,2,1,3,2,1,1,2,1
1.49,1.5,0.5,10,3,2,2,1,1,1,1,1,2,1
1.95,1.6,0.9333333333333333,10,2,1,1,1,1,1,4,2,1,2
1.76,1.9,0.5444444444444445,10,3,2,2,3,2,1,2,1,2,1
2.11,2.0,0.4444444444444444,10,2,3,1,2,3,2,2,2,1,2
4.74,4.5,0.5,10,3,4,4,5,5,5,5,5,5,4
3.59,3.6,1.3777777777777778,10,3,3,2,2,5,4,5,5,3,4
2.62,2.5,1.6111111111111112,10,2,3,1,2,3,2,2,5,1,4
4.35,4.2,1.0666666666666669,10,5,5,4,3,2,4,5,5,4,5
4.21,4.2,0.39999999999999997,10,4,4,5,3,4,5,4,4,4,5
4.51,4.1,0.5444444444444444,10,5,4,4,5,5,4,3,3,4,4
4.05,3.9,0.5444444444444445,10,4,4,3,5,4,4,4,3,5,3
1.29,1.3,0.23333333333333334,10,2,1,2,1,1,1,1,1,1,2
1.97,2.2,1.0666666666666669,10,1,2,3,2,4,1,2,3,1,3
1.42,1.2,0.1777777777777778,10,1,1,1,1,2,1,1,1,1,2
1.67,1.8,0.4000000000000001,10,2,3,1,1,2,2,2,1,2,2
1.29,1.2,0.17777777777777784,10,2,1,1,1,1,1,1,2,1,1
4.7,4.4,0.26666666666666666,10,5,4,4,4,4,4,5,5,4,5
2.33,2.5,0.5,10,3,3,3,3,1,2,3,2,2,3
4.01,4.3,0.4555555555555555,10,5,5,3,5,4,4,4,4,5,4
3.25,3.5,1.1666666666666667,10,3,3,3,2,5,2,4,5,4,4
4.82,4.9,0.09999999999999998,10,5,5,5,4,5,5,5,5,5,5
4.61,4.5,0.5,10,4,5,4,4,5,5,5,5,5,3
4.32,4.4,0.26666666666666666,10,5,5,5,4,4,5,4,4,4,4
1.6,1.8,0.4000000000000001,10,1,2,2,1,2,3,1,2,2,2
2.95,2.5,0.7222222222222222,10,2,3,2,3,3,4,2,2,1,3
4.7700000000000005,4.8,0.17777777777777773,10,5,5,5,5,4,5,5,4,5,5
1.11,1.2,0.1777777777777778,10,1,1,1,2,1,1,1,1,2,1
2.07,2.4,0.9333333333333333,10,3,1,1,2,4,2,3,3,3,2
1.15,1.1,0.09999999999999999,10,1,1,1,2,1,1,1,1,1,1
3.78,3.3,1.3444444444444443,10,2,3,4,5,3,2,3,5,4,2
2.12,2.2,0.8444444444444444,10,4,2,1,3,2,2,1,2,2,3
1.16,1.0,0.0,10,1,1,1,1,1,1,1,1,1,1
1.87,2.2,0.6222222222222222,10,3,2,2,2,3,1,1,3,2,3
3.25,3.2,0.8444444444444444,10,4,3,2,3,5,3,3,2,3,4
4.33,4.5,0.5,10,3,4,5,4,5,5,5,5,4,5
3.93,4.0,1.1111111111111112,10,3,4,4,5,5,5,2,3,4,5
1.93,1.4,0.2666666666666667,10,2,2,1,1,1,1,2,1,1,2
2.54,3.0,1.3333333333333333,10,1,4,3,2,4,3,3,2,5,3
4.79,4.8,0.17777777777777773,10,5,5,5,5,4,5,5,5,4,5
1.4,1.3,0.23333333333333334,10,2,2,1,1,2,1,1,1,1,1
2.43,2.8,0.8444444444444444,10,1,4,3,4,3,2,3,2,3,3
1.05,1.1,0.09999999999999999,10,1,1,2,1,1,1,1,1,1,1
4.8100000000000005,4.7,0.4555555555555555,10,5,5,5,5,5,5,4,3,5,5
3.44,3.0,0.6666666666666666,10,2,4,3,2,3,4,3,2,4,3
1.5,1.7,0.23333333333333334,10,2,1,2,2,1,2,1,2,2,2
3.03,2.6,0.48888888888888893,10,3,3,3,2,2,2,3,4,2,2
3.7,3.6,1.3777777777777778,10,3,5,5,5,2,4,2,3,3,4
2.87,2.7,1.1222222222222222,10,3,2,2,2,2,4,2,5,3,2
3.19,3.2,2.1777777777777776,10,5,3,4,4,4,3,1,1,5,2
4.94,5.0,0.0,10,5,5,5,5,5,5,5,5,5,5
2.42,2.6,1.8222222222222224,10,2,2,4,2,5,1,3,1,4,2
2.31,1.6,0.48888888888888893,10,2,1,2,2,1,1,1,1,3,2
4.470000000000001,4.0,0.4444444444444444,10,5,4,5,4,4,4,3,3,4,4
3.37,3.4,0.48888888888888904,10,3,4,4,2,4,3,4,4,3,3
4.13,4.3,0.4555555555555555,10,4,4,5,3,5,5,4,4,5,4
1.28,1.1,0.09999999999999999,10,1,1,1,1,1,1,2,1,1,1
4.66,4.3,0.6777777777777777,10,5,5,5,5,5,3,3,4,4,4
4.470000000000001,4.5,0.2777777777777778,10,4,4,5,4,4,5,5,5,5,4
3.17,3.1,0.9888888888888889,10,4,4,3,2,2,2,4,2,4,4
2.07,2.2,0.8444444444444444,10,1,3,2,2,1,3,3,1,3,3
2.54,2.6,0.7111111111111112,10,2,4,3,4,3,2,2,2,2,2
3.52,3.5,0.7222222222222222,10,3,4,4,2,5,4,3,4,3,3
1.71,1.8,0.4000000000000001,10,2,2,1,1,2,1,3,2,2,2
4.0600000000000005,4.3,0.6777777777777777,10,5,5,5,4,5,5,4,3,4,3
3.19,3.0,0.8888888888888888,10,2,4,2,4,3,4,4,2,3,2
1.89,1.2,0.1777777777777778,10,1,1,1,1,1,2,1,1,2,1
4.01,4.1,0.9888888888888889,10,5,5,4,3,4,5,2,4,5,4
2.58,2.6,0.48888888888888893,10,3,2,3,2,3,2,2,3,4,2
1.5,1.4,0.2666666666666667,10,2,2,1,2,1,1,1,1,2,1
1.33,1.3,0.23333333333333334,10,1,2,1,1,2,1,1,1,2,1
3.43,3.4,0.2666666666666667,10,4,3,3,3,4,4,3,3,3,4
1.78,1.6,0.9333333333333333,10,1,2,1,2,1,1,1,1,4,2
2.39,2.6,0.9333333333333333,10,3,2,3,2,2,1,4,4,3,2
3.67,4.0,0.4444444444444444,10,4,3,4,4,3,4,4,5,5,4
4.51,4.3,0.6777777777777777,10,3,5,5,4,5,5,4,3,5,4
4.13,3.8,1.0666666666666669,10,2,4,5,4,5,3,3,5,4,3
3.02,3.0,0.4444444444444444,10,3,3,3,2,3,3,4,2,4,3
2.85,2.9,1.2111111111111112,10,2,5,3,2,4,3,2,2,4,2
3.75,4.0,0.6666666666666666,10,3,3,4,4,5,3,4,4,5,5
2.24,2.2,0.39999999999999997,10,2,2,2,2,2,2,3,3,1,3
4.76,4.6,0.26666666666666666,10,5,5,4,5,5,4,4,5,5,4
1.46,1.5,0.5,10,3,1,1,2,1,1,1,2,2,1
4.69,4.5,0.5,10,5,5,4,4,3,5,5,5,5,4
1.67,1.5,0.2777777777777778,10,1,1,2,1,2,2,1,1,2,2
2.8,3.4,2.0444444444444447,10,3,5,5,3,4,2,4,1,5,2
3.12,2.9,1.6555555555555557,10,3,4,2,3,3,5,1,4,3,1
2.83,3.0,0.6666666666666666,10,2,4,2,3,4,3,3,3,2,4
2.48,2.4,0.7111111111111112,10,3,1,3,1,2,3,3,2,3,3
3.46,3.6,0.7111111111111112,10,4,4,3,3,4,2,4,4,5,3
1.33,1.4,0.2666666666666667,10,1,1,2,1,1,2,1,1,2,2
4.25,3.9,0.9888888888888887,10,3,5,5,2,4,4,4,3,4,5
3.93,4.6,0.4888888888888888,10,5,5,5,5,5,4,5,3,5,4
4.05,4.0,0.6666666666666666,10,3,3,4,4,5,5,5,4,4,3
4.8100000000000005,4.9,0.09999999999999999,10,5,5,5,5,5,5,5,5,4,5
3.7,3.5,1.3888888888888888,10,2,3,5,2,3,3,5,5,3,4
3.24,4.2,0.6222222222222222,10,4,5,5,3,5,5,4,4,3,4
2.11,2.2,0.6222222222222222,10,2,1,3,1,2,2,3,3,2,3
2.49,2.8,0.17777777777777773,10,3,3,3,3,2,3,3,3,2,3
4.17,4.2,0.8444444444444444,10,4,5,2,5,5,4,5,4,4,4
1.09,1.0,0.0,10,1,1,1,1,1,1,1,1,1,1
2.18,2.1,0.9888888888888889,10,2,2,1,1,3,2,1,2,4,3
2.39,2.4,0.7111111111111112,10,1,2,2,3,4,2,2,2,3,3
2.04,1.8,0.4000000000000001,10,1,2,2,1,2,2,1,3,2,2
1.14,1.3,0.23333333333333334,10,1,1,1,1,2,2,1,1,2,1
1.58,2.1,0.5444444444444446,10,2,3,3,1,2,2,2,3,2,1
3.16,2.9,1.8777777777777775,10,4,5,2,4,3,4,1,2,3,1
3.88,3.8,0.6222222222222222,10,5,4,3,3,3,4,4,5,4,3
3.67,3.4,1.6,10,2,3,3,4,2,5,5,3,2,5
1.73,1.7,0.23333333333333334,10,2,1,2,2,2,2,2,1,1,2
2.69,2.5,1.3888888888888888,10,1,3,2,2,4,2,4,2,4,1
2.9,3.0,0.8888888888888888,10,2,3,2,4,4,4,2,2,4,3
3.63,3.1,0.9888888888888889,10,3,4,1,4,2,3,4,3,4,3
4.4,4.4,0.9333333333333333,10,4,4,5,5,2,5,5,4,5,5
2.84,2.5,0.7222222222222222,10,3,2,2,3,1,3,2,2,3,4
3.71,3.4,1.155555555555556,10,2,2,4,4,5,3,5,3,3,3
4.8100000000000005,4.9,0.09999999999999999,10,5,5,5,5,5,5,5,5,4,5
3.45,3.1,0.9888888888888889,10,3,2,4,2,2,3,3,5,4,3
4.98,5.0,0.0,10,5,5,5,5,5,5,5,5,5,5
2.23,2.6,0.9333333333333333,10,2,4,4,3,2,1,3,3,2,2
3.89,3.9,0.9888888888888887,10,5,4,2,4,3,4,5,3,4,5
3.41,4.1,0.9888888888888887,10,5,5,2,3,5,4,4,5,4,4
2.18,1.9,0.5444444444444443,10,2,2,3,2,1,1,1,3,2,2
4.09,4.0,0.2222222222222222,10,4,4,3,4,4,4,5,4,4,4
3.98,4.2,0.6222222222222222,10,5,4,5,3,3,4,5,4,4,5
2.96,2.8,1.0666666666666667,10,3,4,3,4,2,4,3,2,2,1
3.57,3.9,1.2111111111111112,10,3,2,4,3,5,3,4,5,5,5
4.88,4.8,0.39999999999999997,10,5,3,5,5,5,5,5,5,5,5
3.74,4.1,0.3222222222222222,10,5,4,4,4,4,4,4,4,3,5
3.86,3.2,1.0666666666666669,10,3,4,4,4,4,3,1,3,4,2
1.7,1.9,0.3222222222222223,10,2,3,2,1,2,2,1,2,2,2
4.18,3.6,0.7111111111111111,10,4,3,4,4,4,3,2,4,5,3
1.42,1.3,0.23333333333333334,10,1,1,2,1,1,2,2,1,1,1
1.25,1.1,0.09999999999999999,10,1,1,2,1,1,1,1,1,1,1
1.34,1.4,0.2666666666666667,10,1,1,1,2,2,1,1,2,2,1
4.24,4.4,0.711111111111111,10,5,4,3,3,5,5,5,4,5,5
3.97,4.1,0.7666666666666666,10,5,3,4,4,5,4,3,5,3,5
3.04,2.9,1.8777777777777775,10,4,1,3,2,5,3,2,5,2,2
1.86,2.0,0.6666666666666666,10,3,3,2,2,1,2,1,1,3,2
1.76,1.5,0.7222222222222222,10,1,1,1,1,2,1,1,3,1,3
1.57,1.3,0.23333333333333334,10,1,1,2,1,2,2,1,1,1,1
3.81,3.8,0.8444444444444444,10,2,3,4,4,5,4,3,5,4,4
4.89,4.6,0.26666666666666666,10,5,5,5,5,5,4,4,4,4,5
3.94,4.2,1.0666666666666669,10,5,4,5,4,4,2,3,5,5,5
2.64,2.4,0.48888888888888893,10,2,3,3,2,3,3,1,2,2,3
3.3600000000000003,3.6,0.7111111111111112,10,4,4,4,3,2,4,4,5,3,3
2.29,2.3,0.4555555555555555,10,2,3,2,3,2,1,2,3,2,3
1.88,2.3,1.5666666666666667,10,2,3,4,1,1,3,1,4,3,1
1.63,1.6,0.48888888888888904,10,2,3,1,2,1,1,1,2,1,2
3.21,3.2,1.0666666666666669,10,2,3,3,2,4,5,2,4,3,4
1.72,1.7,0.23333333333333334,10,1,2,2,2,1,2,2,2,2,1
1.09,1.0,0.0,10,1,1,1,1,1,1,1,1,1,1
3.75,3.4,0.48888888888888904,10,4,3,3,2,4,4,3,4,4,3
3.74,3.9,0.7666666666666665,10,5,5,5,3,4,4,3,3,4,3
3.55,2.7,0.8999999999999999,10,4,3,2,3,2,1,3,2,4,3
4.01,4.0,0.6666666666666666,10,4,5,4,5,3,5,4,4,3,3
1.1800000000000002,1.5,0.5,10,1,1,3,1,1,2,1,2,2,1
3.51,3.9,0.09999999999999999,10,4,4,4,3,4,4,4,4,4,4
2.36,2.1,0.5444444444444444,10,1,3,2,2,2,1,3,2,2,3
2.3,2.1,0.7666666666666665,10,4,2,1,2,1,2,2,3,2,2
2.71,2.8,1.2888888888888894,10,5,3,4,1,3,2,2,3,3,2
3.85,4.2,0.39999999999999997,10,3,4,4,5,5,4,4,5,4,4
4.59,4.6,0.26666666666666666,10,5,5,4,5,4,4,4,5,5,5
2.14,2.1,0.5444444444444445,10,3,2,1,2,2,1,2,2,3,3
4.89,5.0,0.0,10,5,5,5,5,5,5,5,5,5,5
4.63,4.5,0.5,10,5,4,3,4,5,4,5,5,5,5
1.51,1.4,0.2666666666666667,10,2,2,1,1,2,1,1,1,2,1
3.15,3.4,0.48888888888888893,10,4,3,4,3,3,4,4,2,4,3
4.24,4.7,0.23333333333333334,10,4,5,5,5,4,5,5,4,5,5
3.95,3.8,0.39999999999999997,10,3,4,4,5,4,4,3,4,4,3
1.73,1.8,0.6222222222222222,10,3,2,1,2,1,2,3,1,2,1
2.06,2.4,0.7111111111111112,10,2,2,2,3,4,2,2,1,3,3
3.35,3.2,1.9555555555555557,10,4,5,5,3,2,4,2,4,1,2
1.1800000000000002,1.1,0.09999999999999999,10,1,1,1,1,2,1,1,1,1,1
2.4,2.1,0.5444444444444444,10,3,2,2,3,2,2,1,3,1,2
3.8,4.0,0.6666666666666666,10,5,4,4,5,3,4,5,3,3,4
4.5200000000000005,4.5,0.2777777777777778,10,5,4,4,5,5,4,5,4,5,4
1.38,1.3,0.23333333333333334,10,2,1,1,2,1,1,1,1,1,2
2.53,2.3,1.1222222222222222,10,2,1,2,2,1,3,2,2,4,4
1.26,1.0,0.0,10,1,1,1,1,1,1,1,1,1,1
1.3,1.3,0.23333333333333334,10,2,1,1,1,1,2,1,2,1,1
1.19,1.1,0.1,10,1,1,1,1,1,1,1,1,2,1
1.72,1.8,0.8444444444444446,10,2,3,1,3,1,3,1,2,1,1
4.01,4.2,0.8444444444444444,10,4,5,4,5,5,4,4,2,5,4
4.29,4.3,0.6777777777777777,10,4,5,5,5,4,5,5,4,3,3
2.28,2.5,0.7222222222222222,10,3,3,2,3,3,1,3,3,1,3
3.49,3.5,0.7222222222222222,10,4,5,3,3,3,3,4,4,2,4
3.79,3.5,0.9444444444444444,10,2,3,2,5,4,4,4,4,3,4
2.19,2.7,0.6777777777777777,10,2,3,3,4,3,1,3,2,3,3
4.95,5.0,0.0,10,5,5,5,5,5,5,5,5,5,5
2.09,1.9,0.5444444444444443,10,1,2,2,2,3,1,3,2,1,2
2.11,1.9,0.7666666666666666,10,1,3,1,2,2,3,3,1,1,2
2.67,2.6,0.7111111111111112,10,2,3,3,2,1,4,3,2,3,3
3.79,4.0,0.6666666666666666,10,3,4,4,5,3,5,4,5,4,3
4.7700000000000005,4.8,0.17777777777777773,10,5,4,5,4,5,5,5,5,5,5
4.9,4.8,0.17777777777777773,10,5,4,5,5,5,5,5,4,5,5
1.85,1.3,0.23333333333333334,10,2,1,1,1,1,2,2,1,1,1
3.0,3.4,1.377777777777778,10,3,1,4,4,5,3,5,3,3,3
1.82,1.3,0.23333333333333334,10,1,2,1,1,2,1,1,2,1,1
2.76,2.8,1.0666666666666669,10,3,1,4,2,3,2,2,4,3,4
1.43,1.7,0.4555555555555555,10,1,1,2,2,1,1,3,2,2,2
2.64,2.0,0.4444444444444444,10,2,1,2,3,2,1,2,2,3,2
2.18,2.6,0.7111111111111112,10,3,3,2,1,3,3,2,4,3,2
1.36,1.2,0.1777777777777778,10,1,1,1,1,2,2,1,1,1,1
2.4,2.5,0.9444444444444444,10,2,2,3,1,1,3,4,3,3,3
4.37,4.2,0.6222222222222222,10,5,4,5,5,4,3,4,4,3,5
2.26,2.7,1.1222222222222222,10,1,2,3,1,3,4,4,3,3,3
3.96,3.6,0.9333333333333333,10,2,3,3,4,4,4,5,5,3,3
2.68,2.4,1.1555555555555557,10,2,3,3,2,4,2,4,2,1,1
2.44,2.3,1.3444444444444443,10,1,3,4,4,1,2,1,2,3,2
4.7,4.7,0.23333333333333334,10,5,4,5,5,5,5,5,5,4,4
4.5,4.4,0.48888888888888893,10,4,4,4,5,5,5,4,5,5,3
1.33,1.5,0.5,10,2,1,2,1,2,1,1,1,3,1
1.09,1.1,0.09999999999999999,10,1,1,1,1,1,1,2,1,1,1
3.37,2.8,0.6222222222222222,10,3,3,3,1,3,3,3,2,3,4
4.779999999999999,4.6,0.26666666666666666,10,4,5,4,5,4,4,5,5,5,5
2.52,2.5,0.7222222222222222,10,2,3,2,2,4,3,1,2,3,3
2.22,2.2,0.6222222222222222,10,2,3,3,1,3,2,1,3,2,2
4.2700000000000005,4.5,0.5,10,5,3,5,5,4,4,5,5,5,4
4.58,4.7,0.4555555555555555,10,5,5,5,5,5,3,4,5,5,5
2.6100000000000003,3.0,0.6666666666666666,10,4,3,4,4,3,3,2,3,2,2
4.3100000000000005,4.7,0.23333333333333334,10,5,5,4,5,5,5,4,4,5,5
4.13,3.9,0.09999999999999999,10,4,4,4,4,4,3,4,4,4,4
4.02,4.1,0.7666666666666666,10,3,5,3,5,3,4,4,5,5,4
3.89,4.1,0.5444444444444444,10,3,4,4,5,4,3,4,4,5,5
4.82,4.9,0.09999999999999999,10,5,5,5,5,5,5,4,5,5,5
2.49,2.3,0.4555555555555555,10,3,2,2,1,2,3,3,3,2,2
3.71,3.4,1.822222222222222,10,2,4,3,5,3,5,1,5,3,3
2.22,1.8,1.0666666666666669,10,4,1,1,3,2,2,1,2,1,1
4.41,4.4,0.26666666666666666,10,5,4,5,4,5,4,5,4,4,4
2.38,2.4,0.7111111111111111,10,3,2,3,3,3,1,1,3,3,2
1.33,1.3,0.23333333333333334,10,1,2,2,2,1,1,1,1,1,1
4.55,4.6,0.4888888888888888,10,5,5,4,5,5,5,3,5,5,4
1.01,1.0,0.0,10,1,1,1,1,1,1,1,1,1,1
3.66,3.5,1.1666666666666667,10,5,2,4,2,5,3,4,3,4,3
1.15,1.2,0.1777777777777778,10,1,1,1,1,2,1,1,1,2,1
2.5,2.4,0.9333333333333336,10,1,1,3,2,2,3,3,3,2,4
3.51,3.0,1.1111111111111112,10,2,3,4,4,2,3,2,3,2,5
3.0,3.2,1.0666666666666667,10,3,4,1,4,3,4,4,2,4,3
4.49,4.2,0.8444444444444444,10,5,4,3,5,3,5,3,5,5,4
2.3,2.6,0.2666666666666667,10,3,2,3,2,3,2,3,3,2,3
2.12,1.6,0.7111111111111111,10,2,2,1,1,1,1,3,3,1,1
1.93,1.7,0.4555555555555556,10,2,2,1,2,1,2,1,3,1,2
3.03,2.7,1.5666666666666667,10,2,2,4,1,1,4,4,4,3,2
1.56,1.6,0.48888888888888893,10,1,2,2,1,2,1,2,3,1,1
4.89,5.0,0.0,10,5,5,5,5,5,5,5,5,5,5
4.66,4.8,0.17777777777777776,10,5,5,5,5,5,4,4,5,5,5
1.37,1.2,0.17777777777777784,10,1,2,1,1,1,1,1,1,2,1
2.7,2.7,1.1222222222222222,10,1,4,2,2,2,2,4,4,3,3
3.02,3.1,1.4333333333333333,10,5,4,3,2,4,1,3,4,2,3
3.72,3.4,1.1555555555555557,10,1,4,3,4,5,3,3,4,4,3
4.38,4.3,0.4555555555555555,10,4,4,3,4,5,5,4,4,5,5
4.18,3.8,1.066666666666667,10,4,4,4,1,5,4,4,4,4,4
4.5,4.5,0.5,10,5,5,4,4,5,5,3,5,5,4
1.21,1.4,0.48888888888888904,10,2,1,3,1,1,2,1,1,1,1
1.95,2.1,0.9888888888888889,10,1,2,4,1,1,2,2,2,3,3
2.9,3.1,0.7666666666666665,10,4,3,3,1,3,4,3,3,4,3
2.68,3.1,0.5444444444444445,10,3,4,3,3,4,3,2,3,4,2
1.56,1.4,0.2666666666666667,10,1,2,2,2,1,1,1,1,2,1
2.7,2.4,0.48888888888888904,10,2,2,2,2,2,4,3,2,2,3
2.54,2.9,0.9888888888888887,10,3,3,2,1,3,3,5,3,3,3
3.06,3.2,0.8444444444444444,10,5,3,2,4,3,3,3,2,4,3
1.54,1.7,1.1222222222222222,10,1,1,1,4,3,1,1,1,2,2
3.43,3.6,1.155555555555556,10,4,2,3,5,3,4,4,5,4,2
3.95,4.0,0.8888888888888888,10,4,4,4,3,2,5,4,5,4,5
4.16,4.2,0.39999999999999997,10,4,5,4,4,4,5,4,5,4,3
1.65,2.0,1.3333333333333333,10,4,3,1,1,2,1,1,3,1,3
1.25,1.1,0.09999999999999999,10,1,1,1,1,2,1,1,1,1,1
4.39,4.2,0.39999999999999997,10,4,5,5,4,5,3,4,4,4,4
2.65,2.8,1.2888888888888892,10,3,1,3,2,2,3,5,2,4,3
4.88,4.8,0.17777777777777773,10,5,5,5,4,5,4,5,5,5,5
3.16,3.6,1.155555555555556,10,5,4,3,3,4,2,4,5,2,4
3.62,4.1,0.3222222222222222,10,4,5,4,4,3,4,4,5,4,4
2.04,1.7,0.6777777777777777,10,3,1,1,1,2,2,1,2,3,1
4.54,4.8,0.17777777777777773,10,5,5,5,5,4,5,5,5,5,4
1.21,1.4,0.2666666666666667,10,2,2,1,2,1,1,1,1,2,1
1.7,1.8,0.4000000000000001,10,1,2,1,2,1,3,2,2,2,2
3.77,3.6,0.7111111111111112,10,4,4,2,5,3,4,4,3,4,3
1.23,1.4,0.2666666666666667,10,2,1,1,1,2,1,2,1,2,1
4.07,4.4,0.4888888888888888,10,5,3,5,4,4,5,5,4,4,5
1.19,1.1,0.1,10,1,1,1,1,1,1,1,1,2,1
1.7,1.6,0.2666666666666667,10,2,1,2,1,1,2,2,2,1,2
1.3,1.5,0.5,10,1,1,1,1,2,2,2,1,3,1
3.22,3.2,1.0666666666666669,10,5,2,3,4,2,2,4,4,3,3
1.52,1.5,0.2777777777777778,10,1,2,2,1,2,2,1,1,1,2
4.779999999999999,4.5,0.2777777777777778,10,5,4,4,4,5,5,4,5,4,5
3.34,3.4,1.1555555555555557,10,5,3,5,4,3,2,3,2,4,3
4.23,4.6,0.2666666666666667,10,4,4,5,5,5,5,5,4,4,5
1.94,2.2,0.6222222222222222,10,2,3,1,2,1,2,3,2,3,3
3.63,3.7,0.8999999999999999,10,5,4,4,4,2,3,3,5,4,3
4.62,4.8,0.17777777777777773,10,5,5,5,5,4,5,5,5,5,4
1.2,1.1,0.09999999999999999,10,1,1,1,1,2,1,1,1,1,1
4.35,4.1,0.7666666666666665,10,4,2,4,5,5,5,4,4,4,4
4.41,4.6,0.4888888888888888,10,4,5,5,5,4,5,5,3,5,5
3.63,4.1,0.7666666666666665,10,5,5,5,4,4,4,4,4,2,4
4.63,4.7,0.23333333333333334,10,4,4,4,5,5,5,5,5,5,5
2.17,2.1,0.9888888888888892,10,3,1,2,2,2,2,4,1,1,3
4.83,4.9,0.09999999999999996,10,5,4,5,5,5,5,5,5,5,5
2.97,3.4,0.9333333333333333,10,3,2,3,3,2,5,4,4,4,4
2.58,2.6,1.6000000000000003,10,3,1,2,2,2,3,5,3,1,4
4.37,4.5,0.2777777777777778,10,5,4,5,4,4,5,5,4,4,5
4.03,4.2,0.39999999999999997,10,4,4,4,3,5,4,4,4,5,5
4.21,4.0,0.6666666666666666,10,3,4,4,3,3,5,5,4,5,4
3.55,3.5,0.5,10,3,3,3,3,5,3,3,4,4,4
4.98,5.0,0.0,10,5,5,5,5,5,5,5,5,5,5
3.34,3.1,0.9888888888888889,10,3,4,3,3,2,5,2,2,3,4
3.58,3.4,0.7111111111111112,10,3,3,4,2,3,3,3,5,4,4
4.0,3.9,0.7666666666666666,10,3,4,4,3,4,3,5,5,3,5
3.17,3.2,1.0666666666666669,10,5,2,3,2,4,4,2,4,3,3
1.52,1.6,0.48888888888888904,10,1,2,2,2,3,1,2,1,1,1
2.23,2.2,0.8444444444444444,10,3,3,2,2,1,1,3,1,3,3
1.01,1.0,0.0,10,1,1,1,1,1,1,1,1,1,1
4.2,4.2,0.6222222222222222,10,5,3,4,5,5,3,4,4,4,5
2.64,2.4,2.488888888888889,10,3,1,5,1,2,3,2,5,1,1
4.69,4.6,0.48888888888888893,10,5,4,5,5,5,5,5,5,4,3
1.38,1.4,0.48888888888888904,10,2,1,3,1,2,1,1,1,1,1
4.21,4.2,0.17777777777777773,10,4,4,5,4,4,4,4,4,5,4
4.45,4.5,0.2777777777777778,10,5,4,4,4,5,5,5,5,4,4
3.21,3.3,1.3444444444444443,10,3,5,2,2,3,2,4,5,3,4
2.45,2.9,1.655555555555556,10,3,1,3,3,5,3,4,1,2,4
1.76,1.7,0.6777777777777777,10,1,2,1,2,1,1,1,2,3,3
1.45,1.3,0.4555555555555555,10,1,1,1,2,1,1,1,3,1,1
4.99,5.0,0.0,10,5,5,5,5,5,5,5,5,5,5
3.62,4.0,0.6666666666666666,10,3,4,4,4,5,4,5,3,5,3
1.55,1.6,0.48888888888888893,10,2,2,1,1,2,1,1,1,2,3
4.79,5.0,0.0,10,5,5,5,5,5,5,5,5,5,5
4.57,4.3,0.4555555555555555,10,4,5,3,4,4,5,5,5,4,4
2.13,2.1,0.5444444444444444,10,3,2,1,3,2,3,1,2,2,2
4.73,4.8,0.17777777777777776,10,5,5,5,5,5,5,4,5,5,4
1.43,1.4,0.2666666666666667,10,2,1,2,1,1,2,1,1,1,2
3.72,4.4,0.711111111111111,10,3,5,3,5,4,4,5,5,5,5
2.16,2.1,1.2111111111111112,10,3,2,1,2,3,4,1,1,1,3
3.45,3.2,1.0666666666666669,10,3,4,2,4,2,3,5,3,2,4
2.32,2.3,0.6777777777777777,10,3,3,2,3,1,1,3,2,2,3
3.85,3.4,0.9333333333333333,10,3,4,5,4,2,2,3,4,4,3
1.88,2.2,0.39999999999999997,10,4,2,2,2,2,2,2,2,2,2
2.47,3.0,1.5555555555555556,10,4,5,1,4,3,2,4,3,2,2
4.86,5.0,0.0,10,5,5,5,5,5,5,5,5,5,5
1.17,1.1,0.09999999999999999,10,1,1,1,1,1,1,2,1,1,1
3.5,3.1,1.2111111111111112,10,4,3,5,4,2,3,2,4,2,2
3.31,3.3,0.23333333333333334,10,3,3,4,3,3,3,4,4,3,3
3.05,3.0,1.7777777777777777,10,3,5,4,1,4,2,4,3,3,1
3.41,3.6,0.9333333333333333,10,5,3,3,5,4,2,4,4,3,3
2.53,2.3,0.6777777777777777,10,1,1,3,3,2,3,3,2,3,2
2.33,2.4,0.9333333333333333,10,4,1,3,2,3,3,1,2,2,3
2.05,1.7,0.45555555555555544,10,2,2,3,1,2,1,2,1,2,1
3.24,3.3,0.4555555555555555,10,3,3,4,3,4,3,3,2,4,4
2.15,1.8,0.4000000000000001,10,1,2,2,3,2,1,2,1,2,2
2.94,2.9,0.7666666666666665,10,3,4,4,2,2,2,2,3,4,3
3.13,3.4,0.7111111111111112,10,4,2,4,4,2,3,3,4,4,4
2.06,1.4,0.48888888888888893,10,1,1,2,1,1,1,1,2,3,1
4.37,4.3,0.8999999999999999,10,5,5,4,5,5,5,3,3,3,5
3.17,2.7,1.5666666666666667,10,3,2,1,2,3,3,4,1,3,5
3.98,4.6,0.26666666666666666,10,4,4,5,5,4,5,4,5,5,5
1.57,2.0,0.6666666666666666,10,3,1,1,1,2,2,2,3,2,3
3.71,3.4,0.7111111111111112,10,4,3,4,3,2,3,5,3,4,3
2.56,2.6,0.48888888888888893,10,2,2,2,2,3,3,3,3,2,4
3.58,3.5,1.6111111111111112,10,5,3,3,4,1,5,3,5,3,3
1.61,1.3,0.23333333333333334,10,1,1,2,1,2,1,1,2,1,1
3.33,3.6,0.9333333333333333,10,4,5,3,4,3,2,3,5,4,3
4.26,4.3,0.8999999999999999,10,4,5,4,2,5,4,4,5,5,5
1.94,2.0,0.4444444444444444,10,1,2,3,2,2,2,3,1,2,2
3.0,2.7,1.1222222222222222,10,3,2,2,4,2,4,1,3,2,4
3.89,4.1,0.7666666666666666,10,5,4,5,5,3,5,3,3,4,4
1.1,1.0,0.0,10,1,1,1,1,1,1,1,1,1,1
1.72,1.9,0.5444444444444445,10,2,2,2,1,2,3,3,2,1,1
3.41,3.5,0.2777777777777778,10,4,3,4,3,3,4,4,4,3,3
3.69,4.2,0.17777777777777773,10,4,5,4,4,5,4,4,4,4,4
4.0600000000000005,3.8,1.0666666666666669,10,5,5,3,4,4,2,5,4,3,3
3.67,3.4,0.9333333333333333,10,3,4,4,2,2,4,3,5,3,4
1.82,1.7,0.4555555555555555,10,3,2,2,2,1,2,1,2,1,1
2.87,3.1,1.4333333333333331,10,4,1,3,4,3,3,4,2,5,2
1.15,1.3,0.23333333333333334,10,1,1,2,1,2,1,2,1,1,1
2.59,3.4,0.7111111111111114,10,4,5,2,4,3,3,4,3,3,3
2.14,2.0,0.2222222222222222,10,2,2,2,2,2,3,1,2,2,2
1.0699999999999998,1.2,0.1777777777777778,10,1,1,1,1,1,2,1,2,1,1
2.9,3.0,0.8888888888888888,10,3,2,3,4,3,4,1,4,3,3
1.51,1.5,0.5,10,1,1,1,1,2,2,1,1,2,3
1.8,2.2,0.8444444444444444,10,2,3,2,2,3,2,1,1,4,2
4.220000000000001,4.2,1.0666666666666669,10,4,5,5,4,4,2,5,5,3,5
3.68,3.5,0.5,10,4,4,4,3,4,3,3,4,4,2
3.55,3.6,0.48888888888888893,10,3,4,4,4,3,3,5,4,3,3
3.43,3.4,0.2666666666666667,10,4,3,3,3,3,4,3,4,4,3
2.66,3.1,0.7666666666666665,10,3,4,3,3,2,2,5,3,3,3
3.12,3.3,1.3444444444444443,10,2,3,4,4,4,4,5,3,3,1
2.69,2.9,0.7666666666666666,10,2,4,4,3,2,2,3,3,4,2
4.49,4.6,0.2666666666666667,10,4,4,5,5,5,4,5,5,5,4
3.82,3.9,1.2111111111111112,10,3,5,3,3,2,5,4,5,4,5
1.25,1.5,0.2777777777777778,10,1,2,1,1,1,2,2,2,2,1
4.37,4.5,0.7222222222222222,10,3,5,5,5,4,5,3,5,5,5
3.85,3.9,1.4333333333333336,10,2,5,3,4,4,2,5,5,4,5
3.88,3.7,0.6777777777777777,10,5,4,4,3,3,4,3,3,3,5
1.13,1.0,0.0,10,1,1,1,1,1,1,1,1,1,1
4.34,4.5,0.5,10,5,4,5,5,5,4,3,5,4,5
2.99,3.4,0.9333333333333336,10,3,4,2,4,3,2,4,4,3,5
1.1,1.0,0.0,10,1,1,1,1,1,1,1,1,1,1
2.48,2.8,0.8444444444444444,10,2,3,4,4,2,2,2,4,3,2
2.47,2.1,0.3222222222222224,10,3,2,1,2,2,2,2,2,3,2
3.51,3.6,0.48888888888888893,10,3,4,4,3,4,3,3,5,3,4
4.01,4.0,0.8888888888888888,10,4,2,4,4,3,5,5,4,5,4
1.22,1.1,0.09999999999999999,10,1,1,1,1,2,1,1,1,1,1
1.96,1.7,0.4555555555555555,10,2,2,1,1,3,2,1,2,1,2
3.58,4.1,0.3222222222222222,10,4,4,4,4,3,5,4,5,4,4
3.71,3.8,0.6222222222222222,10,3,4,4,5,4,4,4,4,4,2
3.79,3.6,1.3777777777777778,10,3,4,3,5,1,4,4,5,3,4
1.29,1.6,0.48888888888888904,10,3,1,1,2,2,2,1,1,1,2
2.49,2.7,0.8999999999999999,10,3,2,3,3,1,2,4,2,4,3
2.96,2.9,0.7666666666666667,10,4,2,3,3,2,3,2,4,2,4
3.72,3.6,1.155555555555556,10,4,1,3,3,4,4,5,4,4,4
1.79,1.5,0.5,10,1,2,1,2,3,2,1,1,1,1
1.14,1.1,0.1,10,1,1,1,1,1,1,1,1,2,1
4.220000000000001,3.7,1.1222222222222222,10,3,4,4,2,3,3,3,5,5,5
2.29,2.2,0.6222222222222222,10,2,2,2,1,1,3,3,2,3,3
1.64,2.0,0.4444444444444444,10,3,2,2,2,1,2,2,1,3,2
3.17,3.5,0.9444444444444444,10,5,2,4,2,4,4,4,3,4,3
4.89,5.0,0.0,10,5,5,5,5,5,5,5,5,5,5
3.06,3.7,1.1222222222222222,10,3,5,5,3,3,2,5,4,4,3
1.71,2.2,0.8444444444444444,10,2,2,1,1,3,2,2,4,2,3
3.79,4.3,0.4555555555555555,10,4,5,5,4,5,4,3,5,4,4
2.16,1.9,0.7666666666666665,10,3,1,3,1,3,2,2,2,1,1
3.54,3.7,0.8999999999999999,10,4,4,3,5,2,4,5,3,3,4
1.04,1.0,0.0,10,1,1,1,1,1,1,1,1,1,1
1.77,1.8,0.4000000000000001,10,1,2,2,2,1,1,2,2,3,2
3.31,3.5,1.1666666666666667,10,3,4,1,4,3,4,3,5,4,4
2.82,2.5,0.7222222222222222,10,2,1,2,3,3,2,4,3,3,2
1.56,1.3,0.4555555555555555,10,1,1,1,1,1,1,1,2,1,3
1.37,1.4,0.48888888888888893,10,1,1,2,2,1,1,1,1,3,1
1.96,2.4,1.6000000000000003,10,3,1,4,1,2,5,2,2,2,2
4.9,5.0,0.0,10,5,5,5,5,5,5,5,5,5,5
4.7700000000000005,4.9,0.09999999999999999,10,5,5,5,5,5,5,4,5,5,5
2.13,1.9,0.9888888888888889,10,1,2,1,3,3,3,3,1,1,1
3.81,3.7,1.1222222222222222,10,4,5,3,3,3,3,2,5,4,5
2.54,2.2,0.8444444444444444,10,2,2,3,1,4,1,3,2,2,2
1.5,1.9,1.4333333333333333,10,2,1,4,2,1,1,4,1,2,1
4.13,3.9,0.9888888888888889,10,3,3,4,4,2,5,5,5,4,4
1.62,1.3,0.4555555555555555,10,1,2,1,1,1,1,1,1,3,1
1.98,2.0,0.6666666666666666,10,3,3,1,1,2,2,2,1,3,2
4.51,4.2,0.17777777777777773,10,5,4,4,4,4,4,4,4,4,5
4.7700000000000005,4.9,0.09999999999999996,10,4,5,5,5,5,5,5,5,5,5
1.82,1.9,0.3222222222222223,10,3,2,2,1,1,2,2,2,2,2
1.12,1.2,0.1777777777777778,10,1,1,1,1,2,1,1,1,2,1
1.88,1.7,0.45555555555555544,10,1,1,3,1,2,2,2,1,2,2
3.74,4.2,0.8444444444444444,10,5,4,5,5,4,2,5,4,4,4
2.62,3.1,0.9888888888888892,10,3,3,5,3,3,3,3,3,1,4
2.01,1.9,0.5444444444444443,10,2,1,3,1,1,3,2,2,2,2
1.21,1.4,0.48888888888888904,10,1,1,1,3,1,1,2,1,1,2
2.17,2.1,1.2111111111111112,10,1,1,3,2,2,1,4,3,1,3
4.57,4.5,0.2777777777777778,10,5,4,5,5,4,4,4,5,5,4
3.47,3.1,1.211111111111111,10,2,3,3,1,4,4,5,3,3,3
2.7,2.6,0.9333333333333333,10,3,2,2,2,3,3,4,2,4,1
2.02,1.9,0.5444444444444445,10,2,2,2,1,2,1,1,2,3,3
4.32,4.7,0.4555555555555555,10,5,3,5,4,5,5,5,5,5,5
3.71,3.4,0.9333333333333333,10,3,4,4,4,3,4,2,5,3,2
3.59,3.7,0.6777777777777777,10,4,4,5,4,4,4,3,3,2,4
3.43,3.9,0.7666666666666665,10,5,3,2,4,4,5,4,4,4,4
1.69,1.6,0.48888888888888904,10,1,3,1,2,2,1,1,2,2,1
4.720000000000001,4.6,0.2666666666666667,10,5,5,4,4,5,4,5,5,4,5
3.84,3.5,0.9444444444444444,10,3,4,2,4,4,5,2,4,4,3
1.44,1.3,0.45555555555555544,10,1,1,1,3,1,1,1,2,1,1
1.7,1.9,0.7666666666666665,10,1,1,2,1,1,3,3,2,2,3
1.15,1.2,0.1777777777777778,10,1,1,1,2,1,1,1,2,1,1
4.43,4.9,0.09999999999999999,10,5,5,5,5,5,5,5,5,5,4
4.57,4.5,0.5,10,5,5,4,4,4,3,5,5,5,5
4.16,4.0,0.8888888888888888,10,4,3,5,4,5,4,2,4,4,5
4.63,4.7,0.23333333333333334,10,5,5,5,4,5,5,4,5,5,4
2.19,2.3,1.1222222222222222,10,1,4,3,2,3,3,2,1,3,1
1.09,1.1,0.09999999999999999,10,1,2,1,1,1,1,1,1,1,1
1.68,1.6,0.7111111111111112,10,1,1,1,3,1,3,2,1,1,2
4.92,5.0,0.0,10,5,5,5,5,5,5,5,5,5,5
3.37,3.4,0.48888888888888893,10,4,4,4,3,3,4,2,4,3,3
3.06,3.4,0.7111111111111112,10,2,4,3,4,5,4,3,3,3,3
1.52,1.8,1.0666666666666669,10,3,1,1,1,2,1,2,4,2,1
3.13,3.5,1.8333333333333333,10,1,5,3,5,2,3,4,3,4,5
3.75,3.5,0.5,10,3,4,4,2,4,4,3,4,4,3
2.51,2.4,0.48888888888888893,10,2,3,3,2,2,2,2,4,2,2
4.6,4.5,0.7222222222222222,10,5,5,5,3,5,5,5,5,4,3
1.91,2.1,1.4333333333333333,10,1,1,3,2,2,1,2,2,5,2
1.33,1.7,0.6777777777777778,10,2,2,1,2,1,1,1,3,3,1
1.04,1.0,0.0,10,1,1,1,1,1,1,1,1,1,1
3.44,3.1,0.5444444444444443,10,4,3,3,4,2,4,2,3,3,3
2.82,3.3,1.5666666666666667,10,5,2,3,3,3,1,5,4,4,3
4.1,3.9,0.9888888888888887,10,3,2,5,4,5,3,4,5,4,4
4.2700000000000005,4.4,0.2666666666666667,10,5,5,4,4,4,5,4,4,5,4
1.31,1.2,0.17777777777777784,10,1,2,1,1,1,1,1,1,1,2
4.08,4.2,0.39999999999999997,10,4,4,3,4,5,4,4,5,5,4
3.68,3.6,1.1555555555555557,10,3,4,3,3,5,5,3,5,2,3
2.51,2.7,1.3444444444444443,10,1,2,2,3,3,2,4,3,2,5
4.3,4.0,0.6666666666666666,10,4,4,3,3,3,5,4,5,5,4
4.73,4.6,0.4888888888888888,10,4,5,5,5,3,4,5,5,5,5
3.52,3.0,0.4444444444444444,10,2,3,3,2,3,4,3,3,4,3
2.83,2.7,1.1222222222222222,10,2,1,4,2,4,4,2,3,3,2
2.15,2.2,0.39999999999999997,10,2,3,1,2,2,2,2,2,3,3
4.41,4.4,0.4888888888888888,10,5,5,3,4,5,4,5,5,4,4
2.31,1.9,0.9888888888888887,10,1,1,4,3,2,2,1,2,2,1
3.39,2.8,0.39999999999999997,10,3,3,3,3,3,4,2,2,2,3
4.76,4.7,0.23333333333333334,10,5,5,4,5,4,5,5,5,4,5
1.97,1.9,0.3222222222222222,10,2,2,2,2,3,2,2,2,1,1
4.7700000000000005,4.8,0.17777777777777773,10,4,5,5,5,5,5,4,5,5,5
2.97,3.2,1.066666666666667,10,4,1,2,4,4,4,4,3,3,3
2.6,2.4,1.1555555555555557,10,3,1,3,2,3,4,3,3,1,1
2.01,1.7,0.6777777777777777,10,1,3,1,2,2,2,1,1,1,3
4.02,3.8,0.8444444444444444,10,3,5,4,2,4,4,5,4,4,3
2.75,3.3,1.1222222222222222,10,4,3,4,5,3,4,3,1,3,3
4.13,4.1,1.2111111111111112,10,4,5,5,3,5,5,2,4,5,3
3.05,2.5,0.7222222222222222,10,3,4,1,3,2,2,3,3,2,2
1.23,1.3,0.23333333333333334,10,1,1,2,2,1,1,2,1,1,1
4.8,4.9,0.09999999999999999,10,5,5,5,5,5,5,5,4,5,5
1.75,2.1,0.7666666666666666,10,1,2,2,1,4,2,2,3,2,2
4.17,4.2,0.39999999999999997,10,4,3,4,4,5,4,5,4,4,5
2.03,2.1,0.9888888888888892,10,3,3,1,2,2,2,2,1,4,1
4.82,4.9,0.09999999999999996,10,5,4,5,5,5,5,5,5,5,5
1.65,1.9,0.5444444444444444,10,2,2,3,2,1,2,2,3,1,1
3.13,3.1,0.7666666666666668,10,3,2,2,3,3,3,3,5,4,3
4.4,4.5,0.5,10,5,3,5,5,5,4,5,4,4,5
4.2,4.3,0.8999999999999999,10,5,5,5,3,5,4,3,5,3,5
2.74,2.4,1.155555555555556,10,1,4,2,2,1,3,3,2,2,4
2.37,2.4,1.3777777777777778,10,2,4,2,2,1,2,4,4,2,1
2.99,2.7,0.8999999999999999,10,3,4,3,4,2,2,3,2,1,3
1.79,2.3,0.8999999999999999,10,3,4,1,2,2,3,2,1,2,3
2.07,2.1,0.5444444444444445,10,3,2,2,2,3,1,2,2,3,1
1.37,1.5,0.5,10,1,1,1,2,1,1,2,2,3,1
3.85,4.4,0.26666666666666666,10,5,5,4,4,4,4,5,5,4,4
3.72,3.6,1.155555555555556,10,4,4,4,4,5,4,3,3,4,1
1.65,1.8,0.6222222222222223,10,2,1,3,3,2,1,1,2,2,1
3.33,3.3,0.8999999999999999,10,3,2,4,4,3,2,3,4,5,3
1.28,1.4,0.48888888888888893,10,1,2,1,1,1,2,1,1,3,1
4.470000000000001,4.4,0.48888888888888893,10,5,5,4,5,4,4,5,3,5,4
4.14,3.6,0.9333333333333333,10,4,5,4,2,3,5,4,3,3,3
2.84,3.0,0.8888888888888888,10,3,2,3,3,4,3,2,3,5,2
3.1,3.7,2.011111111111111,10,1,4,2,3,4,5,5,3,5,5
2.09,1.9,0.9888888888888889,10,2,1,2,1,3,1,2,1,4,2
2.72,2.8,1.288888888888889,10,1,2,3,4,4,4,4,2,2,2
3.0,2.3,1.3444444444444443,10,2,4,4,1,3,1,1,2,2,3
4.2,4.2,0.6222222222222222,10,5,3,5,4,4,5,3,5,4,4
1.62,2.0,1.1111111111111112,10,2,1,1,1,3,4,3,1,2,2
2.77,2.6,0.7111111111111112,10,4,3,2,2,3,2,2,2,2,4
2.59,2.8,1.0666666666666667,10,4,2,4,3,2,2,3,4,1,3
4.61,4.7,0.23333333333333334,10,5,5,5,5,5,4,4,5,4,5
3.3,3.4,0.2666666666666667,10,3,3,4,3,4,3,3,4,3,4
1.56,1.6,0.48888888888888904,10,1,3,1,2,1,2,2,1,1,2
2.73,2.5,1.1666666666666667,10,1,2,2,4,4,3,3,3,1,2
1.65,1.2,0.1777777777777778,10,1,1,1,1,1,2,1,1,1,2
2.33,2.7,0.6777777777777777,10,1,3,4,2,3,3,3,3,3,2
1.31,1.8,0.6222222222222222,10,2,1,3,2,3,1,2,1,1,2
1.75,1.8,0.8444444444444448,10,2,4,1,1,1,1,2,2,2,2
3.23,3.0,1.1111111111111112,10,1,4,4,4,3,3,2,3,2,4
4.43,4.6,0.26666666666666666,10,5,4,4,5,5,4,5,4,5,5
3.01,3.1,1.655555555555556,10,5,1,4,2,4,2,2,4,3,4
1.11,1.1,0.09999999999999999,10,2,1,1,1,1,1,1,1,1,1
4.08,3.9,0.7666666666666666,10,3,4,5,4,2,5,4,4,4,4
4.0600000000000005,4.2,0.39999999999999997,10,5,4,4,3,5,4,4,5,4,4
1.43,1.3,0.23333333333333334,10,1,1,1,1,2,1,1,2,2,1
4.64,5.0,0.0,10,5,5,5,5,5,5,5,5,5,5
1.58,1.4,0.2666666666666667,10,2,2,1,2,2,1,1,1,1,1
4.34,3.8,1.0666666666666669,10,5,3,2,4,5,5,4,3,4,3
3.6,3.3,0.23333333333333334,10,3,3,4,3,3,3,3,4,3,4
3.75,3.1,1.655555555555556,10,2,4,3,2,5,2,4,4,1,4
2.19,2.2,0.8444444444444444,10,3,4,2,2,3,1,2,2,2,1
1.13,1.1,0.1,10,1,1,1,1,1,1,1,1,1,2
3.09,2.9,0.5444444444444446,10,2,2,4,3,3,3,2,3,3,4
2.58,2.0,0.4444444444444444,10,2,2,3,2,1,2,1,3,2,2
3.58,4.2,0.39999999999999997,10,4,4,4,4,4,5,4,5,5,3
2.96,3.0,1.3333333333333333,10,2,4,2,4,4,3,2,4,4,1
1.06,1.0,0.0,10,1,1,1,1,1,1,1,1,1,1
1.77,1.6,0.48888888888888893,10,1,1,2,1,2,2,2,1,1,3
3.07,2.9,1.4333333333333336,10,5,1,4,4,3,2,3,2,2,3
4.12,4.2,0.39999999999999997,10,5,3,4,4,4,4,5,5,4,4
4.69,4.8,0.17777777777777776,10,5,5,5,5,5,4,5,4,5,5
3.7,4.0,0.6666666666666666,10,3,3,4,4,5,4,4,5,3,5
1.76,1.9,0.3222222222222223,10,2,1,2,2,2,2,3,2,1,2
1.11,1.0,0.0,10,1,1,1,1,1,1,1,1,1,1
2.85,2.1,0.9888888888888889,10,2,1,3,2,4,1,2,3,1,2
2.48,2.9,0.32222222222222235,10,3,4,2,3,3,2,3,3,3,3
2.33,2.1,0.7666666666666667,10,2,2,1,3,1,2,2,2,4,2
4.66,4.7,0.23333333333333334,10,5,5,4,5,5,5,5,4,5,4
1.82,1.8,0.4000000000000001,10,2,1,2,2,1,2,3,2,2,1
1.37,1.3,0.23333333333333334,10,1,1,1,2,2,1,1,1,2,1
3.75,3.9,0.7666666666666665,10,3,5,4,3,5,3,3,4,4,5
1.59,1.4,0.2666666666666667,10,2,2,1,1,1,1,1,2,2,1
2.51,2.5,0.2777777777777778,10,3,2,2,3,2,2,3,3,3,2
3.34,3.0,0.8888888888888888,10,2,3,3,4,4,4,3,3,1,3
3.05,2.7,1.3444444444444443,10,2,4,3,2,2,1,3,3,5,2
4.4,4.5,0.5,10,5,4,5,5,5,4,5,5,4,3
2.26,1.9,0.7666666666666665,10,1,1,2,2,3,3,1,2,1,3
1.8,1.7,0.6777777777777777,10,2,1,1,3,1,2,1,3,1,2
1.02,1.0,0.0,10,1,1,1,1,1,1,1,1,1,1
3.29,3.2,1.288888888888889,10,2,3,2,3,5,5,2,3,3,4
2.82,3.4,0.2666666666666667,10,3,3,4,3,3,4,4,3,4,3
2.84,3.1,0.9888888888888889,10,3,4,1,3,3,2,4,4,3,4
3.21,2.7,1.1222222222222222,10,2,2,2,2,4,2,3,2,5,3
4.02,4.0,0.8888888888888888,10,4,4,2,4,4,5,5,3,4,5
2.44,2.3,0.6777777777777777,10,2,2,2,2,3,2,4,2,3,1
4.11,4.0,1.1111111111111112,10,2,5,5,3,5,4,3,4,5,4
2.13,2.1,0.9888888888888889,10,2,1,3,1,3,4,2,2,1,2
3.88,3.9,0.7666666666666665,10,3,3,3,5,5,4,3,4,4,5
2.71,2.9,1.4333333333333333,10,4,3,4,4,1,3,4,3,2,1
3.06,3.5,0.5,10,4,3,3,2,4,4,3,4,4,4
1.98,1.8,0.4000000000000001,10,2,1,1,2,2,3,2,2,2,1
4.19,4.2,0.39999999999999997,10,4,5,4,4,4,3,4,4,5,5
3.91,3.7,1.3444444444444443,10,5,4,3,4,3,5,4,2,2,5
3.16,3.0,0.8888888888888888,10,2,2,3,4,4,3,2,4,2,4
3.37,3.3,1.5666666666666667,10,5,1,3,5,3,3,4,2,3,4
3.41,3.8,0.8444444444444444,10,3,4,3,4,5,5,5,3,3,3
3.2,3.4,0.48888888888888904,10,2,4,3,4,3,4,4,3,4,3
1.16,1.0,0.0,10,1,1,1,1,1,1,1,1,1,1
2.87,2.5,0.5,10,2,2,2,2,2,4,3,3,2,3
1.12,1.2,0.1777777777777778,10,1,1,1,2,2,1,1,1,1,1
3.03,2.9,1.655555555555556,10,4,4,2,1,3,5,2,4,2,2
4.29,4.0,0.4444444444444444,10,3,5,4,4,4,4,3,5,4,4
2.71,2.4,1.6,10,1,3,4,5,2,1,2,2,2,2
2.48,2.3,0.8999999999999999,10,2,3,3,1,2,1,4,2,2,3
3.74,3.4,0.48888888888888904,10,3,3,2,3,4,4,4,3,4,4
4.35,4.3,0.6777777777777778,10,4,5,5,4,5,5,3,5,4,3
2.97,3.3,1.788888888888889,10,5,5,4,1,3,3,2,4,2,4
4.79,4.7,0.23333333333333334,10,5,4,5,5,5,5,4,5,4,5
1.15,1.1,0.09999999999999999,10,1,1,1,1,1,1,1,2,1,1
3.41,3.4,0.7111111111111114,10,4,5,4,3,3,3,3,2,4,3
3.02,3.0,1.1111111111111112,10,2,4,1,4,3,4,2,3,4,3
2.16,2.1,0.9888888888888887,10,4,2,1,2,1,3,3,1,2,2
2.16,2.1,1.2111111111111112,10,1,1,1,4,3,3,3,1,2,2
4.37,4.2,1.7333333333333334,10,5,5,5,5,4,1,4,5,3,5
3.49,3.8,1.5111111111111108,10,3,5,5,2,5,4,3,2,4,5
4.54,4.4,0.4888888888888888,10,4,4,4,5,5,3,5,4,5,5
3.97,4.2,0.39999999999999997,10,4,4,4,4,5,5,5,3,4,4
4.58,4.7,0.23333333333333334,10,5,4,5,5,5,4,5,4,5,5
4.84,5.0,0.0,10,5,5,5,5,5,5,5,5,5,5
3.29,3.1,1.4333333333333333,10,4,2,3,4,2,3,5,3,4,1
2.4,1.8,1.0666666666666669,10,1,2,1,4,1,2,2,3,1,1
1.38,1.3,0.23333333333333334,10,1,2,1,1,2,1,1,2,1,1
2.59,2.5,0.7222222222222222,10,2,2,2,3,4,2,2,2,2,4
1.53,1.6,0.48888888888888904,10,1,1,1,2,3,1,1,2,2,2
4.05,4.1,0.7666666666666666,10,3,5,3,4,3,4,5,5,5,4
1.51,1.4,0.2666666666666667,10,1,1,2,1,2,1,1,1,2,2
1.1800000000000002,1.1,0.09999999999999999,10,1,1,1,1,1,2,1,1,1,1
2.11,2.0,0.4444444444444444,10,2,1,2,2,1,3,2,2,2,3
2.05,1.9,0.9888888888888887,10,1,3,1,1,3,1,1,3,2,3
4.26,4.0,0.4444444444444444,10,4,4,4,5,3,4,5,3,4,4
1.92,1.9,0.5444444444444444,10,1,1,3,1,2,2,3,2,2,2
3.41,3.4,0.9333333333333333,10,3,3,4,5,3,4,4,2,4,2
4.5,4.5,0.5,10,3,5,5,5,5,4,4,5,4,5
2.06,2.5,0.7222222222222222,10,3,3,2,3,2,4,2,2,1,3
2.1,1.7,0.6777777777777778,10,1,2,1,3,3,2,2,1,1,1
3.24,3.6,0.9333333333333333,10,4,3,4,5,3,5,4,3,2,3
3.99,3.9,0.7666666666666666,10,4,5,4,4,4,3,4,2,4,5
2.0,2.2,0.6222222222222222,10,2,2,3,3,1,1,2,3,3,2
2.79,3.5,0.5,10,3,3,4,4,3,4,3,5,3,3
4.34,4.5,0.2777777777777778,10,4,4,4,5,4,5,5,5,4,5
2.83,2.7,0.4555555555555555,10,2,3,4,3,3,3,3,2,2,2
3.07,2.6,1.1555555555555554,10,3,5,2,1,2,3,3,3,2,2
4.84,4.9,0.09999999999999998,10,5,5,5,5,4,5,5,5,5,5
2.36,2.2,0.39999999999999997,10,2,3,1,2,3,2,2,3,2,2
1.97,2.6,0.48888888888888893,10,3,3,2,2,2,2,3,2,3,4
3.43,3.2,0.6222222222222222,10,3,3,3,3,4,5,2,3,3,3
2.84,2.8,0.39999999999999997,10,2,3,3,3,3,3,3,2,2,4
3.84,3.8,0.6222222222222222,10,5,4,4,4,3,3,3,5,4,3
4.36,4.2,1.0666666666666669,10,3,5,5,4,2,5,4,5,4,5
2.19,2.1,0.9888888888888889,10,2,1,3,3,2,2,4,2,1,1
3.91,3.6,1.1555555555555554,10,3,3,3,5,2,5,5,4,3,3
3.55,3.4,0.2666666666666667,10,4,4,3,3,3,3,3,4,4,3
4.91,4.8,0.17777777777777776,10,5,5,5,5,5,4,4,5,5,5
4.95,5.0,0.0,10,5,5,5,5,5,5,5,5,5,5
3.63,3.6,0.9333333333333333,10,3,5,4,2,3,3,4,4,5,3
4.33,4.2,0.39999999999999997,10,5,4,4,4,4,5,4,5,4,3
3.47,3.3,0.8999999999999999,10,2,4,2,3,4,3,3,5,4,3
4.36,4.2,1.0666666666666669,10,5,4,2,3,4,5,4,5,5,5
2.56,2.2,0.39999999999999997,10,2,3,2,2,3,3,2,1,2,2
2.26,2.3,1.1222222222222222,10,2,2,3,4,2,1,4,2,1,2
1.91,1.8,0.8444444444444446,10,1,1,2,2,4,2,1,1,2,2
3.91,4.2,0.6222222222222222,10,4,5,5,3,5,3,4,4,5,4
1.73,1.4,0.2666666666666667,10,1,1,2,1,2,2,1,1,2,1
3.45,3.6,1.6,10,4,5,4,5,1,2,4,3,4,4
1.1,1.0,0.0,10,1,1,1,1,1,1,1,1,1,1
1.85,1.6,0.7111111111111111,10,1,1,2,1,1,2,1,3,3,1
4.79,4.8,0.17777777777777776,10,5,5,5,5,5,4,4,5,5,5
3.78,4.0,0.6666666666666666,10,4,4,3,5,4,5,3,5,3,4
3.25,3.1,1.655555555555556,10,5,3,3,1,5,3,2,2,4,3
2.41,2.0,0.4444444444444444,10,1,2,2,2,2,2,1,3,3,2
1.32,1.3,0.23333333333333334,10,2,1,1,1,1,1,1,1,2,2
3.25,3.6,0.48888888888888893,10,4,4,3,3,3,5,3,3,4,4
2.87,3.0,2.2222222222222223,10,4,4,3,5,3,1,1,4,1,4
1.63,1.6,0.9333333333333333,10,1,1,1,2,1,1,4,1,2,2
1.77,1.9,0.7666666666666666,10,2,2,1,1,3,1,2,3,1,3
3.55,3.6,0.7111111111111112,10,3,3,4,5,4,3,2,4,4,4
4.42,4.4,0.2666666666666667,10,4,5,4,5,4,4,4,5,4,5
3.73,3.6,0.7111111111111112,10,5,4,2,4,3,3,4,3,4,4
2.17,2.0,0.6666666666666666,10,2,1,2,2,2,2,2,2,1,4
3.15,2.7,0.6777777777777777,10,3,3,4,3,2,2,2,4,2,2
4.279999999999999,4.1,0.5444444444444444,10,4,4,5,4,3,3,5,5,4,4
4.7,4.6,0.2666666666666667,10,4,5,4,5,5,5,4,5,4,5
2.62,2.3,0.4555555555555555,10,2,2,2,3,2,2,3,1,3,3
3.16,3.1,0.9888888888888887,10,2,5,3,3,4,2,3,4,2,3
1.66,1.7,0.6777777777777777,10,1,1,1,2,1,2,1,3,3,2
2.79,2.7,1.3444444444444443,10,3,1,4,3,2,2,2,3,2,5
4.84,4.8,0.17777777777777773,10,5,5,5,4,4,5,5,5,5,5
4.36,4.6,0.4888888888888888,10,5,5,4,3,5,5,4,5,5,5
2.21,1.9,0.5444444444444445,10,2,3,1,2,2,2,1,3,2,1
4.4,4.2,0.39999999999999997,10,4,4,4,4,5,5,3,5,4,4
1.76,1.4,0.2666666666666667,10,2,2,1,1,1,1,1,2,2,1
2.8600000000000003,3.6,1.1555555555555557,10,5,3,5,3,3,5,3,4,2,3
1.78,1.9,1.2111111111111112,10,1,2,3,2,1,1,4,1,1,3
3.84,3.4,0.48888888888888904,10,4,4,2,4,4,4,3,3,3,3
1.14,1.1,0.09999999999999999,10,1,2,1,1,1,1,1,1,1,1
1.86,1.5,0.7222222222222222,10,1,1,1,3,1,3,1,1,2,1
4.35,4.2,0.39999999999999997,10,5,3,4,4,4,4,4,5,4,5
4.38,4.5,0.9444444444444444,10,4,5,5,5,5,2,5,4,5,5
3.62,3.5,0.5,10,4,4,2,4,4,3,4,4,3,3
3.79,4.0,0.4444444444444444,10,5,3,4,4,4,5,3,4,4,4
3.63,3.2,1.5111111111111113,10,4,1,4,4,4,3,4,3,1,4
2.84,2.6,0.7111111111111112,10,2,2,4,3,3,3,3,3,2,1
2.55,3.0,0.8888888888888888,10,4,2,2,4,4,4,3,2,3,2
1.92,1.7,0.4555555555555555,10,1,2,2,1,1,2,3,1,2,2
3.3600000000000003,3.8,0.39999999999999997,10,4,3,4,4,4,3,5,4,3,4
4.5200000000000005,4.5,0.2777777777777778,10,5,5,5,4,5,4,4,4,4,5
2.0,2.0,0.6666666666666666,10,2,1,3,1,1,2,3,2,2,3
2.29,2.4,1.822222222222222,10,2,1,5,4,2,3,2,3,1,1
4.1,4.1,0.9888888888888887,10,5,5,4,5,4,3,4,2,4,5
4.6,4.9,0.09999999999999996,10,4,5,5,5,5,5,5,5,5,5
3.65,4.2,0.6222222222222222,10,5,4,4,5,3,4,3,4,5,5
1.49,1.6,0.48888888888888904,10,3,1,2,2,1,1,2,1,2,1
3.38,3.7,0.23333333333333334,10,3,4,4,4,4,4,4,3,4,3
1.7,1.7,0.8999999999999999,10,1,1,1,2,4,1,1,2,2,2
3.34,3.7,1.1222222222222222,10,3,4,3,3,5,5,3,4,5,2
4.94,5.0,0.0,10,5,5,5,5,5,5,5,5,5,5
1.82,2.1,0.7666666666666666,10,1,3,2,1,2,3,2,3,3,1
3.67,3.1,0.9888888888888889,10,4,4,4,3,3,4,3,3,2,1
4.12,4.2,0.6222222222222222,10,5,4,3,4,5,5,5,4,4,3
4.93,4.9,0.09999999999999998,10,5,5,5,5,4,5,5,5,5,5
2.84,2.9,1.2111111111111112,10,4,2,3,2,3,3,3,1,3,5
1.44,1.4,0.2666666666666667,10,1,2,1,2,1,1,1,1,2,2
2.85,2.5,0.9444444444444444,10,2,4,2,3,2,2,2,1,3,4
1.47,1.4,0.7111111111111114,10,3,1,1,1,1,1,1,1,1,3
3.71,3.6,1.377777777777778,10,3,3,4,3,5,4,4,5,4,1
4.14,4.2,0.39999999999999997,10,5,5,3,4,4,5,4,4,4,4
4.470000000000001,4.1,0.5444444444444444,10,4,5,4,5,3,4,4,4,5,3
2.36,2.6,1.1555555555555557,10,5,2,2,3,1,3,2,3,3,2
1.1800000000000002,1.2,0.4,10,1,1,1,1,1,1,1,1,3,1
1.57,1.4,0.2666666666666667,10,2,2,1,2,1,1,2,1,1,1
4.91,4.7,0.23333333333333334,10,4,5,5,5,5,5,4,4,5,5
4.76,4.7,0.23333333333333334,10,5,5,4,5,5,5,5,4,5,4
3.04,2.5,0.9444444444444444,10,2,4,4,3,1,2,2,2,3,2
2.17,2.1,0.5444444444444445,10,3,2,3,2,2,2,1,3,2,1
1.23,1.3,0.23333333333333334,10,1,1,1,1,1,2,1,2,1,2
2.38,2.3,1.3444444444444443,10,1,1,4,1,3,3,1,3,3,3
1.25,1.3,0.23333333333333334,10,1,2,1,1,1,1,2,2,1,1
1.81,2.1,0.7666666666666667,10,2,1,3,2,1,2,2,4,2,2
3.78,3.8,1.9555555555555557,10,4,1,5,4,5,5,3,5,2,4
2.6,2.5,0.5,10,2,3,3,2,2,3,2,4,2,2
2.53,3.4,0.48888888888888904,10,4,2,4,4,4,3,4,3,3,3
1.73,1.7,0.6777777777777779,10,2,2,2,1,3,3,1,1,1,1
3.91,4.0,0.4444444444444444,10,4,4,5,3,4,4,4,5,3,4
3.94,4.3,0.23333333333333334,10,4,4,5,5,4,4,5,4,4,4
4.62,4.6,0.26666666666666666,10,4,5,5,5,5,5,5,4,4,4
3.75,3.9,0.7666666666666665,10,5,4,3,3,5,3,4,5,4,3
2.54,2.7,1.1222222222222222,10,1,3,2,2,2,4,4,4,3,2
3.92,3.6,0.9333333333333333,10,3,4,2,3,5,3,5,4,4,3
1.67,1.9,0.5444444444444445,10,1,2,2,3,2,3,2,2,1,1
5.0,5.0,0.0,10,5,5,5,5,5,5,5,5,5,5
4.75,4.8,0.17777777777777773,10,5,5,5,4,5,5,5,4,5,5
4.64,4.7,0.23333333333333334,10,5,5,4,5,4,5,5,5,5,4
2.87,2.5,1.3888888888888888,10,4,1,3,4,4,2,2,2,2,1
3.2,2.9,1.4333333333333333,10,2,5,4,3,1,2,2,4,3,3
2.3,2.0,0.4444444444444444,10,2,2,1,3,3,1,2,2,2,2
3.69,4.1,0.5444444444444444,10,3,4,5,4,4,4,5,3,5,4
1.46,1.3,0.23333333333333334,10,2,1,1,1,2,1,2,1,1,1
3.85,3.0,2.6666666666666665,10,4,4,1,1,5,4,1,2,5,3
1.2,1.1,0.1,10,1,1,1,1,1,1,1,1,1,2
1.24,1.3,0.23333333333333334,10,1,2,1,1,2,1,2,1,1,1
2.04,2.5,1.1666666666666667,10,2,2,3,2,2,3,2,1,3,5
2.21,2.4,1.155555555555556,10,2,2,2,1,1,2,3,3,4,4
1.05,1.1,0.1,10,1,1,1,1,1,1,1,1,1,2
4.85,4.8,0.17777777777777773,10,4,5,4,5,5,5,5,5,5,5
4.89,4.8,0.17777777777777773,10,5,5,5,5,4,5,5,4,5,5
1.04,1.1,0.09999999999999999,10,1,1,1,1,2,1,1,1,1,1
2.24,2.1,0.5444444444444446,10,3,2,1,2,1,2,2,2,3,3
3.27,3.0,1.1111111111111112,10,2,3,5,3,4,4,2,2,3,2
1.51,1.9,0.5444444444444444,10,2,2,3,3,1,2,1,1,2,2
1.6,1.3,0.23333333333333334,10,2,1,1,1,1,2,1,1,1,2
4.66,4.7,0.4555555555555555,10,5,5,5,5,5,4,5,3,5,5
1.55,1.5,0.5,10,1,2,1,2,2,1,1,1,1,3
2.11,2.4,0.48888888888888893,10,2,2,3,3,3,3,1,2,2,3
1.42,1.5,0.2777777777777778,10,2,2,2,2,1,1,1,1,2,1
4.26,4.0,0.8888888888888888,10,4,3,5,4,4,4,5,2,4,5
2.33,2.1,0.5444444444444445,10,3,1,3,3,2,2,2,1,2,2
3.28,3.8,0.6222222222222222,10,3,5,4,4,3,5,3,3,4,4
2.13,2.0,1.1111111111111112,10,1,1,3,3,1,2,4,2,2,1
1.24,1.3,0.23333333333333334,10,1,1,2,1,2,2,1,1,1,1
1.23,1.1,0.09999999999999999,10,1,1,1,1,1,1,2,1,1,1
2.32,2.3,0.6777777777777777,10,3,3,1,1,2,3,3,2,3,2
4.62,4.1,0.5444444444444444,10,4,4,4,4,5,3,3,4,5,5
1.94,2.1,0.5444444444444444,10,2,2,1,2,2,1,3,3,2,3
2.09,1.8,0.6222222222222222,10,2,1,2,3,2,1,3,1,2,1
2.36,2.1,0.9888888888888889,10,1,1,3,2,3,2,4,1,2,2
3.3,3.1,1.2111111111111112,10,3,3,3,3,3,5,4,4,1,2
2.37,2.7,0.8999999999999999,10,2,2,1,3,2,3,3,4,3,4
4.93,4.7,0.23333333333333334,10,5,5,4,5,5,4,5,5,4,5
2.71,2.6,0.48888888888888904,10,3,3,2,2,4,2,2,3,2,3
3.54,3.7,0.8999999999999999,10,5,2,5,3,4,3,4,4,3,4
3.17,3.2,2.177777777777778,10,2,2,5,5,3,1,5,2,3,4
3.01,2.7,1.788888888888889,10,4,3,4,3,2,4,1,1,1,4
1.01,1.1,0.09999999999999999,10,1,1,2,1,1,1,1,1,1,1
2.41,2.4,1.3777777777777778,10,3,2,3,3,1,5,2,2,2,1
4.02,3.9,0.7666666666666666,10,5,5,4,3,4,3,4,3,5,3
3.77,3.9,0.7666666666666666,10,4,5,4,4,3,4,2,5,4,4
3.47,3.1,1.4333333333333333,10,2,3,5,2,2,3,4,5,3,2
1.48,1.1,0.1,10,1,1,1,1,1,1,1,1,1,2
1.35,1.3,0.23333333333333334,10,1,2,1,1,2,2,1,1,1,1
2.1,1.9,0.7666666666666666,10,1,2,1,3,2,1,3,2,1,3
2.23,1.8,0.8444444444444447,10,1,2,1,2,2,1,2,4,1,2
3.0,3.8,0.6222222222222222,10,3,3,5,4,3,5,3,4,4,4
4.98,5.0,0.0,10,5,5,5,5,5,5,5,5,5,5
1.19,1.1,0.09999999999999999,10,2,1,1,1,1,1,1,1,1,1
1.11,1.1,0.09999999999999999,10,1,1,1,2,1,1,1,1,1,1
3.42,3.6,0.7111111111111112,10,3,4,5,4,2,4,4,3,3,4
4.9,4.9,0.09999999999999999,10,5,5,5,5,5,5,4,5,5,5
2.9,2.6,1.3777777777777775,10,4,1,4,1,3,3,2,2,2,4
2.5,2.3,0.4555555555555555,10,2,3,1,2,3,2,3,2,2,3
1.61,1.2,0.4000000000000001,10,1,1,1,1,3,1,1,1,1,1
4.43,4.6,0.2666666666666667,10,5,5,4,4,4,5,5,5,5,4
2.29,2.6,0.9333333333333333,10,3,4,1,2,3,4,2,2,3,2
3.24,3.1,1.4333333333333333,10,4,2,2,4,2,4,4,5,2,2
4.57,4.5,0.2777777777777778,10,4,5,5,4,5,5,5,4,4,4
1.25,1.1,0.09999999999999999,10,1,2,1,1,1,1,1,1,1,1
1.58,1.8,0.6222222222222222,10,1,2,2,3,3,2,1,1,1,2
1.89,2.2,0.8444444444444444,10,2,1,2,2,4,1,2,2,3,3
3.1100000000000003,3.3,0.6777777777777777,10,4,3,3,3,3,3,4,2,5,3
3.65,3.9,0.7666666666666665,10,3,5,4,3,3,5,4,4,5,3
1.43,1.4,0.2666666666666667,10,1,2,2,1,2,1,1,1,2,1
1.34,1.1,0.09999999999999999,10,1,1,2,1,1,1,1,1,1,1
2.48,2.9,0.5444444444444443,10,3,4,3,2,2,2,4,3,3,3
1.46,1.8,0.8444444444444447,10,2,2,4,1,1,1,1,2,2,2
3.49,3.7,1.1222222222222222,10,3,4,5,3,4,3,5,5,2,3
3.17,3.3,0.6777777777777777,10,4,2,4,4,2,3,4,3,3,4
2.8600000000000003,2.3,0.8999999999999999,10,1,2,3,3,3,1,3,3,1,3
3.29,2.9,0.7666666666666665,10,3,3,4,2,2,4,4,2,2,3
3.7,3.8,0.6222222222222222,10,3,3,3,5,5,3,4,4,4,4
2.0,2.1,0.5444444444444444,10,1,2,3,3,2,1,2,2,3,2
3.9,4.1,0.32222222222222213,10,4,5,3,4,5,4,4,4,4,4
2.97,3.2,0.6222222222222222,10,3,4,4,3,4,3,3,2,2,4
2.98,2.4,0.2666666666666667,10,2,3,2,3,2,3,2,2,2,3
1.81,1.3,0.23333333333333334,10,2,1,1,1,1,2,2,1,1,1
1.0699999999999998,1.0,0.0,10,1,1,1,1,1,1,1,1,1,1
1.72,2.2,0.6222222222222222,10,1,2,3,1,2,3,3,3,2,2
1.81,1.8,0.8444444444444446,10,2,2,2,1,1,2,4,2,1,1
3.27,3.3,0.23333333333333334,10,3,4,4,3,3,4,3,3,3,3
3.26,3.6,0.48888888888888893,10,4,3,3,3,3,4,4,3,4,5
2.28,2.2,1.2888888888888888,10,1,1,2,3,4,2,2,1,4,2
3.06,2.6,0.48888888888888893,10,2,2,3,3,2,2,3,2,4,3
4.18,4.3,0.6777777777777777,10,4,4,5,5,4,3,5,5,5,3
4.32,4.1,0.7666666666666666,10,5,3,4,4,3,4,5,3,5,5
2.74,2.8,1.5111111111111117,10,1,5,3,2,2,4,4,2,3,2
4.09,4.3,0.6777777777777777,10,5,3,3,5,5,5,4,4,5,4
3.25,3.2,0.8444444444444444,10,3,2,3,3,2,3,3,4,4,5
1.74,1.7,0.4555555555555555,10,2,2,1,1,3,2,2,1,1,2
3.12,2.8,1.0666666666666667,10,3,3,4,3,4,3,3,1,3,1
2.54,2.8,1.0666666666666669,10,3,3,4,4,3,2,2,2,1,4
4.470000000000001,4.3,0.23333333333333334,10,4,5,4,4,4,4,5,5,4,4
1.21,1.2,0.1777777777777778,10,1,1,2,1,1,2,1,1,1,1
2.39,2.2,0.6222222222222222,10,2,2,2,1,2,2,4,2,2,3
2.7,2.7,0.6777777777777777,10,2,2,2,4,3,3,2,2,4,3
4.38,4.3,0.4555555555555555,10,4,4,3,5,4,4,5,5,5,4
3.93,3.7,1.1222222222222222,10,2,4,5,4,4,4,5,4,2,3
1.53,1.5,0.2777777777777778,10,2,2,1,1,1,1,2,2,2,1
4.83,4.7,0.23333333333333334,10,5,4,5,5,5,5,5,4,4,5
2.57,2.4,0.7111111111111112,10,2,1,4,2,2,3,3,2,3,2
1.23,1.3,0.4555555555555555,10,1,1,1,1,2,1,1,1,1,3
2.13,2.3,1.1222222222222222,10,2,2,3,1,3,3,1,1,3,4
3.35,3.6,1.155555555555556,10,5,5,4,3,4,4,3,2,2,4
4.69,4.6,0.4888888888888888,10,5,5,5,5,4,5,5,3,5,4
3.04,3.0,0.2222222222222222,10,3,3,3,3,2,3,4,3,3,3
3.67,3.6,0.7111111111111111,10,4,4,4,3,4,3,4,5,2,3
4.92,4.9,0.09999999999999998,10,5,5,4,5,5,5,5,5,5,5
2.37,2.5,0.2777777777777778,10,3,2,3,2,2,3,2,3,3,2
4.12,4.0,1.1111111111111112,10,5,3,4,5,5,4,3,2,4,5
4.54,4.5,0.2777777777777778,10,5,4,4,4,4,5,5,5,4,5
1.33,1.4,0.2666666666666667,10,2,1,1,1,1,2,2,2,1,1
2.2,1.8,0.17777777777777784,10,2,1,2,2,2,2,1,2,2,2
1.51,1.5,0.2777777777777778,10,1,2,1,2,1,2,1,2,1,2
1.47,1.1,0.09999999999999999,10,1,1,1,1,1,1,1,2,1,1
2.31,2.8,0.8444444444444444,10,3,2,2,1,4,3,3,3,4,3
3.27,3.4,0.7111111111111112,10,4,3,4,3,2,4,4,4,2,4
3.26,3.3,1.3444444444444443,10,2,3,2,4,4,5,5,3,2,3
3.43,3.6,1.1555555555555557,10,3,3,4,4,4,5,2,4,2,5
4.83,4.9,0.09999999999999996,10,5,4,5,5,5,5,5,5,5,5
2.5,2.6,0.7111111111111111,10,3,2,3,3,3,2,3,4,2,1
2.7,2.6,0.7111111111111112,10,3,3,3,4,3,2,2,2,3,1
1.44,1.3,0.23333333333333334,10,2,1,1,1,1,2,1,1,1,2
2.23,2.0,0.6666666666666666,10,3,1,2,3,1,2,2,1,2,3
2.48,2.6,1.3777777777777778,10,2,2,3,4,3,2,2,1,5,2
3.59,4.1,0.5444444444444444,10,4,4,4,3,4,3,5,5,4,5
1.08,1.0,0.0,10,1,1,1,1,1,1,1,1,1,1
4.24,4.3,0.6777777777777777,10,4,5,3,4,5,5,5,4,3,5
4.55,4.5,0.2777777777777778,10,4,4,5,4,4,5,4,5,5,5
3.49,3.3,1.3444444444444443,10,4,3,4,4,3,4,5,2,3,1
2.15,1.7,0.8999999999999999,10,2,1,2,1,4,1,2,2,1,1
3.37,3.5,0.9444444444444444,10,3,5,2,4,5,3,3,4,3,3
1.88,2.1,0.5444444444444444,10,2,2,2,3,3,3,2,1,1,2
2.34,2.0,0.8888888888888888,10,2,1,1,4,2,2,2,3,2,1
3.02,3.2,0.8444444444444444,10,3,3,3,4,3,3,4,1,4,4
2.57,2.4,1.1555555555555557,10,4,3,3,2,1,2,4,1,2,2
3.4,3.4,1.155555555555556,10,4,4,5,3,4,4,3,1,3,3
3.25,3.2,0.6222222222222222,10,4,4,3,2,3,3,4,3,4,2
2.06,1.7,0.4555555555555555,10,1,2,1,1,1,2,3,2,2,2
4.46,4.6,0.4888888888888888,10,4,5,5,5,4,5,5,3,5,5
1.04,1.1,0.1,10,1,1,1,1,1,1,1,1,2,1
4.39,4.1,0.5444444444444444,10,4,3,5,4,5,4,4,4,5,3
2.2,1.8,0.6222222222222222,10,1,2,1,2,1,3,1,2,2,3
1.99,1.9,0.7666666666666665,10,2,2,4,2,1,1,2,1,2,2
4.67,4.9,0.09999999999999996,10,5,4,5,5,5,5,5,5,5,5
3.18,3.4,0.48888888888888904,10,4,3,2,4,3,4,4,3,4,3
2.47,2.5,0.9444444444444444,10,3,2,4,4,2,1,2,2,2,3
4.85,4.8,0.17777777777777773,10,5,4,5,5,5,5,5,4,5,5
3.34,3.0,0.6666666666666666,10,2,4,2,3,3,3,3,4,4,2
2.49,2.2,1.0666666666666669,10,2,2,3,2,3,1,4,1,3,1
1.38,1.3,0.23333333333333334,10,1,1,1,2,2,1,2,1,1,1
4.26,4.7,0.4555555555555555,10,5,3,5,5,5,5,5,5,5,4
3.78,3.6,0.9333333333333336,10,3,2,3,5,5,3,4,4,3,4
1.82,1.6,0.7111111111111112,10,3,2,1,1,1,3,1,1,1,2
2.21,1.9,1.2111111111111112,10,4,3,1,2,1,1,1,3,1,2
2.04,1.9,0.7666666666666667,10,2,2,2,1,1,2,2,1,2,4
4.49,4.0,0.6666666666666666,10,5,4,4,3,4,5,5,3,3,4
1.14,1.1,0.09999999999999999,10,2,1,1,1,1,1,1,1,1,1
2.7,2.5,0.5,10,3,2,3,2,2,4,2,2,3,2
4.93,4.9,0.09999999999999998,10,5,5,5,5,4,5,5,5,5,5
1.41,1.3,0.23333333333333334,10,1,2,1,2,1,1,2,1,1,1
3.59,3.1,0.3222222222222223,10,4,3,3,3,3,2,4,3,3,3
4.11,4.1,0.5444444444444444,10,4,4,3,4,4,5,4,5,5,3
4.49,4.6,0.26666666666666666,10,5,4,4,4,5,4,5,5,5,5
4.93,5.0,0.0,10,5,5,5,5,5,5,5,5,5,5
3.66,3.9,0.9888888888888889,10,5,2,5,4,3,5,4,3,4,4
3.4,3.5,1.1666666666666667,10,4,3,3,1,4,3,5,4,4,4
1.71,1.7,0.45555555555555544,10,2,1,3,2,2,1,1,1,2,2
1.3,1.2,0.17777777777777778,10,1,1,1,1,1,1,2,2,1,1
3.1,3.2,0.8444444444444444,10,3,3,1,4,3,3,4,3,4,4
1.16,1.0,0.0,10,1,1,1,1,1,1,1,1,1,1
2.22,2.2,0.17777777777777773,10,2,2,2,3,2,3,2,2,2,2
3.34,3.4,1.822222222222222,10,2,5,2,2,3,5,5,4,2,4
3.47,3.6,0.9333333333333333,10,5,3,5,4,4,2,3,4,3,3
2.33,1.9,1.2111111111111112,10,1,1,3,3,1,2,4,2,1,1
2.14,2.1,0.5444444444444445,10,2,2,3,3,2,1,2,2,3,1
4.8,4.7,0.23333333333333334,10,4,5,5,5,5,4,5,5,5,4
2.16,2.1,0.3222222222222222,10,2,2,2,3,2,2,2,3,2,1
1.59,1.9,0.7666666666666666,10,2,1,1,3,2,1,3,3,2,1
3.3600000000000003,3.9,0.5444444444444445,10,5,5,4,4,4,4,3,3,4,3
3.1100000000000003,2.7,2.011111111111111,10,5,2,4,1,2,4,1,2,4,2
3.05,3.4,1.1555555555555557,10,4,4,3,3,2,3,5,5,2,3
3.63,2.9,1.2111111111111112,10,3,4,4,1,2,3,4,2,4,2
1.35,1.3,0.9000000000000001,10,1,1,1,1,4,1,1,1,1,1
4.14,4.2,1.2888888888888888,10,5,4,5,3,5,5,3,5,5,2
3.65,3.9,0.5444444444444445,10,4,2,4,4,4,5,4,4,4,4
2.6,2.8,0.6222222222222222,10,4,3,3,3,2,2,2,4,2,3
3.66,4.0,0.6666666666666666,10,3,5,4,5,5,3,4,3,4,4
2.88,2.5,0.9444444444444444,10,3,1,3,4,3,2,3,2,3,1
2.85,3.6,0.48888888888888893,10,3,3,3,3,4,5,4,4,4,3
1.2,1.3,0.23333333333333334,10,1,2,1,1,2,1,1,2,1,1
4.99,5.0,0.0,10,5,5,5,5,5,5,5,5,5,5
4.95,4.9,0.09999999999999998,10,5,5,5,5,5,4,5,5,5,5
1.73,1.9,0.7666666666666667,10,2,1,3,1,2,1,2,1,3,3
3.71,3.7,0.8999999999999999,10,4,2,3,3,4,4,4,5,3,5
2.62,2.3,0.8999999999999999,10,2,2,4,2,1,3,3,3,1,2
4.23,4.3,0.4555555555555555,10,4,5,3,5,5,4,5,4,4,4
2.22,1.9,0.7666666666666665,10,2,1,3,3,1,1,2,3,1,2
3.51,3.3,0.6777777777777777,10,4,4,4,3,2,4,3,4,2,3
3.3,3.6,0.9333333333333333,10,3,3,2,4,4,5,3,5,3,4
1.27,1.3,0.23333333333333334,10,2,1,1,2,1,1,1,1,2,1
1.17,1.0,0.0,10,1,1,1,1,1,1,1,1,1,1
4.65,4.8,0.17777777777777776,10,5,5,5,5,5,4,5,5,4,5
3.64,4.0,1.1111111111111112,10,4,5,2,5,4,5,4,5,3,3
1.93,2.0,0.6666666666666666,10,3,3,2,1,1,3,2,1,2,2
2.7,2.6,0.48888888888888893,10,3,2,2,2,2,3,4,2,3,3
4.09,4.5,0.5,10,5,4,5,4,5,5,3,5,4,5
1.48,1.5,0.7222222222222222,10,1,3,1,1,1,1,1,3,2,1
2.4,2.4,0.2666666666666667,10,2,2,2,2,3,3,2,2,3,3
3.3,3.3,0.6777777777777777,10,2,4,4,3,3,4,4,3,2,4
2.5,2.2,1.0666666666666669,10,4,3,2,2,1,3,3,1,2,1
3.53,3.9,0.5444444444444445,10,3,3,4,3,4,4,5,4,5,4
1.69,2.0,1.1111111111111112,10,2,1,2,2,3,1,3,1,4,1
2.75,2.9,1.2111111111111112,10,2,2,2,4,1,4,4,4,3,3
2.34,2.1,0.7666666666666666,10,2,3,3,2,3,1,2,1,1,3
4.76,4.8,0.17777777777777773,10,5,5,4,5,5,5,5,4,5,5
1.92,1.8,0.4000000000000001,10,1,2,3,2,2,2,1,2,2,1
4.38,4.4,0.48888888888888893,10,5,4,5,4,5,5,4,5,4,3
2.19,2.8,1.5111111111111113,10,2,3,4,3,2,1,2,2,5,4
4.3,4.0,0.6666666666666666,10,4,5,4,5,3,3,5,4,4,3
2.53,2.3,0.8999999999999999,10,3,2,2,3,1,2,4,3,1,2
1.78,2.3,0.4555555555555555,10,3,2,3,2,2,1,3,2,2,3
3.72,4.0,0.6666666666666666,10,4,5,5,4,4,3,3,3,4,5
3.62,3.9,1.2111111111111112,10,3,5,5,4,4,5,3,5,3,2
1.14,1.0,0.0,10,1,1,1,1,1,1,1,1,1,1
2.67,2.0,0.2222222222222222,10,2,2,2,2,1,2,2,3,2,2
2.65,2.7,0.6777777777777777,10,2,3,3,3,3,1,3,4,3,2
1.4,1.2,0.1777777777777778,10,1,1,1,1,2,1,2,1,1,1
1.97,2.4,0.2666666666666667,10,3,2,3,2,2,3,3,2,2,2
1.99,2.1,1.2111111111111112,10,2,3,4,2,3,1,1,3,1,1
1.82,1.9,0.7666666666666665,10,2,1,4,2,2,2,1,2,2,1
2.56,2.6,0.9333333333333333,10,2,4,3,3,1,3,2,4,2,2
3.74,3.1,0.7666666666666665,10,3,3,2,5,3,2,3,3,3,4
2.76,2.6,0.9333333333333333,10,2,2,2,4,2,2,4,4,2,2
1.8,1.8,0.4000000000000001,10,1,3,2,2,2,2,2,1,1,2
4.01,3.8,1.288888888888889,10,4,3,2,2,4,5,4,4,5,5
3.8,3.5,0.9444444444444444,10,2,4,5,4,4,3,4,2,3,4
3.56,3.2,0.6222222222222222,10,3,3,3,4,2,4,3,4,2,4
4.2,3.8,1.7333333333333336,10,5,5,4,1,4,4,4,2,5,4
1.12,1.2,0.17777777777777784,10,2,1,1,1,1,1,1,1,2,1
1.16,1.1,0.09999999999999999,10,1,1,2,1,1,1,1,1,1,1
1.45,1.6,0.48888888888888904,10,1,2,1,1,3,2,1,2,1,2
1.3,1.2,0.17777777777777778,10,1,1,1,1,1,1,1,2,2,1
3.64,3.1,0.9888888888888887,10,4,4,4,2,4,2,4,2,2,3
4.69,4.7,0.23333333333333334,10,4,5,5,5,4,5,5,5,4,5
2.41,2.4,0.7111111111111112,10,2,2,1,3,3,2,4,3,2,2
2.89,3.4,0.7111111111111112,10,2,4,4,4,3,4,3,4,4,2
3.09,3.3,0.4555555555555555,10,3,3,2,4,3,4,4,4,3,3
3.77,4.2,1.0666666666666669,10,4,5,2,5,5,4,3,5,4,5
3.41,3.9,0.5444444444444446,10,5,4,5,4,3,4,4,4,3,3
2.03,1.8,0.4000000000000001,10,2,2,1,2,2,3,1,2,1,2
3.16,3.5,1.6111111111111112,10,2,1,3,4,5,4,3,4,5,4
2.83,2.9,0.9888888888888887,10,2,3,2,4,2,3,3,2,3,5
4.0600000000000005,3.5,1.8333333333333333,10,2,5,3,4,5,3,4,3,1,5
4.09,3.8,0.6222222222222222,10,4,3,3,3,4,4,4,5,3,5
4.58,4.3,0.6777777777777777,10,4,4,5,5,4,3,3,5,5,5
4.03,4.1,0.32222222222222213,10,5,4,3,4,4,4,4,4,4,5
1.83,1.5,0.2777777777777778,10,2,1,2,1,2,1,2,1,2,1
1.95,1.9,0.7666666666666666,10,2,1,1,1,2,1,3,3,2,3
4.4,4.2,0.6222222222222222,10,5,4,4,4,3,5,5,3,4,5
1.76,1.7,0.45555555555555544,10,1,3,2,1,2,1,2,2,2,1
1.3,1.4,0.2666666666666667,10,1,2,1,2,1,1,2,1,1,2
1.49,1.7,0.23333333333333334,10,2,1,2,2,2,2,2,1,2,1
3.87,3.8,0.8444444444444444,10,4,4,2,5,4,3,4,3,4,5
2.78,3.0,1.1111111111111112,10,3,1,3,2,4,2,4,3,4,4
1.26,1.4,0.48888888888888915,10,3,2,1,1,1,1,1,1,1,2
3.21,2.9,0.9888888888888889,10,2,3,5,3,3,3,2,4,2,2
1.52,1.7,0.45555555555555544,10,1,2,3,2,1,1,2,1,2,2
3.68,3.3,1.5666666666666667,10,5,2,4,3,5,2,2,4,2,4
4.46,4.4,0.48888888888888893,10,4,5,5,5,4,5,5,4,4,3
1.27,1.5,0.2777777777777778,10,2,2,1,1,2,2,1,1,2,1
4.970000000000001,5.0,0.0,10,5,5,5,5,5,5,5,5,5,5
2.3,2.5,0.5,10,3,1,2,3,3,3,3,3,2,2
3.71,3.3,0.4555555555555555,10,3,3,4,3,4,4,3,4,3,2
1.17,1.5,0.5,10,1,1,1,1,2,2,3,2,1,1
4.55,4.4,0.4888888888888888,10,4,5,5,3,4,4,4,5,5,5
3.28,3.4,0.48888888888888904,10,4,3,3,3,5,3,3,3,3,4
3.13,3.3,1.5666666666666667,10,5,2,4,3,4,2,5,2,2,4
3.57,3.6,1.1555555555555557,10,2,4,4,4,2,4,3,3,5,5
3.89,3.7,0.4555555555555555,10,5,4,4,4,3,3,4,3,3,4
2.95,2.8,0.8444444444444444,10,3,2,2,2,4,3,2,4,4,2
4.54,4.5,0.5,10,5,3,4,4,5,5,4,5,5,5
4.35,4.0,0.4444444444444444,10,4,3,5,4,4,3,4,4,5,4
3.78,3.4,0.9333333333333333,10,2,3,5,3,4,4,2,4,3,4
1.44,1.3,0.23333333333333334,10,1,1,2,2,1,1,1,1,1,2
2.96,3.6,1.1555555555555557,10,5,2,4,2,5,4,4,3,3,4
2.7,2.8,1.0666666666666669,10,4,3,3,3,3,1,3,3,1,4
1.14,1.2,0.17777777777777778,10,1,1,1,1,1,1,2,2,1,1
3.77,3.7,1.3444444444444443,10,4,5,4,2,2,5,5,3,4,3
2.38,2.3,0.6777777777777777,10,1,2,3,2,2,2,2,3,4,2
3.64,3.6,0.7111111111111112,10,4,5,3,3,4,3,3,3,3,5
3.76,3.6,1.3777777777777778,10,5,3,4,3,3,4,5,5,2,2
1.23,1.4,0.9333333333333333,10,4,1,1,1,1,1,1,1,1,2
4.2700000000000005,4.3,0.4555555555555555,10,5,5,5,4,4,3,5,4,4,4
2.42,2.7,0.6777777777777777,10,1,2,3,2,4,3,3,3,3,3
4.37,4.3,0.23333333333333334,10,4,4,4,5,5,4,5,4,4,4
4.3100000000000005,4.4,0.4888888888888888,10,3,4,5,5,5,5,4,4,5,4
1.77,1.7,0.8999999999999999,10,1,1,1,2,2,2,1,2,4,1
3.54,3.7,0.8999999999999999,10,2,4,5,5,3,4,4,3,3,4
2.91,2.5,0.9444444444444444,10,3,2,2,1,2,4,3,4,2,2
2.69,2.9,0.9888888888888889,10,2,3,3,3,4,3,4,4,2,1
2.69,2.9,1.8777777777777775,10,3,2,4,4,4,3,1,1,2,5
1.22,1.2,0.17777777777777778,10,1,1,1,1,1,1,2,1,2,1
4.0,3.8,0.39999999999999997,10,4,3,3,4,5,3,4,4,4,4
1.86,1.5,0.5,10,1,1,3,1,2,2,2,1,1,1
3.9,3.8,0.8444444444444444,10,5,3,4,4,3,3,5,3,3,5
4.92,5.0,0.0,10,5,5,5,5,5,5,5,5,5,5
2.49,2.9,1.2111111111111112,10,4,2,4,3,2,4,2,1,4,3
1.3,1.3,0.23333333333333334,10,1,1,1,2,2,2,1,1,1,1
3.65,3.7,1.1222222222222222,10,5,4,4,4,4,3,2,2,4,5
2.33,2.2,0.6222222222222222,10,3,2,1,3,2,3,3,2,2,1
1.92,1.7,0.23333333333333334,10,1,2,2,1,2,2,1,2,2,2
1.09,1.0,0.0,10,1,1,1,1,1,1,1,1,1,1
3.44,4.2,0.8444444444444444,10,4,5,2,5,5,4,5,4,4,4
3.58,4.0,0.6666666666666666,10,4,5,5,3,3,4,4,4,3,5
2.88,2.8,0.6222222222222222,10,3,2,3,4,2,2,2,3,3,4
2.52,2.5,1.1666666666666667,10,2,4,2,4,3,2,3,3,1,1
3.5,3.8,1.288888888888889,10,4,5,3,5,5,2,3,5,3,3
4.32,4.4,0.48888888888888893,10,4,4,5,5,5,4,4,5,3,5
4.02,4.1,0.5444444444444444,10,5,4,4,5,4,3,5,4,4,3
3.48,3.4,1.1555555555555554,10,4,3,4,4,2,2,5,4,4,2
3.01,2.8,1.0666666666666669,10,4,3,4,3,1,3,4,2,2,2
3.06,3.4,0.9333333333333333,10,2,2,3,3,5,4,3,4,4,4
1.61,1.8,0.6222222222222222,10,2,3,2,2,1,3,1,1,1,2
4.68,4.6,0.26666666666666666,10,4,5,5,4,5,4,5,4,5,5
2.65,2.9,0.5444444444444444,10,2,3,4,3,3,2,4,3,3,2
1.88,1.5,0.5,10,1,3,2,1,1,1,1,1,2,2
4.3100000000000005,4.3,0.8999999999999999,10,2,5,5,4,4,4,5,5,5,4
1.94,2.1,0.9888888888888889,10,3,1,1,3,1,1,3,2,3,3
4.66,4.9,0.09999999999999999,10,5,5,5,5,5,5,5,5,5,4
3.48,3.6,0.7111111111111112,10,3,3,4,5,3,5,3,4,3,3
1.62,1.6,0.48888888888888904,10,1,3,1,1,1,2,2,2,1,2
2.78,2.5,1.1666666666666667,10,2,2,2,2,4,4,2,4,2,1
3.87,3.6,0.7111111111111111,10,4,3,3,4,4,3,5,4,4,2
1.34,1.3,0.23333333333333334,10,1,1,1,2,1,1,1,2,2,1
1.34,1.1,0.09999999999999999,10,1,1,1,1,1,1,2,1,1,1
4.57,4.6,0.2666666666666667,10,5,5,5,4,5,4,5,4,4,5
1.19,1.2,0.17777777777777784,10,1,2,1,1,1,1,1,1,2,1
3.83,4.1,0.5444444444444444,10,3,4,4,3,5,4,4,5,5,4
2.19,2.0,0.4444444444444444,10,3,2,1,2,3,2,2,2,2,1
2.98,2.3,0.6777777777777777,10,2,2,1,2,3,3,4,2,2,2
4.45,4.3,0.4555555555555555,10,4,5,5,4,3,5,5,4,4,4
2.23,2.1,0.5444444444444445,10,3,2,1,3,2,2,2,2,1,3
1.39,1.5,0.5,10,1,1,2,1,1,2,2,1,1,3
1.62,2.0,0.6666666666666666,10,2,1,1,3,1,2,3,2,2,3
2.35,2.7,1.1222222222222222,10,2,3,2,2,3,1,3,3,5,3
4.48,4.3,1.1222222222222222,10,5,3,5,5,5,4,4,5,5,2
1.04,1.1,0.09999999999999999,10,1,1,1,1,1,1,1,2,1,1
4.03,4.0,0.6666666666666666,10,4,5,5,4,3,3,3,4,5,4
3.92,3.9,0.7666666666666665,10,2,4,5,5,4,4,4,4,4,3
3.88,4.1,0.5444444444444444,10,4,5,4,4,3,5,5,3,4,4
2.92,2.8,0.6222222222222222,10,3,3,3,1,3,3,3,2,4,3
2.1,1.7,0.23333333333333328,10,2,2,2,2,2,1,2,1,1,2
1.03,1.0,0.0,10,1,1,1,1,1,1,1,1,1,1
1.29,1.5,0.5,10,3,2,1,1,2,1,1,2,1,1
1.81,1.3,0.9000000000000001,10,1,1,1,4,1,1,1,1,1,1
1.9,2.3,1.788888888888889,10,1,4,3,1,1,1,2,2,4,4
3.21,3.6,0.9333333333333333,10,3,3,4,3,3,4,5,5,4,2
3.99,3.9,0.1,10,4,4,4,4,4,4,4,4,4,3
1.04,1.0,0.0,10,1,1,1,1,1,1,1,1,1,1
2.22,1.6,0.7111111111111112,10,1,1,3,3,1,1,2,1,1,2
2.8600000000000003,3.1,1.4333333333333333,10,3,3,2,5,3,4,4,2,1,4
2.89,3.2,1.0666666666666673,10,3,5,4,3,1,4,3,3,3,3
4.14,4.4,0.26666666666666666,10,4,4,4,4,5,4,5,5,5,4
1.75,1.5,0.5,10,1,2,1,2,1,1,3,1,1,2
1.34,1.2,0.17777777777777784,10,1,2,1,1,2,1,1,1,1,1
1.25,1.2,0.17777777777777784,10,1,2,1,1,1,1,1,2,1,1
2.43,2.2,0.8444444444444444,10,2,1,2,1,3,3,1,3,3,3
2.57,2.9,1.211111111111111,10,3,5,3,3,3,3,4,2,2,1
4.5600000000000005,4.7,0.23333333333333334,10,5,4,5,5,4,5,5,4,5,5
4.04,4.1,0.7666666666666666,10,5,3,4,4,4,3,5,5,3,5
3.82,3.6,1.6,10,5,3,3,4,3,5,5,4,1,3
1.3,1.3,0.23333333333333334,10,1,2,1,2,1,1,1,2,1,1
1.34,1.5,0.5,10,3,1,2,2,1,1,2,1,1,1
3.3,3.2,1.511111111111111,10,4,3,4,4,4,2,2,1,5,3
4.74,5.0,0.0,10,5,5,5,5,5,5,5,5,5,5
1.01,1.0,0.0,10,1,1,1,1,1,1,1,1,1,1
4.46,4.5,0.7222222222222222,10,5,5,3,3,5,5,5,5,5,4
2.17,2.4,0.7111111111111112,10,3,2,2,2,1,2,2,3,4,3
2.51,3.2,0.6222222222222222,10,3,2,4,3,4,3,2,4,3,4
2.6,2.6,1.3777777777777778,10,1,1,2,2,3,2,3,4,4,4
4.32,4.5,0.5,10,5,4,5,3,5,4,4,5,5,5
2.79,2.9,0.7666666666666665,10,2,2,3,3,2,4,2,3,4,4
1.27,1.3,0.23333333333333334,10,1,1,1,1,2,2,1,1,2,1
2.4,2.1,0.7666666666666666,10,1,3,3,2,1,2,1,3,2,3
1.04,1.1,0.09999999999999999,10,1,2,1,1,1,1,1,1,1,1
1.97,1.7,0.6777777777777777,10,1,2,3,2,1,1,2,1,1,3
2.42,2.5,1.3888888888888888,10,3,2,3,1,5,3,2,2,3,1
1.48,1.2,0.17777777777777778,10,1,1,1,1,1,1,2,2,1,1
4.95,5.0,0.0,10,5,5,5,5,5,5,5,5,5,5
3.15,2.7,0.6777777777777777,10,1,3,3,2,3,3,3,3,2,4
1.69,1.3,0.4555555555555555,10,1,1,1,2,1,1,1,1,1,3
1.11,1.0,0.0,10,1,1,1,1,1,1,1,1,1,1
2.87,3.1,0.7666666666666665,10,2,5,3,3,3,2,3,3,4,3
2.53,2.2,0.39999999999999997,10,3,2,2,3,2,2,2,1,3,2
3.04,3.2,0.6222222222222222,10,3,2,4,4,4,2,3,3,4,3
4.3100000000000005,4.5,0.5,10,4,5,5,3,4,5,5,4,5,5
4.5,4.9,0.09999999999999998,10,5,5,5,5,5,4,5,5,5,5
4.26,4.2,0.39999999999999997,10,4,4,4,4,5,4,5,4,5,3
1.22,1.1,0.09999999999999999,10,1,1,1,1,1,1,2,1,1,1
4.3,4.2,0.17777777777777773,10,4,5,4,4,4,5,4,4,4,4
2.15,2.2,0.6222222222222222,10,2,2,1,2,2,3,3,1,3,3
2.22,2.4,0.9333333333333333,10,3,3,3,3,3,3,3,1,1,1
3.71,3.8,1.0666666666666669,10,4,2,4,3,3,5,4,3,5,5
3.7,4.2,0.8444444444444444,10,4,5,5,3,4,3,5,5,5,3
1.28,1.2,0.17777777777777784,10,2,1,1,1,1,1,1,2,1,1
2.48,2.3,0.6777777777777777,10,3,2,1,2,2,3,2,2,2,4
3.8,3.8,1.288888888888889,10,5,3,2,4,3,5,3,5,5,3
3.31,3.5,1.1666666666666667,10,4,5,4,3,4,3,5,2,3,2
3.61,3.4,0.7111111111111114,10,5,3,3,2,4,3,4,4,3,3
4.03,3.9,1.6555555555555557,10,5,5,5,3,5,4,3,2,5,2
4.44,4.4,0.4888888888888888,10,3,5,5,5,4,4,4,5,4,5
4.63,5.0,0.0,10,5,5,5,5,5,5,5,5,5,5
2.17,1.9,0.32222222222222235,10,2,1,1,3,2,2,2,2,2,2
3.16,3.4,0.7111111111111112,10,3,4,3,2,4,4,2,4,4,4
1.1,1.1,0.09999999999999999,10,1,2,1,1,1,1,1,1,1,1
4.67,4.8,0.39999999999999997,10,5,5,5,5,3,5,5,5,5,5
1.75,2.0,0.8888888888888888,10,3,1,1,2,1,2,1,3,3,3
1.19,1.0,0.0,10,1,1,1,1,1,1,1,1,1,1
4.19,4.5,0.5,10,3,5,5,5,5,4,5,4,4,5
4.85,4.7,0.23333333333333334,10,5,4,5,5,5,5,4,5,5,4
3.91,3.8,0.17777777777777776,10,4,4,4,4,4,4,3,3,4,4
3.76,4.0,0.4444444444444444,10,4,3,4,5,5,4,4,4,3,4
2.95,2.1,0.7666666666666665,10,2,4,1,1,2,2,2,3,2,2
3.4,3.3,0.4555555555555555,10,4,3,3,3,3,2,4,3,4,4
3.81,4.0,0.6666666666666666,10,3,4,4,3,3,5,4,4,5,5
4.970000000000001,5.0,0.0,10,5,5,5,5,5,5,5,5,5,5
1.3,1.5,0.5,10,1,2,2,1,2,1,1,1,1,3
3.72,3.9,0.9888888888888889,10,4,5,4,4,4,3,5,3,2,5
2.62,2.4,1.1555555555555557,10,3,2,2,3,2,2,5,2,2,1
4.71,4.1,1.211111111111111,10,5,4,5,2,3,5,5,3,4,5
3.33,3.4,0.48888888888888893,10,4,3,4,3,4,4,3,3,4,2
3.43,3.3,1.1222222222222222,10,4,4,5,2,4,2,2,4,3,3
4.74,4.8,0.17777777777777773,10,5,5,5,5,4,5,5,4,5,5
3.16,3.5,0.9444444444444444,10,5,2,4,4,4,3,4,4,3,2
1.8,1.9,1.2111111111111112,10,3,1,2,1,1,3,2,1,4,1
1.52,1.8,0.4000000000000001,10,1,1,1,2,2,2,2,3,2,2
1.45,1.6,0.48888888888888904,10,1,1,1,3,2,2,1,1,2,2
2.63,2.5,0.2777777777777778,10,3,3,3,3,2,2,2,3,2,2
2.77,2.8,0.6222222222222222,10,2,3,4,4,3,3,2,2,2,3
1.72,1.7,0.23333333333333334,10,2,1,1,2,2,2,2,1,2,2
1.51,1.6,0.48888888888888904,10,3,1,1,2,2,1,2,1,2,1
4.46,3.8,0.39999999999999997,10,4,4,4,4,5,4,3,4,3,3
2.27,3.1,0.5444444444444443,10,2,4,4,2,3,3,3,3,3,4
4.94,5.0,0.0,10,5,5,5,5,5,5,5,5,5,5
4.8100000000000005,4.8,0.17777777777777773,10,5,5,4,5,5,5,5,4,5,5
2.63,2.2,0.8444444444444444,10,3,3,2,4,2,2,2,1,2,1
1.93,1.6,0.2666666666666667,10,2,1,1,2,1,2,2,1,2,2
2.2,2.2,0.6222222222222222,10,2,2,1,2,2,4,2,2,3,2
3.88,3.9,0.5444444444444445,10,5,4,5,4,3,4,3,4,3,4
4.32,4.0,0.8888888888888888,10,5,5,5,3,2,4,4,4,4,4
4.99,5.0,0.0,10,5,5,5,5,5,5,5,5,5,5
3.99,3.9,0.9888888888888889,10,5,4,2,3,4,5,4,5,4,3
1.95,1.8,0.4000000000000001,10,2,2,2,3,2,1,1,2,1,2
1.25,1.1,0.09999999999999999,10,1,1,2,1,1,1,1,1,1,1
1.12,1.1,0.09999999999999999,10,1,1,1,1,1,2,1,1,1,1
1.14,1.1,0.09999999999999999,10,1,1,1,1,1,1,1,2,1,1
1.2,1.1,0.09999999999999999,10,1,1,1,1,1,1,1,2,1,1
3.02,3.0,1.1111111111111112,10,5,3,2,2,3,2,2,4,4,3
2.95,3.5,1.1666666666666667,10,3,4,5,2,3,4,4,5,2,3
3.06,2.9,0.3222222222222223,10,3,3,2,2,4,3,3,3,3,3
2.83,3.2,1.0666666666666667,10,2,3,2,4,4,2,4,3,5,3
1.02,1.1,0.1,10,1,1,1,1,1,1,1,1,1,2
4.9,4.9,0.09999999999999999,10,5,5,5,5,5,5,5,4,5,5
4.54,4.7,0.23333333333333334,10,5,4,5,5,5,4,5,4,5,5
4.220000000000001,4.2,1.0666666666666667,10,5,4,3,4,5,5,5,2,5,4
3.99,4.1,0.3222222222222222,10,4,4,3,4,5,4,4,4,5,4
2.57,2.1,0.32222222222222235,10,1,2,2,3,2,2,2,2,2,3
4.2,4.3,0.6777777777777777,10,4,5,5,4,3,3,5,5,5,4
3.03,3.4,0.7111111111111112,10,3,3,3,3,5,4,4,3,2,4
4.17,4.2,1.0666666666666667,10,4,5,5,3,4,5,5,2,5,4
2.74,2.7,0.6777777777777777,10,3,1,2,3,2,3,4,3,3,3
2.23,1.6,0.9333333333333333,10,1,1,1,2,1,1,2,1,2,4
4.19,4.6,0.4888888888888888,10,5,5,5,5,5,3,5,5,4,4
2.25,2.4,0.7111111111111112,10,1,2,2,2,3,3,2,4,2,3
1.29,1.3,0.23333333333333334,10,1,2,1,2,1,1,1,1,2,1
4.779999999999999,4.8,0.17777777777777776,10,5,5,5,5,5,5,4,4,5,5
2.57,2.6,0.48888888888888893,10,3,2,2,2,3,3,2,4,2,3
3.23,3.5,0.7222222222222222,10,3,3,4,3,3,2,4,5,4,4
4.98,5.0,0.0,10,5,5,5,5,5,5,5,5,5,5
2.33,2.5,1.3888888888888888,10,2,2,1,1,2,4,4,4,2,3
1.19,1.2,0.1777777777777778,10,1,1,2,1,1,1,1,1,2,1
2.1,2.1,0.9888888888888892,10,2,3,1,2,1,2,1,2,4,3
4.34,4.8,0.17777777777777773,10,5,5,5,4,5,5,5,5,5,4
2.03,2.2,0.8444444444444444,10,2,1,2,4,2,2,1,2,3,3
1.11,1.1,0.09999999999999999,10,1,1,1,1,1,1,2,1,1,1
3.88,3.7,0.6777777777777777,10,3,3,5,3,5,3,4,3,4,4
1.32,1.4,0.48888888888888904,10,2,1,1,3,1,1,1,1,2,1
4.19,4.2,1.0666666666666669,10,5,3,2,5,4,4,5,5,4,5
2.92,3.6,1.3777777777777778,10,3,4,3,3,5,5,2,5,4,2
3.41,3.3,1.1222222222222222,10,3,1,4,3,3,3,3,4,5,4
2.15,2.1,0.9888888888888889,10,3,1,3,1,4,2,2,2,2,1
4.69,4.5,0.5,10,5,5,5,5,4,5,5,4,3,4
2.33,2.4,0.2666666666666667,10,2,2,3,2,3,2,3,2,2,3
2.02,2.2,0.6222222222222222,10,3,2,3,3,3,2,2,1,2,1
3.42,3.8,0.8444444444444444,10,5,2,3,3,4,4,4,4,4,5
4.51,4.7,0.4555555555555555,10,5,5,3,5,4,5,5,5,5,5
2.04,2.5,0.7222222222222222,10,3,2,2,4,3,2,1,2,3,3
4.720000000000001,4.7,0.23333333333333334,10,4,5,4,5,5,4,5,5,5,5
1.98,1.5,0.7222222222222222,10,1,1,1,3,1,1,1,3,1,2
4.65,4.4,0.48888888888888893,10,5,5,5,5,4,5,3,4,4,4
2.81,2.9,0.5444444444444444,10,2,2,3,3,3,3,2,4,4,3
4.21,4.3,0.8999999999999999,10,4,4,4,5,5,4,5,2,5,5
3.4,3.7,1.1222222222222222,10,5,4,4,3,2,2,4,4,5,4
4.57,4.6,0.2666666666666667,10,4,5,4,4,5,5,5,5,5,4
4.45,4.4,0.711111111111111,10,5,5,5,5,5,5,3,3,4,4
4.0,3.9,0.5444444444444444,10,4,4,3,5,4,3,3,5,4,4
1.69,2.1,0.5444444444444444,10,2,3,2,2,1,3,2,1,2,3
1.0699999999999998,1.2,0.1777777777777778,10,1,1,1,1,1,2,1,1,2,1
2.23,2.4,1.155555555555556,10,2,1,4,1,2,2,3,3,4,2
1.73,1.6,0.48888888888888893,10,2,2,1,1,1,1,2,2,3,1
1.34,1.7,0.4555555555555555,10,2,2,2,2,1,1,3,1,2,1
2.09,2.1,1.4333333333333336,10,1,2,2,2,2,5,1,3,1,2
1.57,1.4,0.48888888888888904,10,1,1,1,3,1,1,2,1,2,1
3.88,4.0,1.1111111111111112,10,5,5,5,3,5,3,4,4,2,4
1.7,2.0,0.4444444444444444,10,2,2,2,2,3,1,1,3,2,2
2.07,2.0,0.2222222222222222,10,2,2,2,2,2,2,1,2,2,3
3.76,3.9,1.4333333333333333,10,3,3,5,5,3,3,5,5,2,5
3.22,3.5,1.3888888888888888,10,5,2,2,4,3,5,3,3,3,5
2.69,2.8,0.6222222222222222,10,3,2,2,4,3,4,2,3,2,3
1.67,1.6,0.2666666666666667,10,1,2,2,2,2,1,1,2,2,1
1.54,1.6,0.48888888888888893,10,2,1,1,1,1,2,2,1,3,2
1.21,1.3,0.23333333333333334,10,1,2,1,2,1,1,1,1,1,2
1.86,1.7,0.8999999999999999,10,4,2,1,1,1,2,1,1,2,2
2.65,3.0,0.4444444444444444,10,3,2,3,4,3,3,3,3,4,2
2.74,3.2,1.0666666666666667,10,2,3,2,5,3,4,4,2,4,3
3.94,4.2,0.6222222222222222,10,5,3,4,5,3,4,5,4,5,4
2.5,2.1,0.5444444444444444,10,2,1,2,3,2,1,3,3,2,2
2.62,3.0,2.2222222222222223,10,5,1,2,3,2,5,3,5,2,2
3.18,3.1,1.2111111111111112,10,2,2,3,3,3,5,5,3,3,2
2.04,2.7,0.6777777777777777,10,3,2,4,2,3,4,2,3,2,2
3.08,2.7,0.8999999999999999,10,3,2,4,4,2,2,2,2,4,2
2.31,2.5,0.9444444444444444,10,4,2,3,4,2,1,2,2,3,2
3.87,3.9,0.5444444444444445,10,3,3,4,4,4,5,4,4,5,3
3.97,4.1,0.3222222222222222,10,4,4,4,4,4,5,4,5,3,4
3.82,4.1,0.5444444444444444,10,5,4,5,4,4,3,4,5,3,4
1.14,1.2,0.1777777777777778,10,1,1,2,1,1,2,1,1,1,1
1.4,1.5,0.7222222222222222,10,3,3,1,2,1,1,1,1,1,1
4.5600000000000005,4.2,0.6222222222222222,10,3,4,3,5,5,4,4,5,5,4
2.35,2.7,0.6777777777777777,10,2,4,3,2,2,2,4,3,2,3
4.63,4.6,0.2666666666666667,10,5,5,5,4,5,5,4,4,5,4
1.75,1.7,0.6777777777777777,10,1,3,2,1,2,2,1,1,1,3
1.22,1.0,0.0,10,1,1,1,1,1,1,1,1,1,1
2.78,2.3,0.8999999999999999,10,4,1,2,2,3,3,3,2,1,2
4.54,4.5,0.5,10,4,5,5,5,5,5,4,4,3,5
3.37,3.5,1.3888888888888888,10,5,3,3,2,5,3,3,4,5,2
3.49,3.5,0.5,10,4,3,5,3,3,4,3,3,3,4
4.66,4.6,0.48888888888888893,10,4,5,4,5,5,5,5,5,3,5
4.39,4.3,0.4555555555555555,10,5,5,5,4,4,3,4,4,4,5
2.1,2.0,1.1111111111111112,10,3,4,2,2,2,1,1,1,3,1
3.77,3.9,0.9888888888888889,10,2,5,3,5,4,4,5,4,3,4
4.09,3.5,0.7222222222222222,10,4,3,4,2,4,4,2,4,4,4
2.09,1.7,0.6777777777777778,10,2,2,1,1,3,1,3,2,1,1
2.44,2.9,0.5444444444444444,10,4,3,3,3,3,4,3,2,2,2
2.5,2.6,0.9333333333333333,10,3,2,4,2,2,2,1,3,4,3
2.94,3.0,0.8888888888888888,10,4,2,2,4,3,2,4,3,2,4
2.6,2.5,2.2777777777777777,10,2,2,3,5,1,1,5,1,2,3
3.04,3.5,0.7222222222222222,10,4,3,2,4,3,4,4,3,5,3
2.74,2.8,1.0666666666666669,10,2,3,2,5,2,3,3,2,2,4
4.57,4.8,0.17777777777777773,10,5,5,4,5,5,5,5,4,5,5
4.15,3.7,0.4555555555555556,10,3,4,4,4,3,3,3,5,4,4
2.79,3.3,1.3444444444444443,10,4,4,3,3,2,2,5,2,3,5
1.86,2.0,0.6666666666666666,10,2,2,3,2,1,3,3,2,1,1
3.53,3.7,0.6777777777777777,10,4,3,5,3,3,4,4,3,3,5
1.5,1.4,0.2666666666666667,10,1,2,2,1,2,2,1,1,1,1
4.44,4.6,0.2666666666666667,10,5,5,4,4,5,5,4,5,5,4
1.77,1.7,0.4555555555555555,10,2,2,3,2,1,2,1,1,2,1
2.04,1.7,0.4555555555555555,10,2,2,2,3,1,1,1,2,2,1
4.79,4.8,0.17777777777777776,10,5,5,5,5,5,5,5,4,4,5
3.3600000000000003,3.5,1.3888888888888888,10,3,5,4,3,4,5,3,4,1,3
2.4,2.3,0.6777777777777777,10,2,2,1,2,2,2,4,3,2,3
1.52,1.6,0.2666666666666667,10,2,2,1,2,2,1,2,2,1,1
1.77,1.5,0.5,10,2,1,2,1,1,2,3,1,1,1
3.03,3.2,0.8444444444444444,10,3,4,2,4,2,4,3,2,4,4
2.22,1.8,1.0666666666666664,10,1,1,1,1,4,1,3,2,2,2
4.89,4.8,0.17777777777777776,10,5,5,5,5,5,4,5,5,4,5
1.69,1.8,0.4000000000000001,10,1,2,2,1,2,3,2,2,1,2
4.5,4.7,0.23333333333333334,10,5,5,4,4,5,5,5,5,4,5
4.2700000000000005,4.6,0.2666666666666667,10,5,5,5,4,5,5,5,4,4,4
3.29,3.5,0.9444444444444444,10,2,3,4,3,4,4,4,5,4,2
3.23,3.2,1.7333333333333334,10,2,4,5,3,2,3,1,4,3,5
2.12,2.3,1.1222222222222222,10,1,2,2,3,3,4,3,1,1,3
2.55,2.6,0.9333333333333333,10,2,2,3,2,2,2,3,2,5,3
1.19,1.2,0.17777777777777784,10,2,1,1,1,1,2,1,1,1,1
1.48,1.5,0.2777777777777778,10,2,2,1,1,2,2,2,1,1,1
2.89,3.1,1.2111111111111112,10,4,3,3,3,3,1,2,5,4,3
1.66,1.4,0.2666666666666667,10,2,1,1,1,1,1,1,2,2,2
3.85,3.5,1.6111111111111112,10,5,3,4,4,1,3,2,4,4,5
3.77,3.3,1.3444444444444443,10,2,5,4,3,4,2,2,3,3,5
3.28,3.0,0.8888888888888888,10,2,3,3,3,5,4,3,2,3,2
4.35,4.5,0.5,10,5,3,5,4,4,5,5,4,5,5
4.68,4.9,0.09999999999999999,10,5,5,5,5,5,5,5,5,4,5
4.46,4.4,0.48888888888888893,10,5,4,5,5,4,4,3,5,4,5
1.67,1.5,0.5,10,3,1,2,1,1,2,1,1,1,2
2.67,2.6,0.9333333333333333,10,2,4,3,2,3,1,2,3,2,4
3.55,2.8,1.066666666666667,10,4,4,2,2,2,1,4,3,3,3
4.470000000000001,5.0,0.0,10,5,5,5,5,5,5,5,5,5,5
4.48,4.4,0.48888888888888893,10,5,4,5,5,5,4,3,5,4,4
3.0,3.3,1.3444444444444443,10,3,3,2,2,4,5,2,4,5,3
3.25,3.5,1.3888888888888888,10,4,3,5,3,4,1,3,4,3,5
3.6,3.7,0.8999999999999999,10,4,4,2,3,5,4,3,3,4,5
2.33,2.1,1.2111111111111112,10,2,3,4,1,1,2,3,1,1,3
4.38,4.5,0.2777777777777778,10,4,4,5,4,5,4,5,5,4,5
2.6100000000000003,2.7,0.8999999999999999,10,3,2,2,3,2,1,4,3,3,4
4.71,4.8,0.17777777777777776,10,5,5,5,5,5,5,5,4,5,4
2.41,2.4,0.48888888888888904,10,2,2,3,4,2,2,2,2,3,2
3.97,3.6,1.822222222222222,10,4,5,4,1,3,3,4,5,5,2
4.5,4.6,0.4888888888888888,10,4,4,5,5,3,5,5,5,5,5
1.68,1.5,0.2777777777777778,10,2,1,2,2,1,1,2,1,1,2
4.79,4.6,0.48888888888888893,10,5,5,5,4,5,4,5,5,5,3
4.54,4.5,0.9444444444444444,10,4,5,5,4,5,5,5,5,5,2
3.77,3.6,0.2666666666666667,10,3,4,4,3,4,3,4,4,4,3
2.1,2.5,0.9444444444444444,10,1,2,3,2,2,2,2,4,3,4
4.19,4.6,0.4888888888888887,10,3,4,5,5,5,5,4,5,5,5
2.4,3.1,1.4333333333333333,10,1,4,4,2,3,5,4,3,3,2
3.45,3.6,1.8222222222222224,10,4,5,5,3,5,3,4,4,2,1
2.25,1.9,0.3222222222222222,10,1,2,2,2,2,2,2,2,1,3
2.96,3.2,1.5111111111111117,10,1,5,4,2,4,4,3,3,2,4
3.1100000000000003,3.0,1.1111111111111112,10,1,3,4,2,3,2,4,4,3,4
4.470000000000001,4.7,0.23333333333333334,10,5,4,5,5,5,4,5,4,5,5
2.99,3.2,1.7333333333333334,10,5,2,3,5,1,3,4,4,3,2
4.42,4.3,0.6777777777777777,10,5,4,5,5,5,4,4,3,3,5
3.61,3.2,1.511111111111111,10,2,4,5,4,4,1,4,3,2,3
4.93,5.0,0.0,10,5,5,5,5,5,5,5,5,5,5
4.3100000000000005,4.4,0.4888888888888888,10,5,5,3,5,4,4,5,4,5,4
3.58,3.4,0.7111111111111111,10,4,3,3,4,4,3,3,2,3,5
4.45,4.2,0.17777777777777773,10,4,4,4,4,5,4,5,4,4,4
3.41,3.3,0.8999999999999999,10,3,4,5,4,3,4,2,3,2,3
1.1,1.2,0.17777777777777778,10,1,1,1,1,1,1,2,1,1,2
2.73,2.5,0.9444444444444444,10,3,2,3,2,3,1,4,3,1,3
4.67,4.8,0.17777777777777776,10,5,5,5,5,5,4,5,5,5,4
3.93,3.9,0.7666666666666666,10,4,4,5,4,4,3,4,2,5,4
2.52,2.4,1.1555555555555557,10,3,5,2,2,1,2,2,2,3,2
3.8,4.4,0.4888888888888888,10,5,5,3,5,5,4,5,4,4,4
1.44,1.3,0.23333333333333334,10,1,2,1,1,1,1,1,2,2,1
2.7,2.8,1.7333333333333332,10,4,3,2,3,2,4,1,3,5,1
4.91,4.9,0.09999999999999999,10,5,5,5,5,5,5,5,4,5,5
2.13,2.5,0.7222222222222222,10,2,3,2,1,4,3,3,2,2,3
2.9,3.6,1.6,10,4,3,1,4,4,5,4,5,4,2
2.66,2.9,1.4333333333333336,10,5,3,2,1,4,3,4,2,3,2
4.96,5.0,0.0,10,5,5,5,5,5,5,5,5,5,5
3.34,3.2,0.6222222222222222,10,3,2,4,2,3,4,4,4,3,3
3.02,3.0,0.6666666666666666,10,4,3,2,4,4,2,3,2,3,3
3.12,3.2,0.8444444444444444,10,4,4,2,2,3,4,4,4,3,2
3.0,2.8,1.7333333333333332,10,4,4,2,3,1,3,3,2,5,1
1.94,1.8,0.4000000000000001,10,2,1,2,2,2,2,2,1,3,1
3.33,3.3,0.6777777777777777,10,2,4,3,4,3,4,2,3,4,4
1.21,1.2,0.1777777777777778,10,1,1,1,2,1,1,2,1,1,1
3.51,3.3,0.6777777777777777,10,4,3,3,4,4,2,4,3,4,2
2.32,2.0,1.1111111111111112,10,1,2,4,1,3,2,2,1,1,3
2.98,2.9,0.7666666666666666,10,4,4,3,3,3,4,2,2,2,2
4.2700000000000005,3.9,0.9888888888888887,10,3,5,5,3,4,4,4,4,5,2
2.54,2.6,0.9333333333333333,10,2,3,2,1,4,3,3,4,2,2
3.61,3.8,0.17777777777777773,10,3,4,4,4,3,4,4,4,4,4
1.13,1.1,0.09999999999999999,10,1,1,1,2,1,1,1,1,1,1
4.33,4.4,0.7111111111111111,10,5,5,5,5,4,5,3,4,3,5
4.220000000000001,4.3,0.6777777777777777,10,5,4,5,3,4,3,5,4,5,5
3.2,3.2,1.288888888888889,10,3,3,2,2,5,4,3,2,3,5
3.62,3.3,1.3444444444444443,10,2,3,3,4,4,4,4,1,5,3
1.68,1.8,0.8444444444444446,10,4,1,2,2,2,2,2,1,1,1
1.66,1.6,0.48888888888888904,10,1,1,3,2,1,2,2,1,2,1
2.58,2.7,0.4555555555555555,10,2,2,3,3,2,3,4,3,3,2
1.38,1.7,0.6777777777777777,10,1,1,2,3,1,3,2,1,1,2
3.67,3.4,0.7111111111111112,10,4,4,5,3,2,3,3,4,3,3
2.84,2.3,1.3444444444444443,10,3,2,2,2,1,2,3,5,1,2
1.59,1.7,0.45555555555555544,10,3,1,1,1,2,2,2,1,2,2
4.19,3.9,0.5444444444444444,10,4,3,3,4,4,4,4,5,5,3
3.9,4.0,0.8888888888888888,10,4,5,5,4,5,3,3,5,3,3
4.85,4.9,0.09999999999999996,10,4,5,5,5,5,5,5,5,5,5
4.970000000000001,5.0,0.0,10,5,5,5,5,5,5,5,5,5,5
2.87,2.5,0.7222222222222222,10,2,2,1,3,4,3,2,3,3,2
4.04,4.0,1.1111111111111112,10,2,5,5,5,3,5,4,4,3,4
2.84,2.6,1.6,10,1,3,1,2,2,3,4,2,5,3
4.12,4.1,0.5444444444444444,10,4,4,3,4,5,3,5,5,4,4
4.01,3.9,0.9888888888888887,10,4,3,4,5,5,5,4,3,2,4
3.31,3.1,0.5444444444444444,10,4,4,3,2,3,2,4,3,3,3
4.91,4.9,0.09999999999999996,10,5,4,5,5,5,5,5,5,5,5
2.96,2.7,1.3444444444444443,10,3,2,5,4,3,2,2,3,1,2
2.24,1.8,0.6222222222222223,10,2,3,3,1,2,1,1,2,2,1
3.51,3.5,0.7222222222222222,10,3,3,2,4,5,3,4,4,4,3
2.2,2.1,0.5444444444444444,10,2,2,3,2,2,1,1,3,3,2
2.92,2.8,0.6222222222222222,10,2,2,3,2,4,2,3,4,3,3
4.17,4.2,0.6222222222222222,10,5,5,4,4,4,3,3,4,5,5
3.01,3.1,0.7666666666666665,10,4,2,3,2,2,3,4,3,4,4
3.52,3.3,1.788888888888889,10,5,5,2,4,1,4,4,3,3,2
2.97,2.9,1.211111111111111,10,2,4,4,4,4,3,2,3,2,1
3.89,3.9,0.7666666666666666,10,3,3,5,4,4,5,5,3,3,4
3.04,2.5,0.9444444444444444,10,3,3,2,2,2,2,2,4,1,4
2.77,2.9,0.9888888888888887,10,4,1,3,3,3,2,3,2,4,4
1.39,1.6,0.48888888888888893,10,2,2,1,1,2,2,1,1,3,1
4.71,4.4,0.9333333333333333,10,3,5,5,3,5,5,5,5,3,5
2.97,2.9,0.9888888888888887,10,2,3,3,1,4,3,4,3,2,4
4.09,4.2,0.6222222222222222,10,3,4,5,5,4,3,4,4,5,5
1.36,1.5,0.2777777777777778,10,2,1,1,1,2,1,2,2,1,2
2.85,3.0,1.1111111111111112,10,1,4,5,3,3,3,2,3,3,3
1.46,1.8,0.6222222222222222,10,2,3,2,2,1,1,1,2,1,3
3.17,3.0,1.1111111111111112,10,2,4,2,5,4,2,3,3,3,2
1.13,1.2,0.4,10,1,1,1,1,1,1,1,1,3,1
1.93,1.5,0.5,10,2,2,1,2,1,1,1,1,3,1
2.91,3.1,1.2111111111111112,10,3,5,3,3,4,4,2,3,1,3
1.99,2.8,1.2888888888888892,10,2,4,1,2,2,2,4,4,4,3
2.13,2.5,0.5,10,2,2,2,3,3,3,1,3,3,3
2.28,2.8,0.6222222222222222,10,3,1,3,3,3,4,3,3,3,2
4.44,4.1,0.5444444444444444,10,4,3,5,4,4,5,4,5,4,3
3.22,3.1,1.2111111111111112,10,3,3,1,3,4,5,3,4,3,2
1.01,1.0,0.0,10,1,1,1,1,1,1,1,1,1,1
4.46,4.4,0.48888888888888893,10,5,5,4,4,4,5,5,5,3,4
3.93,4.0,1.1111111111111112,10,2,4,5,5,5,4,3,5,4,3
2.81,2.6,0.7111111111111112,10,3,2,3,4,3,2,3,1,3,2
1.1,1.2,0.4,10,1,1,1,1,1,1,1,1,1,3
4.1,4.4,0.711111111111111,10,5,5,5,3,5,5,4,3,5,4
1.43,1.6,0.9333333333333331,10,2,2,1,2,1,1,1,1,4,1
2.05,2.0,0.4444444444444444,10,1,2,2,3,2,2,2,3,1,2
1.29,1.5,0.5,10,1,1,1,1,3,1,2,1,2,2
3.4,3.5,1.1666666666666667,10,4,3,3,5,4,1,4,4,4,3
2.51,2.8,1.288888888888889,10,2,4,4,2,3,2,1,4,4,2
2.54,2.6,1.377777777777778,10,3,1,3,1,2,3,3,3,5,2
4.7700000000000005,4.7,0.4555555555555555,10,5,4,5,5,5,5,5,5,5,3
1.52,1.8,0.6222222222222223,10,1,3,3,2,2,1,2,2,1,1
1.73,2.3,1.3444444444444443,10,2,2,3,4,1,2,1,4,3,1
1.26,1.1,0.09999999999999999,10,1,1,1,1,1,1,2,1,1,1
1.83,1.6,0.9333333333333331,10,1,1,2,2,1,1,1,4,2,1
1.74,1.7,0.23333333333333334,10,1,2,1,2,2,1,2,2,2,2
1.81,2.1,0.3222222222222222,10,2,2,3,2,3,2,2,2,1,2
2.75,2.6,1.6000000000000003,10,2,5,2,3,3,2,4,3,1,1
2.79,2.2,1.288888888888889,10,3,1,2,2,2,2,1,5,2,2
1.59,1.2,0.1777777777777778,10,1,1,1,1,1,2,2,1,1,1
3.21,3.5,0.7222222222222222,10,4,3,3,2,3,4,4,3,5,4
4.13,3.9,0.9888888888888889,10,3,5,4,4,2,4,5,5,4,3
3.72,4.8,0.17777777777777773,10,5,5,5,4,5,5,5,5,5,4
4.01,3.8,1.0666666666666669,10,4,4,4,4,4,4,5,2,2,5
3.03,3.3,0.4555555555555555,10,2,3,4,4,3,3,4,3,4,3
3.71,3.8,0.8444444444444444,10,5,3,4,4,5,3,4,4,2,4
4.51,4.7,0.23333333333333334,10,5,4,5,5,5,4,5,5,4,5
1.46,1.6,0.48888888888888904,10,1,1,2,3,2,1,2,1,2,1
2.4,2.6,0.9333333333333333,10,1,3,2,2,3,3,4,4,2,2
2.0,1.9,0.5444444444444445,10,1,2,3,2,3,2,2,1,2,1
4.96,5.0,0.0,10,5,5,5,5,5,5,5,5,5,5
1.32,1.4,0.48888888888888915,10,3,1,1,1,2,1,2,1,1,1
3.79,3.3,0.8999999999999999,10,3,4,4,3,3,2,2,3,4,5
3.0,2.9,0.9888888888888887,10,2,4,2,4,3,3,4,3,3,1
1.64,1.5,0.5,10,2,2,1,1,1,1,3,1,2,1
3.21,3.6,0.48888888888888904,10,3,3,5,3,4,3,4,3,4,4
2.79,3.5,0.7222222222222222,10,4,3,3,5,4,4,3,4,2,3
3.15,2.3,1.3444444444444443,10,2,1,3,1,2,1,2,4,4,3
3.78,4.1,0.5444444444444444,10,5,3,4,5,4,4,5,3,4,4
2.6,2.9,0.5444444444444445,10,4,3,2,3,3,4,3,3,2,2
4.76,4.5,0.2777777777777778,10,5,4,4,4,5,4,5,5,4,5
2.43,2.6,1.3777777777777775,10,2,2,1,3,2,1,3,4,4,4
2.11,2.1,0.5444444444444444,10,2,1,2,3,2,2,1,3,2,3
3.18,3.3,0.8999999999999999,10,4,3,4,5,3,2,3,2,3,4
1.0699999999999998,1.0,0.0,10,1,1,1,1,1,1,1,1,1,1
3.1100000000000003,3.0,0.6666666666666666,10,2,4,4,2,2,3,3,3,4,3
3.19,2.8,1.0666666666666667,10,4,2,2,4,3,4,2,3,3,1
3.87,3.9,0.9888888888888889,10,4,3,4,4,5,2,5,5,3,4
3.66,3.7,0.4555555555555555,10,4,4,4,2,3,4,4,4,4,4
4.87,4.8,0.17777777777777773,10,4,4,5,5,5,5,5,5,5,5
1.92,1.6,0.2666666666666667,10,1,2,1,2,1,2,1,2,2,2
4.66,4.8,0.17777777777777773,10,5,5,5,4,5,4,5,5,5,5
3.56,3.6,0.7111111111111112,10,5,4,3,4,4,4,3,4,2,3
2.14,2.4,1.1555555555555557,10,1,3,4,2,2,3,4,2,2,1
2.46,2.1,0.7666666666666666,10,2,3,3,3,1,2,3,2,1,1
2.2,1.9,0.5444444444444444,10,1,2,2,1,3,2,1,3,2,2
3.6,4.0,0.8888888888888888,10,4,3,3,3,5,4,5,5,3,5
1.91,2.0,0.6666666666666666,10,3,1,2,1,2,2,3,1,2,3
2.46,2.0,0.6666666666666666,10,3,3,2,2,2,2,1,1,1,3
3.94,3.9,0.9888888888888889,10,4,4,3,5,5,4,3,5,4,2
3.78,3.6,0.48888888888888893,10,3,3,3,3,4,5,3,4,4,4
4.58,4.6,0.2666666666666667,10,4,4,5,5,5,5,5,4,4,5
2.48,2.4,1.155555555555556,10,1,3,1,3,2,3,3,3,1,4
4.13,4.3,0.23333333333333334,10,4,4,4,4,4,5,4,5,4,5
3.16,2.8,0.8444444444444444,10,2,4,1,3,3,3,3,3,4,2
2.3,2.3,0.4555555555555555,10,3,2,3,3,1,2,2,3,2,2
2.43,2.9,0.5444444444444444,10,4,2,3,3,2,4,3,3,3,2
3.41,3.3,0.8999999999999999,10,4,3,3,2,4,2,5,3,3,4
2.98,3.0,0.4444444444444444,10,3,3,4,3,4,3,3,3,2,2
1.35,1.7,0.4555555555555555,10,1,1,1,2,2,2,3,2,2,1
2.11,2.5,0.7222222222222222,10,1,2,3,4,3,2,2,3,2,3
3.56,3.7,0.4555555555555555,10,3,4,4,3,4,3,4,4,5,3
3.86,3.9,0.7666666666666666,10,4,4,4,4,4,3,5,2,5,4
2.4,2.5,1.3888888888888888,10,4,1,3,3,4,1,3,3,1,2
3.59,3.8,0.8444444444444444,10,4,5,4,3,2,5,4,4,4,3
1.52,1.5,0.2777777777777778,10,1,1,1,2,1,1,2,2,2,2
4.69,4.7,0.23333333333333334,10,4,5,5,4,5,5,5,4,5,5
2.63,2.4,1.155555555555556,10,2,2,2,3,1,3,1,4,4,2
4.79,4.9,0.09999999999999999,10,5,5,5,5,5,5,5,4,5,5
4.11,3.9,0.9888888888888889,10,4,4,2,5,5,4,5,4,3,3
4.35,4.6,0.4888888888888887,10,3,5,5,5,4,4,5,5,5,5
1.33,1.0,0.0,10,1,1,1,1,1,1,1,1,1,1
2.66,2.5,0.5,10,2,1,3,2,3,3,3,3,2,3
4.21,3.8,1.0666666666666669,10,3,5,4,3,4,2,5,4,5,3
3.63,3.8,1.0666666666666669,10,2,5,3,3,4,4,4,3,5,5
2.02,1.7,0.8999999999999998,10,2,1,1,1,4,2,1,2,2,1
2.2,2.7,1.1222222222222222,10,1,3,1,3,3,2,4,3,4,3
4.61,4.7,0.23333333333333334,10,4,5,5,5,5,5,4,5,4,5
2.56,2.9,0.9888888888888892,10,4,2,3,2,3,3,3,5,2,2
4.92,4.9,0.09999999999999999,10,5,5,5,5,5,5,5,5,4,5
2.97,3.2,0.6222222222222222,10,5,3,3,3,2,4,3,3,3,3
1.24,1.0,0.0,10,1,1,1,1,1,1,1,1,1,1
3.71,3.7,0.4555555555555555,10,4,4,3,3,5,4,4,3,3,4
4.0,3.0,2.0,10,1,1,5,4,2,4,4,2,4,3
2.54,2.4,0.7111111111111112,10,2,3,2,3,4,1,2,2,2,3
1.54,1.5,0.2777777777777778,10,2,2,1,1,2,2,1,1,2,1
3.49,3.7,1.1222222222222222,10,4,5,5,3,2,4,5,3,3,3
1.4,1.3,0.45555555555555544,10,2,3,1,1,1,1,1,1,1,1
4.29,4.5,0.5,10,4,4,4,3,5,5,5,5,5,5
3.25,3.1,0.7666666666666665,10,4,3,4,2,2,4,2,3,3,4
3.44,3.8,0.39999999999999997,10,4,4,3,4,4,3,4,4,3,5
3.78,3.7,0.8999999999999999,10,3,5,3,4,3,5,4,4,2,4
1.6,1.5,0.2777777777777778,10,2,2,2,1,1,1,2,1,2,1
1.48,1.2,0.1777777777777778,10,1,1,1,1,2,1,1,2,1,1
1.72,1.3,0.23333333333333334,10,1,2,2,1,1,2,1,1,1,1
3.5,3.8,1.066666666666667,10,2,5,4,2,4,4,4,4,5,4
3.98,4.1,0.5444444444444444,10,5,4,5,5,4,4,3,4,3,4
4.4,4.6,0.4888888888888888,10,5,4,5,4,5,5,3,5,5,5
4.8100000000000005,4.9,0.09999999999999998,10,5,5,5,5,4,5,5,5,5,5
3.3600000000000003,3.4,1.3777777777777775,10,4,4,5,1,3,4,2,4,4,3
4.65,4.6,0.2666666666666667,10,4,5,5,4,5,5,5,4,4,5
4.470000000000001,4.6,0.26666666666666666,10,4,5,5,4,4,5,5,4,5,5
3.09,3.0,0.8888888888888888,10,2,2,4,4,3,2,2,3,4,4
2.99,3.5,0.5,10,3,5,3,3,3,3,4,4,4,3
1.86,1.7,0.4555555555555555,10,2,1,2,2,2,2,1,3,1,1
3.67,3.7,0.8999999999999999,10,3,4,5,3,2,4,4,4,3,5
1.77,2.1,0.5444444444444445,10,2,3,3,3,2,2,1,2,2,1
3.96,4.1,0.7666666666666666,10,5,3,5,4,3,4,3,5,5,4
3.48,3.9,0.9888888888888892,10,4,3,5,4,4,5,4,3,2,5
1.02,1.1,0.09999999999999999,10,1,1,2,1,1,1,1,1,1,1
4.68,4.7,0.4555555555555555,10,4,3,5,5,5,5,5,5,5,5
2.78,2.5,1.1666666666666667,10,4,3,2,2,4,2,3,1,1,3
4.720000000000001,4.8,0.17777777777777776,10,5,5,5,5,5,5,5,5,4,4
1.31,1.4,0.2666666666666667,10,2,2,1,2,1,1,1,2,1,1
2.23,2.2,0.8444444444444444,10,3,2,2,1,2,4,2,3,1,2
2.66,2.1,0.9888888888888889,10,3,2,1,2,1,1,2,4,2,3
4.37,4.0,0.4444444444444444,10,4,5,4,4,4,3,5,3,4,4
4.2700000000000005,4.3,0.8999999999999999,10,4,4,5,5,2,5,4,5,5,4
2.8600000000000003,2.7,0.8999999999999999,10,3,4,1,2,3,2,3,2,3,4
1.96,2.5,1.1666666666666667,10,1,3,4,3,2,4,3,2,1,2
2.81,3.1,0.9888888888888892,10,4,2,3,3,4,3,1,4,3,4
3.46,3.4,0.9333333333333333,10,2,3,3,3,4,4,4,5,4,2
3.53,3.7,0.4555555555555555,10,4,3,3,4,4,4,4,5,3,3
3.05,3.1,1.8777777777777775,10,3,2,3,4,2,1,4,5,5,2
1.51,1.4,0.48888888888888904,10,1,2,1,1,1,3,1,1,2,1
3.52,3.9,0.9888888888888889,10,4,5,2,5,4,4,3,4,5,3
4.63,4.7,0.23333333333333334,10,5,5,5,4,5,5,4,5,4,5
3.79,3.9,0.7666666666666666,10,3,3,3,4,5,5,5,4,3,4
1.41,1.4,0.2666666666666667,10,2,2,1,1,1,2,2,1,1,1
2.0,1.8,0.4000000000000001,10,2,1,2,3,2,2,1,2,1,2
4.43,4.6,0.26666666666666666,10,4,4,5,4,5,5,5,4,5,5
2.68,2.9,0.9888888888888889,10,3,4,2,2,3,3,4,3,1,4
1.48,1.4,0.2666666666666667,10,1,2,1,2,1,1,2,2,1,1
3.61,3.5,0.7222222222222222,10,4,3,3,4,2,3,4,3,5,4
3.3,3.5,1.1666666666666667,10,4,4,1,4,5,4,3,3,3,4
2.23,2.2,0.6222222222222222,10,2,1,2,3,3,2,3,3,2,1
1.32,1.4,0.2666666666666667,10,1,1,2,1,1,1,2,2,1,2
2.42,2.1,1.4333333333333333,10,1,4,2,1,1,1,2,4,3,2
1.81,1.8,0.6222222222222222,10,3,1,2,2,1,1,1,2,3,2
3.46,3.2,1.288888888888889,10,3,4,2,3,3,3,5,2,5,2
3.48,3.3,1.1222222222222222,10,3,3,3,2,4,2,3,3,5,5
1.05,1.0,0.0,10,1,1,1,1,1,1,1,1,1,1
3.39,3.3,0.8999999999999999,10,3,3,3,4,5,2,3,4,2,4
2.43,2.3,1.3444444444444443,10,3,3,4,2,1,1,2,2,4,1
2.51,2.8,0.6222222222222222,10,3,2,2,3,4,3,2,3,4,2
4.18,4.0,0.4444444444444444,10,4,5,3,5,4,4,4,4,4,3
2.96,3.6,0.9333333333333333,10,4,5,4,4,4,4,2,4,2,3
4.11,4.2,0.6222222222222222,10,5,4,5,5,4,3,5,4,4,3
2.91,3.1,2.5444444444444447,10,3,5,1,1,5,4,2,2,3,5
4.4,4.5,0.5,10,3,5,5,5,5,5,4,4,4,5
4.26,4.5,0.2777777777777778,10,5,5,5,5,5,4,4,4,4,4
1.67,1.7,0.45555555555555544,10,2,1,3,1,2,1,2,2,1,2
4.16,4.3,0.4555555555555555,10,4,5,5,4,4,3,4,5,5,4
3.0,3.4,1.1555555555555554,10,4,4,2,5,3,4,2,4,2,4
4.88,4.8,0.17777777777777773,10,5,4,4,5,5,5,5,5,5,5
3.19,3.0,0.8888888888888888,10,3,4,4,1,3,3,2,3,4,3
3.04,2.7,0.6777777777777777,10,2,2,3,2,4,4,2,3,3,2
3.44,3.0,1.3333333333333333,10,3,2,2,3,3,3,4,5,1,4
4.13,3.9,1.2111111111111112,10,5,3,3,5,2,3,5,4,5,4
3.39,3.2,1.5111111111111113,10,4,5,5,4,3,2,2,3,2,2
1.66,1.6,0.2666666666666667,10,1,2,1,2,2,1,1,2,2,2
2.45,2.7,0.8999999999999999,10,3,2,2,3,1,4,3,3,2,4
2.0,1.9,0.7666666666666665,10,2,1,3,3,3,1,2,2,1,1
3.75,4.2,0.8444444444444444,10,5,5,4,3,5,5,3,4,3,5
1.34,1.4,0.2666666666666667,10,1,2,1,2,2,2,1,1,1,1
1.55,1.0,0.0,10,1,1,1,1,1,1,1,1,1,1
4.58,4.5,0.5,10,4,5,5,4,3,5,5,4,5,5
2.12,1.7,0.4555555555555556,10,1,2,1,2,2,2,2,1,3,1
1.21,1.1,0.09999999999999999,10,1,2,1,1,1,1,1,1,1,1
1.22,1.3,0.23333333333333334,10,1,1,1,2,1,2,1,2,1,1
3.97,3.9,0.7666666666666666,10,3,4,3,3,4,3,5,5,4,5
1.27,1.3,0.23333333333333334,10,1,1,1,2,1,1,2,2,1,1
3.37,3.4,0.9333333333333333,10,3,5,2,3,4,3,4,4,2,4
2.09,2.5,0.7222222222222222,10,2,3,3,1,2,3,2,2,4,3
3.92,3.9,0.5444444444444446,10,3,5,4,4,3,3,4,4,4,5
4.51,4.7,0.23333333333333334,10,4,4,5,5,5,4,5,5,5,5
1.85,2.0,1.5555555555555556,10,1,4,1,4,1,2,1,2,1,3
1.83,1.7,0.45555555555555544,10,3,1,2,1,1,2,1,2,2,2
3.91,3.5,0.5,10,3,4,3,3,3,3,3,4,5,4
1.38,1.5,0.5,10,1,2,1,2,3,1,1,1,2,1
2.82,2.9,1.2111111111111112,10,4,3,4,4,2,1,3,2,4,2
4.779999999999999,4.7,0.23333333333333334,10,5,5,5,5,5,4,4,5,5,4
1.92,2.0,0.8888888888888888,10,1,1,3,3,1,2,1,2,3,3
3.37,3.6,0.48888888888888893,10,4,4,3,3,3,3,5,4,4,3
1.81,2.2,0.6222222222222222,10,1,3,2,2,2,3,3,1,2,3
2.05,2.2,0.8444444444444444,10,3,2,1,2,3,4,2,2,1,2
1.46,1.6,0.48888888888888904,10,1,2,1,3,1,2,2,2,1,1
4.76,4.9,0.09999999999999996,10,5,4,5,5,5,5,5,5,5,5
1.39,1.3,0.23333333333333334,10,1,1,1,1,1,1,2,1,2,2
4.68,4.6,0.48888888888888893,10,5,4,5,5,5,5,5,5,3,4
4.61,4.7,0.23333333333333334,10,4,5,5,5,5,5,4,4,5,5
4.09,4.0,0.2222222222222222,10,4,3,4,4,5,4,4,4,4,4
2.23,1.5,0.5,10,2,1,1,1,1,1,3,2,1,2
3.38,3.7,0.4555555555555555,10,3,4,4,4,5,3,3,4,4,3
1.44,1.7,0.6777777777777777,10,2,1,3,2,1,1,1,1,2,3
1.37,1.6,0.2666666666666667,10,2,2,2,1,1,2,2,1,2,1
4.48,4.1,0.5444444444444444,10,4,4,4,4,3,5,5,3,4,5
2.6100000000000003,2.2,0.6222222222222222,10,3,2,2,1,3,1,3,2,3,2
3.54,3.3,0.8999999999999999,10,2,2,4,4,3,3,3,4,3,5
4.13,4.3,0.4555555555555555,10,5,4,4,4,5,4,5,5,4,3
4.11,3.8,1.288888888888889,10,2,4,2,5,4,3,5,5,4,4
1.01,1.0,0.0,10,1,1,1,1,1,1,1,1,1,1
4.73,4.5,0.5,10,5,3,5,5,5,4,4,4,5,5
1.82,1.6,0.9333333333333333,10,2,1,1,1,2,1,1,2,1,4
2.0,2.2,0.6222222222222222,10,2,2,2,3,2,1,3,3,1,3
2.3,2.0,0.4444444444444444,10,2,2,1,2,3,2,3,2,1,2
2.17,1.8,0.8444444444444446,10,1,1,1,3,1,1,2,3,2,3
1.62,1.5,0.2777777777777778,10,2,2,1,1,2,2,1,2,1,1
1.41,1.4,0.48888888888888904,10,1,2,3,2,1,1,1,1,1,1
3.14,3.5,1.1666666666666667,10,2,4,3,4,3,3,2,5,5,4
2.22,2.1,0.7666666666666666,10,2,1,3,2,1,3,3,3,1,2
4.02,3.6,1.377777777777778,10,3,5,3,5,3,4,4,1,4,4
3.71,3.8,1.066666666666667,10,5,4,5,4,2,5,3,3,3,4
3.34,3.0,0.8888888888888888,10,3,3,4,2,4,2,4,2,2,4
2.24,2.4,0.48888888888888893,10,2,2,2,2,2,3,3,4,2,2
4.85,4.9,0.09999999999999998,10,5,5,5,5,4,5,5,5,5,5
4.8100000000000005,4.7,0.4555555555555555,10,5,3,5,5,5,5,5,4,5,5
4.02,4.1,0.7666666666666666,10,5,5,5,4,3,3,4,5,4,3
3.28,3.2,0.8444444444444444,10,3,3,5,3,4,3,3,4,2,2
1.08,1.0,0.0,10,1,1,1,1,1,1,1,1,1,1
3.1,3.5,1.1666666666666667,10,3,5,3,5,4,2,4,3,2,4
1.21,1.0,0.0,10,1,1,1,1,1,1,1,1,1,1
3.67,3.4,0.48888888888888893,10,4,3,4,3,3,4,4,2,4,3
2.58,2.6,0.9333333333333336,10,1,4,2,3,3,2,2,2,3,4
2.24,2.0,0.6666666666666666,10,2,2,3,2,1,3,1,2,3,1
1.5,1.6,0.2666666666666667,10,2,1,2,1,1,2,1,2,2,2
1.04,1.1,0.09999999999999999,10,1,2,1,1,1,1,1,1,1,1
3.53,3.5,1.1666666666666667,10,4,4,3,4,3,4,4,1,5,3
1.99,2.4,1.1555555555555557,10,2,3,2,1,1,4,2,4,2,3
4.24,4.4,0.4888888888888888,10,4,4,4,3,5,5,5,4,5,5
3.03,2.7,1.3444444444444443,10,3,2,4,3,2,2,5,1,2,3
3.72,3.7,1.788888888888889,10,2,5,4,5,4,2,5,5,2,3
3.79,4.2,0.39999999999999997,10,4,5,5,5,4,4,4,4,4,3
3.79,3.5,1.1666666666666667,10,5,4,2,2,5,4,3,3,4,3
1.21,1.1,0.09999999999999999,10,1,1,2,1,1,1,1,1,1,1
3.42,3.9,0.5444444444444444,10,3,4,3,4,5,4,5,4,3,4
4.529999999999999,4.4,0.4888888888888888,10,5,4,3,5,5,4,5,4,4,5
1.43,1.6,0.7111111111111111,10,1,1,2,1,1,2,3,1,1,3
3.1100000000000003,3.8,0.8444444444444444,10,4,5,3,5,3,4,3,5,3,3
4.01,4.0,0.8888888888888888,10,5,5,3,5,3,4,5,3,4,3
2.17,2.5,1.3888888888888888,10,1,3,2,3,2,5,3,3,1,2
3.59,3.3,0.6777777777777777,10,4,3,3,4,5,2,3,3,3,3
3.51,3.7,0.6777777777777777,10,4,4,4,2,3,4,4,4,3,5
4.37,4.3,0.6777777777777777,10,5,4,5,5,5,5,3,4,3,4
2.42,2.4,0.7111111111111111,10,3,2,2,2,3,1,2,2,3,4
3.39,3.3,0.6777777777777777,10,3,3,4,3,4,2,5,3,3,3
1.42,1.2,0.1777777777777778,10,1,1,1,1,2,1,2,1,1,1
4.51,4.7,0.23333333333333334,10,5,4,4,5,4,5,5,5,5,5
1.9,1.7,0.45555555555555544,10,3,1,1,1,2,1,2,2,2,2
3.86,3.8,1.9555555555555562,10,1,5,3,3,3,5,3,5,5,5
1.97,1.9,0.9888888888888887,10,1,2,2,3,1,2,1,1,2,4
2.73,2.5,1.6111111111111112,10,4,1,1,2,4,1,4,2,3,3
4.11,4.2,0.39999999999999997,10,4,5,4,4,5,4,4,5,4,3
3.26,3.5,0.5,10,4,4,4,4,4,3,3,4,3,2
4.25,4.6,0.4888888888888887,10,5,3,5,4,5,5,5,5,5,4
3.81,3.7,0.6777777777777777,10,2,4,4,5,3,4,4,4,4,3
1.35,1.3,0.23333333333333334,10,1,1,2,1,1,1,1,2,1,2
2.14,2.7,1.3444444444444443,10,2,3,1,1,4,4,2,3,4,3
1.73,1.8,1.288888888888889,10,1,1,3,3,1,1,4,1,2,1
1.91,1.7,1.1222222222222222,10,1,1,1,2,1,2,4,3,1,1
1.85,1.7,0.4555555555555555,10,2,1,2,2,2,1,3,2,1,1
2.17,2.5,0.7222222222222222,10,2,3,1,3,3,2,2,3,4,2
3.47,3.6,0.7111111111111112,10,4,3,3,3,5,5,3,3,4,3
4.61,4.6,0.2666666666666667,10,4,5,5,4,5,5,4,5,5,4
1.64,2.0,0.8888888888888888,10,1,3,1,3,3,1,1,2,2,3
4.42,4.6,0.26666666666666666,10,4,5,4,5,5,5,4,4,5,5
2.91,2.9,0.9888888888888889,10,2,2,4,2,3,2,4,4,4,2
2.79,3.3,0.6777777777777777,10,3,4,3,4,2,4,4,4,3,2
2.68,2.4,0.7111111111111112,10,3,2,3,2,1,2,2,2,3,4
2.15,1.8,0.4000000000000001,10,2,2,2,3,1,2,1,2,1,2
3.71,3.9,0.7666666666666665,10,4,5,4,3,5,3,5,3,3,4
1.56,2.0,1.3333333333333333,10,1,1,1,3,4,3,1,1,3,2
1.31,1.3,0.23333333333333334,10,2,1,1,1,2,1,1,1,1,2
3.04,3.1,0.5444444444444445,10,4,2,3,3,3,4,4,3,3,2
3.91,4.1,0.7666666666666666,10,5,3,3,4,4,5,3,4,5,5
4.33,4.1,0.7666666666666666,10,5,3,5,4,4,5,4,3,5,3
2.96,2.7,0.4555555555555555,10,3,4,2,3,2,2,3,2,3,3
4.65,4.6,0.26666666666666666,10,5,4,5,5,4,4,5,5,5,4
1.99,1.6,0.2666666666666667,10,2,1,1,2,1,2,1,2,2,2
1.16,1.1,0.1,10,1,1,1,1,1,1,1,1,2,1
2.64,2.5,1.1666666666666667,10,3,1,1,2,2,3,4,4,2,3
2.02,1.7,0.6777777777777778,10,1,2,2,1,1,3,2,3,1,1
2.23,2.7,2.011111111111111,10,4,1,3,3,4,3,5,1,1,2
4.32,3.7,0.4555555555555555,10,4,3,3,4,4,3,5,4,4,3
3.6,3.3,0.8999999999999999,10,3,2,2,4,3,3,5,4,4,3
1.41,1.3,0.23333333333333334,10,1,1,2,1,2,1,1,1,1,2
2.46,2.4,1.1555555555555557,10,1,2,3,2,3,4,2,2,4,1
3.06,2.5,1.1666666666666667,10,3,1,5,3,2,2,2,2,3,2
1.96,2.2,0.8444444444444444,10,2,2,4,3,2,2,1,2,1,3
2.2,1.6,0.2666666666666667,10,1,2,1,2,2,2,2,1,1,2
1.76,1.5,0.2777777777777778,10,2,1,2,1,1,1,2,1,2,2
4.5200000000000005,4.5,0.5,10,5,5,4,4,5,5,5,4,5,3
4.18,4.3,0.4555555555555556,10,5,4,5,4,5,5,3,4,4,4
4.85,4.6,0.4888888888888888,10,5,4,5,5,5,3,4,5,5,5
3.94,4.5,0.9444444444444444,10,4,5,5,2,5,5,4,5,5,5
1.37,1.4,0.2666666666666667,10,1,1,1,1,1,1,2,2,2,2
4.470000000000001,4.5,0.2777777777777778,10,4,4,5,4,5,5,5,4,4,5
1.13,1.0,0.0,10,1,1,1,1,1,1,1,1,1,1
2.73,2.7,0.6777777777777777,10,4,3,2,3,2,2,2,3,4,2
1.05,1.0,0.0,10,1,1,1,1,1,1,1,1,1,1
2.02,1.5,0.5,10,2,1,1,3,1,2,1,1,1,2
3.81,3.4,0.9333333333333333,10,5,4,2,3,4,4,2,3,3,4
1.63,1.6,0.2666666666666667,10,1,2,1,2,1,2,1,2,2,2
4.220000000000001,3.8,0.39999999999999997,10,4,3,5,3,4,4,3,4,4,4
3.39,3.0,0.8888888888888888,10,2,2,3,3,3,2,3,4,5,3
2.84,3.0,0.8888888888888888,10,4,4,3,1,3,3,3,2,3,4
3.01,2.9,1.2111111111111112,10,3,3,4,2,4,2,2,5,2,2
2.24,2.8,0.39999999999999997,10,4,2,3,2,3,3,3,2,3,3
1.94,1.8,0.6222222222222223,10,3,1,2,2,1,2,3,2,1,1
1.83,2.1,1.4333333333333336,10,2,1,5,1,3,2,2,1,2,2
4.59,4.9,0.09999999999999998,10,5,5,5,5,4,5,5,5,5,5
2.13,2.2,0.17777777777777773,10,2,2,3,2,3,2,2,2,2,2
3.38,3.5,0.7222222222222222,10,3,4,4,3,4,3,5,3,2,4
2.64,3.1,0.7666666666666665,10,3,4,2,2,2,3,4,3,4,4
4.43,4.7,0.23333333333333334,10,4,5,5,4,4,5,5,5,5,5
3.65,3.6,1.155555555555556,10,4,5,5,3,3,4,2,2,4,4
1.93,1.8,0.8444444444444444,10,1,1,1,3,1,2,2,3,3,1
1.9,1.8,0.6222222222222222,10,1,2,2,3,2,3,1,1,1,2
2.14,2.4,0.7111111111111112,10,3,2,4,2,3,2,1,2,2,3
4.02,3.8,0.6222222222222222,10,3,4,3,5,3,4,3,4,4,5
4.71,4.7,0.4555555555555555,10,5,4,5,5,5,5,3,5,5,5
1.68,1.9,0.5444444444444444,10,1,2,1,2,1,3,2,3,2,2
2.44,2.7,0.8999999999999999,10,4,3,1,3,3,4,2,3,2,2
3.34,3.9,0.7666666666666666,10,5,5,4,4,5,3,4,3,3,3
3.56,3.5,0.5,10,4,4,4,4,3,2,3,4,3,4
4.5600000000000005,4.4,0.711111111111111,10,4,5,5,3,5,4,5,3,5,5
4.7,4.7,0.23333333333333334,10,5,5,4,5,5,5,4,5,5,4
2.15,2.2,1.288888888888889,10,2,1,1,2,1,3,2,4,2,4
3.14,2.9,1.2111111111111112,10,2,1,3,3,5,2,4,3,3,3
2.62,3.0,0.4444444444444444,10,3,2,3,3,4,2,3,3,3,4
2.41,1.7,0.6777777777777778,10,1,2,2,2,1,1,1,3,3,1
1.88,1.9,0.5444444444444443,10,2,3,2,1,3,1,2,1,2,2
1.97,2.0,0.8888888888888888,10,3,3,3,3,1,2,1,2,1,1
4.05,3.9,0.7666666666666666,10,4,4,3,5,5,4,2,4,4,4
3.39,3.7,0.8999999999999999,10,2,3,3,4,5,4,5,4,4,3
1.95,1.9,0.9888888888888889,10,2,2,1,3,2,4,1,2,1,1
4.36,4.5,0.2777777777777778,10,4,5,5,4,4,4,5,5,5,4
4.3,4.6,0.4888888888888888,10,4,5,5,3,5,4,5,5,5,5
4.75,4.9,0.09999999999999998,10,5,5,5,5,5,4,5,5,5,5
4.46,4.7,0.23333333333333334,10,4,5,5,5,4,5,5,5,5,4
3.29,3.0,1.1111111111111112,10,1,2,3,3,3,3,4,3,5,3
2.45,2.5,0.7222222222222222,10,4,2,3,3,3,2,2,1,3,2
3.58,3.8,1.7333333333333334,10,3,4,3,5,5,5,4,3,5,1
4.04,3.8,0.6222222222222222,10,4,3,4,2,4,4,4,4,5,4
1.95,2.0,0.6666666666666666,10,3,3,2,3,2,2,1,1,1,2
3.62,3.6,0.9333333333333333,10,4,3,4,4,3,3,3,2,5,5
4.71,4.4,0.7111111111111111,10,5,5,5,5,4,4,5,5,3,3
2.18,2.4,1.3777777777777775,10,1,4,3,4,2,1,3,3,2,1
3.18,3.1,0.9888888888888889,10,3,2,3,4,3,2,3,4,2,5
3.67,3.8,1.0666666666666667,10,3,5,3,3,4,5,5,4,4,2
2.31,1.9,0.9888888888888889,10,2,1,2,1,2,1,4,3,2,1
2.62,2.8,1.511111111111112,10,3,5,1,2,3,3,4,3,1,3
1.91,1.9,0.7666666666666666,10,2,1,1,3,2,3,3,2,1,1
1.9,2.0,1.1111111111111112,10,1,1,3,2,2,3,1,1,4,2
1.06,1.1,0.09999999999999999,10,1,1,1,1,1,2,1,1,1,1
3.64,3.6,0.7111111111111112,10,4,4,4,4,5,3,3,2,4,3
1.73,1.9,0.7666666666666665,10,2,1,1,2,3,3,1,2,1,3
1.28,1.3,0.23333333333333334,10,1,2,1,1,1,1,1,2,1,2
2.75,2.5,1.8333333333333333,10,4,2,1,2,2,4,2,5,2,1
4.779999999999999,4.9,0.09999999999999998,10,5,5,5,4,5,5,5,5,5,5
2.92,3.4,1.1555555555555557,10,4,5,3,4,3,5,3,2,3,2
4.99,5.0,0.0,10,5,5,5,5,5,5,5,5,5,5
3.31,3.7,1.3444444444444443,10,3,4,4,2,5,5,5,2,3,4
3.17,3.0,0.8888888888888888,10,2,2,4,3,2,4,2,4,4,3
3.3600000000000003,3.3,1.1222222222222222,10,5,3,3,3,5,3,2,4,3,2
4.02,3.8,0.39999999999999997,10,4,4,5,3,4,4,3,3,4,4
3.01,2.9,1.2111111111111112,10,3,2,3,5,2,4,4,2,2,2
2.69,2.5,0.9444444444444444,10,1,3,1,4,2,3,3,2,3,3
1.73,1.9,0.7666666666666665,10,1,3,1,1,3,2,2,1,3,2
4.57,4.7,0.8999999999999999,10,5,5,2,5,5,5,5,5,5,5
3.96,4.1,0.7666666666666666,10,4,4,3,5,3,5,4,3,5,5
4.32,4.5,0.5,10,4,5,5,5,4,5,5,4,3,5
4.05,4.0,0.8888888888888888,10,5,4,3,4,5,4,2,4,5,4
4.03,3.9,0.9888888888888887,10,2,5,3,4,3,4,5,4,4,5
4.45,4.8,0.17777777777777773,10,5,4,5,5,5,4,5,5,5,5
2.84,3.0,0.8888888888888888,10,2,3,3,2,3,5,4,3,2,3
2.71,2.3,1.5666666666666667,10,2,2,3,1,2,1,5,3,3,1
2.87,2.8,0.6222222222222222,10,2,2,3,3,2,3,2,3,4,4
3.39,3.1,2.1,10,5,2,4,4,1,2,2,5,4,2
1.55,1.6,0.48888888888888904,10,1,3,2,1,2,1,2,2,1,1
3.08,2.8,0.8444444444444444,10,4,1,2,3,4,3,3,3,2,3
1.99,1.8,0.4000000000000001,10,1,2,2,1,1,2,2,3,2,2
1.47,1.5,0.2777777777777778,10,2,1,2,1,2,1,1,2,2,1
1.27,1.1,0.09999999999999999,10,1,1,1,1,2,1,1,1,1,1
2.54,2.8,0.6222222222222222,10,2,4,3,2,2,2,3,4,3,3
1.64,1.9,0.5444444444444444,10,3,2,1,1,1,2,2,3,2,2
2.51,2.5,0.9444444444444444,10,4,2,3,1,4,2,2,2,3,2
3.4,3.8,0.8444444444444444,10,3,5,4,4,3,4,4,2,4,5
2.94,3.4,0.7111111111111112,10,3,4,3,4,2,3,3,3,5,4
3.3,3.3,0.6777777777777777,10,4,4,3,3,3,5,3,2,3,3
3.04,2.5,0.9444444444444444,10,1,4,2,3,1,3,3,2,3,3
3.17,3.4,1.155555555555556,10,5,4,3,3,3,4,4,1,3,4
1.81,2.2,1.0666666666666669,10,2,1,1,1,3,3,3,4,2,2
1.89,2.0,0.8888888888888888,10,2,2,1,2,2,1,2,3,4,1
3.71,3.8,0.8444444444444444,10,3,4,4,5,4,2,3,5,4,4
1.33,1.4,0.2666666666666667,10,1,1,1,1,2,1,2,2,2,1
3.92,3.6,1.822222222222222,10,5,1,3,4,2,5,5,4,4,3
2.68,2.7,0.8999999999999999,10,2,3,4,4,3,3,1,3,2,2
3.06,2.7,2.0111111111111115,10,5,1,3,5,1,3,2,2,3,2
3.45,3.3,0.4555555555555555,10,4,4,4,4,3,3,3,3,2,3
1.36,1.1,0.09999999999999999,10,1,1,1,1,2,1,1,1,1,1
3.77,4.1,0.7666666666666666,10,4,3,5,3,5,5,5,3,4,4
2.67,2.9,1.4333333333333333,10,3,5,3,4,2,1,2,2,4,3
2.88,3.1,0.9888888888888887,10,3,5,2,4,2,3,3,3,4,2
2.34,2.0,0.8888888888888888,10,3,1,2,2,2,2,1,1,4,2
2.07,2.0,0.4444444444444444,10,1,3,2,2,3,1,2,2,2,2
1.57,1.7,0.6777777777777777,10,3,1,2,1,2,1,1,2,1,3
3.1,3.2,0.6222222222222222,10,3,4,2,3,4,4,3,2,3,4
1.83,1.8,1.0666666666666669,10,1,2,2,1,1,1,2,4,3,1
1.94,2.0,0.8888888888888888,10,1,1,3,4,2,2,2,2,2,1
1.71,1.4,0.2666666666666667,10,1,2,1,1,2,2,1,2,1,1
1.28,1.3,0.4555555555555555,10,1,1,1,1,2,1,1,3,1,1
3.73,3.8,0.8444444444444444,10,4,5,4,4,4,5,3,4,2,3
2.94,2.5,0.9444444444444444,10,3,1,2,1,2,4,3,3,3,3
2.79,2.7,1.1222222222222222,10,3,1,5,2,3,3,2,3,2,3
4.74,4.2,0.6222222222222222,10,5,5,4,3,4,3,5,4,4,5
3.46,3.4,2.2666666666666675,10,2,2,5,5,3,5,1,5,3,3
1.0699999999999998,1.1,0.09999999999999999,10,1,1,1,2,1,1,1,1,1,1
4.9,4.9,0.09999999999999998,10,5,5,5,4,5,5,5,5,5,5
4.99,5.0,0.0,10,5,5,5,5,5,5,5,5,5,5
3.73,3.7,0.8999999999999999,10,2,4,4,2,4,4,4,5,4,4
1.38,1.4,0.48888888888888893,10,2,1,1,1,1,1,2,1,3,1
4.49,4.8,0.17777777777777773,10,4,5,5,5,5,5,5,4,5,5
1.22,1.5,0.5,10,1,2,2,1,3,1,1,1,2,1
1.88,1.7,0.6777777777777777,10,1,2,1,1,1,1,3,2,2,3
1.04,1.0,0.0,10,1,1,1,1,1,1,1,1,1,1
4.79,5.0,0.0,10,5,5,5,5,5,5,5,5,5,5
4.42,4.6,0.2666666666666667,10,5,5,5,4,5,4,5,5,4,4
4.71,5.0,0.0,10,5,5,5,5,5,5,5,5,5,5
3.31,3.4,0.48888888888888893,10,4,3,3,4,3,4,2,3,4,4
3.33,3.0,2.0,10,1,2,3,3,3,5,5,3,1,4
2.38,2.2,1.511111111111111,10,4,1,2,3,3,1,1,1,4,2
2.55,2.8,0.39999999999999997,10,3,3,2,3,2,2,3,3,3,4
4.01,4.0,0.6666666666666666,10,3,3,4,4,5,5,5,4,4,3
3.99,4.1,0.7666666666666666,10,3,4,4,3,5,3,5,4,5,5
2.36,2.3,1.3444444444444443,10,3,3,4,1,4,2,2,1,1,2
2.51,2.7,1.1222222222222222,10,4,2,4,3,4,2,2,1,3,2
3.39,3.7,0.6777777777777777,10,4,4,4,5,3,4,3,2,4,4
2.39,2.7,1.1222222222222222,10,4,1,2,2,2,3,4,2,3,4
3.72,3.6,0.2666666666666667,10,3,3,4,3,3,4,4,4,4,4
1.28,1.1,0.09999999999999999,10,1,2,1,1,1,1,1,1,1,1
3.37,3.7,0.8999999999999999,10,4,3,5,4,5,3,2,4,4,3
1.47,1.4,0.2666666666666667,10,2,1,1,2,2,1,2,1,1,1
3.69,3.6,0.7111111111111112,10,5,3,3,4,3,3,3,3,5,4
2.22,2.6,0.7111111111111112,10,4,3,3,1,3,3,2,2,2,3
2.56,2.6,0.2666666666666667,10,3,2,2,3,3,2,2,3,3,3
3.98,4.0,0.2222222222222222,10,5,4,3,4,4,4,4,4,4,4
1.85,2.2,0.6222222222222222,10,2,1,2,2,2,4,3,2,2,2
4.41,4.6,0.26666666666666666,10,4,5,5,5,5,5,4,5,4,4
4.96,5.0,0.0,10,5,5,5,5,5,5,5,5,5,5
1.16,1.1,0.1,10,1,1,1,1,1,1,1,1,2,1
3.85,3.6,0.9333333333333333,10,3,3,4,3,3,4,2,5,4,5
2.83,2.7,1.3444444444444443,10,1,3,2,3,4,3,1,4,2,4
2.67,2.6,1.3777777777777778,10,2,3,5,2,2,2,2,1,4,3
2.5,2.7,0.8999999999999999,10,2,4,1,3,3,2,2,3,4,3
4.29,4.4,0.4888888888888888,10,5,5,4,4,5,3,4,5,4,5
1.78,1.8,0.6222222222222222,10,1,2,1,1,2,2,3,3,2,1
4.95,5.0,0.0,10,5,5,5,5,5,5,5,5,5,5
4.51,4.6,0.2666666666666667,10,5,5,5,4,5,5,4,4,5,4
4.74,4.8,0.17777777777777773,10,4,5,5,5,4,5,5,5,5,5
1.25,1.2,0.17777777777777784,10,2,1,1,2,1,1,1,1,1,1
1.95,2.0,0.8888888888888888,10,2,2,2,2,1,1,2,4,3,1
3.51,3.7,1.5666666666666667,10,5,3,2,5,3,5,5,3,4,2
3.68,4.5,0.2777777777777778,10,4,4,5,5,5,4,4,4,5,5
4.93,5.0,0.0,10,5,5,5,5,5,5,5,5,5,5
2.39,2.1,0.9888888888888889,10,1,2,1,3,2,3,1,2,4,2
4.2,4.4,0.26666666666666666,10,5,5,5,4,4,4,5,4,4,4
3.96,3.8,0.8444444444444444,10,4,3,5,4,4,4,5,4,2,3
4.08,3.6,0.48888888888888904,10,4,4,4,5,3,3,3,4,3,3
3.96,4.2,1.0666666666666669,10,2,5,5,4,3,5,5,5,4,4
3.47,3.5,0.7222222222222222,10,3,4,2,3,5,4,3,3,4,4
2.71,2.2,0.17777777777777773,10,3,2,2,2,2,2,3,2,2,2
4.96,5.0,0.0,10,5,5,5,5,5,5,5,5,5,5
2.88,2.9,0.32222222222222224,10,3,3,2,3,4,3,3,2,3,3
4.5600000000000005,4.7,0.4555555555555555,10,3,5,5,5,5,5,5,4,5,5
1.8,2.2,0.39999999999999997,10,2,3,2,2,3,1,2,3,2,2
2.45,2.2,0.8444444444444444,10,2,4,1,2,2,2,3,1,2,3
1.22,1.3,0.23333333333333334,10,1,2,1,1,1,1,2,1,2,1
1.78,1.6,0.7111111111111112,10,1,3,1,1,2,1,2,3,1,1
3.48,3.5,1.6111111111111112,10,4,2,5,4,3,4,4,1,3,5
4.59,5.0,0.0,10,5,5,5,5,5,5,5,5,5,5
4.92,5.0,0.0,10,5,5,5,5,5,5,5,5,5,5
3.81,4.5,0.5,10,5,3,5,5,4,4,4,5,5,5
3.12,2.6,0.9333333333333336,10,4,3,3,2,3,3,3,3,1,1
3.98,3.6,0.7111111111111112,10,3,3,2,3,4,4,4,4,4,5
2.23,2.0,0.4444444444444444,10,2,3,3,2,2,1,1,2,2,2
1.44,1.4,0.2666666666666667,10,1,2,1,1,2,1,1,2,2,1
2.14,2.3,0.6777777777777777,10,2,2,3,1,4,2,3,2,2,2
4.35,4.4,0.4888888888888888,10,5,4,5,3,5,4,4,5,5,4
1.65,1.6,0.48888888888888904,10,2,2,1,2,3,1,1,2,1,1
4.63,4.6,0.2666666666666667,10,4,5,5,4,5,5,5,4,5,4
1.96,1.7,0.23333333333333334,10,1,1,2,2,2,2,2,2,2,1
4.41,4.3,0.4555555555555555,10,5,3,4,4,5,5,5,4,4,4
3.8,3.7,1.1222222222222222,10,4,4,2,4,2,5,3,5,4,4
1.29,1.3,0.23333333333333334,10,1,2,1,1,1,1,2,2,1,1
3.3600000000000003,3.0,0.8888888888888888,10,3,3,4,4,3,3,1,3,2,4
3.26,3.2,0.39999999999999997,10,4,3,3,4,3,3,2,3,3,4
2.73,2.9,0.7666666666666666,10,4,3,3,2,3,2,4,2,2,4
4.98,5.0,0.0,10,5,5,5,5,5,5,5,5,5,5
1.52,1.6,0.2666666666666667,10,2,1,1,2,1,2,1,2,2,2
1.71,1.5,0.5,10,2,1,1,1,3,2,1,2,1,1
3.68,3.4,2.0444444444444443,10,2,3,5,1,5,2,3,4,4,5
1.85,2.2,0.8444444444444444,10,2,2,2,3,3,1,2,2,4,1
2.06,1.7,0.4555555555555555,10,2,2,3,2,1,1,2,1,1,2
4.01,3.7,1.3444444444444443,10,4,3,4,2,4,5,2,5,5,3
2.41,2.2,1.288888888888889,10,1,3,1,1,3,1,3,2,4,3
4.29,4.5,0.2777777777777778,10,4,5,5,5,4,4,5,4,4,5
1.19,1.0,0.0,10,1,1,1,1,1,1,1,1,1,1
2.17,1.7,0.6777777777777777,10,1,2,3,1,1,1,2,3,2,1
1.55,1.1,0.09999999999999999,10,1,1,1,1,1,1,2,1,1,1
2.22,2.4,0.48888888888888904,10,3,2,2,2,4,3,2,2,2,2
3.23,3.6,0.48888888888888893,10,3,4,3,4,4,3,3,4,5,3
1.55,1.9,0.3222222222222223,10,2,2,1,1,2,2,3,2,2,2
1.9,1.4,0.2666666666666667,10,1,2,1,1,2,1,2,2,1,1
1.83,1.6,0.48888888888888893,10,2,2,1,1,1,3,2,1,1,2
3.66,3.5,1.1666666666666667,10,3,4,3,2,3,4,5,5,2,4
2.97,3.0,1.3333333333333333,10,4,3,2,2,2,2,5,2,4,4
1.88,2.2,1.5111111111111117,10,1,5,3,1,2,2,1,3,2,2
4.87,4.9,0.09999999999999998,10,5,5,5,5,5,4,5,5,5,5
4.96,5.0,0.0,10,5,5,5,5,5,5,5,5,5,5
4.04,3.6,0.48888888888888904,10,4,3,4,5,4,4,3,3,3,3
4.8,5.0,0.0,10,5,5,5,5,5,5,5,5,5,5
4.63,4.7,0.23333333333333334,10,4,5,4,5,5,5,4,5,5,5
4.59,4.8,0.17777777777777776,10,5,5,5,5,5,5,4,5,5,4
3.97,3.9,0.9888888888888889,10,4,3,5,2,4,5,4,5,4,3
1.02,1.0,0.0,10,1,1,1,1,1,1,1,1,1,1
3.46,3.6,2.0444444444444447,10,2,2,5,2,5,4,2,4,5,5
4.25,4.5,0.5,10,5,5,5,3,4,5,5,5,4,4
3.38,3.8,0.39999999999999997,10,4,3,4,4,3,3,5,4,4,4
3.6,3.9,0.7666666666666665,10,5,4,4,2,4,4,4,4,3,5
3.1100000000000003,2.3,0.23333333333333334,10,2,2,2,2,2,2,2,3,3,3
4.29,4.2,0.39999999999999997,10,4,5,4,4,5,3,4,4,5,4
1.34,1.6,0.2666666666666667,10,2,1,2,1,2,2,1,1,2,2
3.58,3.7,0.6777777777777777,10,3,3,3,5,4,4,4,3,5,3
3.8,3.5,1.3888888888888888,10,2,5,4,4,4,4,2,2,3,5
3.43,3.3,1.1222222222222222,10,4,4,2,3,4,3,2,5,4,2
4.29,4.0,0.4444444444444444,10,5,5,4,4,3,3,4,4,4,4
2.57,2.6,0.7111111111111112,10,4,3,2,3,1,2,2,3,3,3
1.65,1.5,0.2777777777777778,10,1,2,1,2,1,1,1,2,2,2
4.59,4.3,0.4555555555555555,10,5,4,4,3,5,5,5,4,4,4
1.72,1.8,0.4000000000000001,10,2,2,2,1,3,1,1,2,2,2
1.22,1.1,0.09999999999999999,10,1,1,1,1,1,2,1,1,1,1
3.34,3.2,1.2888888888888888,10,3,3,4,4,4,1,3,2,5,3
1.55,1.5,0.5,10,1,1,1,1,2,2,1,3,2,1
4.01,4.2,0.6222222222222222,10,4,4,3,4,5,5,5,5,4,3
3.23,2.7,1.3444444444444443,10,2,4,2,5,2,1,3,2,3,3
1.12,1.1,0.09999999999999999,10,1,1,2,1,1,1,1,1,1,1
2.77,3.1,0.7666666666666666,10,2,3,3,4,5,3,3,3,3,2
1.89,1.7,0.23333333333333334,10,2,1,2,2,1,2,1,2,2,2
1.27,1.1,0.09999999999999999,10,1,2,1,1,1,1,1,1,1,1
1.03,1.1,0.1,10,1,1,1,1,1,1,1,1,1,2
1.28,1.5,0.2777777777777778,10,1,2,2,1,1,2,1,2,2,1
2.06,1.9,1.4333333333333336,10,1,1,1,2,2,2,5,2,2,1
1.49,1.3,0.45555555555555544,10,2,1,3,1,1,1,1,1,1,1
1.97,1.8,1.0666666666666669,10,2,1,4,2,1,1,1,3,1,2
3.22,3.3,0.4555555555555556,10,3,3,4,3,4,4,4,2,3,3
4.86,4.7,0.23333333333333334,10,5,5,4,5,5,4,4,5,5,5
1.44,1.1,0.09999999999999999,10,1,1,1,1,1,2,1,1,1,1
4.26,4.4,0.711111111111111,10,4,5,5,4,5,3,5,3,5,5
4.41,4.5,0.9444444444444444,10,5,5,5,5,5,2,5,5,4,4
1.74,1.5,0.5,10,1,1,2,3,2,1,1,1,2,1
4.34,3.9,0.9888888888888889,10,4,2,4,3,4,5,4,5,5,3
4.01,3.9,0.9888888888888889,10,2,4,5,3,4,5,5,4,3,4
3.26,3.0,2.0,10,3,5,3,3,3,1,5,2,1,4
1.81,2.3,0.8999999999999999,10,3,1,3,1,3,3,1,3,3,2
1.54,1.5,0.2777777777777778,10,1,1,2,1,2,2,1,2,1,2
1.37,1.3,0.4555555555555555,10,1,1,1,1,1,1,2,1,3,1
4.35,4.2,0.6222222222222222,10,4,4,5,5,3,4,5,4,5,3
1.13,1.1,0.09999999999999999,10,1,1,1,2,1,1,1,1,1,1
4.2,4.3,0.6777777777777777,10,5,3,5,5,5,3,5,4,4,4
1.16,1.2,0.17777777777777784,10,2,1,2,1,1,1,1,1,1,1
1.98,1.9,0.7666666666666666,10,1,2,2,2,1,1,3,1,3,3
1.46,1.3,0.23333333333333334,10,2,1,1,1,1,1,2,1,2,1
3.64,3.4,0.7111111111111114,10,2,5,3,4,4,3,4,3,3,3
1.88,2.5,0.5,10,3,2,3,3,2,3,3,1,2,3
1.2,1.2,0.17777777777777784,10,1,2,1,1,1,1,1,2,1,1
1.9,1.7,0.4555555555555555,10,2,1,2,1,2,1,1,3,2,2
3.55,4.2,0.39999999999999997,10,5,4,5,4,4,3,5,4,4,4
1.15,1.1,0.09999999999999999,10,1,1,1,1,2,1,1,1,1,1
2.93,2.5,0.9444444444444444,10,3,3,1,1,2,3,2,4,3,3
3.1100000000000003,2.8,1.2888888888888894,10,2,3,3,5,1,4,2,2,3,3
1.45,1.5,0.2777777777777778,10,2,1,2,1,1,1,2,1,2,2
2.0,2.2,1.2888888888888888,10,3,2,2,4,1,1,2,2,1,4
4.3100000000000005,4.5,0.5,10,5,4,4,4,5,5,5,5,3,5
1.32,1.2,0.17777777777777784,10,2,1,1,2,1,1,1,1,1,1
1.57,1.8,0.6222222222222222,10,1,1,2,1,2,2,3,3,1,2
2.96,3.0,1.1111111111111112,10,2,4,3,3,2,5,2,2,3,4
3.66,3.3,0.4555555555555555,10,4,3,3,3,3,4,3,4,4,2
1.8,1.8,0.6222222222222223,10,2,2,1,3,1,2,2,1,3,1
2.38,2.5,0.7222222222222222,10,1,2,3,4,3,3,2,2,2,3
2.14,1.8,0.6222222222222223,10,1,2,1,2,2,1,3,1,2,3
4.15,4.0,0.6666666666666666,10,4,3,4,5,4,3,5,3,4,5
3.42,3.7,0.8999999999999999,10,4,2,5,5,3,3,3,4,4,4
2.28,2.2,1.0666666666666667,10,3,3,1,1,2,2,3,1,4,2
4.34,4.2,1.288888888888889,10,5,5,5,4,2,5,3,5,5,3
4.99,5.0,0.0,10,5,5,5,5,5,5,5,5,5,5
3.37,3.5,0.9444444444444444,10,3,5,4,5,3,3,3,2,4,3
3.4,3.5,0.9444444444444444,10,5,4,4,4,3,2,3,4,2,4
2.54,2.3,0.6777777777777777,10,3,2,2,2,2,2,4,2,1,3
2.65,2.1,0.7666666666666666,10,3,2,1,2,1,3,3,3,1,2
1.01,1.0,0.0,10,1,1,1,1,1,1,1,1,1,1
1.2,1.4,0.2666666666666667,10,1,2,1,1,1,2,2,1,1,2
1.11,1.2,0.1777777777777778,10,1,1,1,2,1,1,2,1,1,1
3.18,2.8,0.6222222222222222,10,2,3,2,4,2,2,3,4,3,3
3.16,3.2,1.066666666666667,10,2,5,3,5,3,2,3,3,3,3
1.63,1.6,0.48888888888888904,10,1,1,1,1,3,2,2,2,2,1
3.98,3.6,0.7111111111111112,10,5,3,4,3,4,4,4,4,2,3
2.58,2.9,0.7666666666666666,10,2,2,4,3,4,4,2,3,2,3
3.54,3.1,0.5444444444444444,10,2,2,3,3,3,4,4,3,3,4
2.51,2.2,1.0666666666666669,10,3,2,1,4,2,3,2,3,1,1
3.01,2.6,1.3777777777777778,10,3,2,3,3,2,3,3,1,1,5
4.33,4.1,1.4333333333333331,10,2,2,4,5,4,5,4,5,5,5
1.12,1.1,0.09999999999999999,10,1,1,1,1,1,2,1,1,1,1
2.44,3.0,1.1111111111111112,10,3,2,4,3,2,2,4,3,2,5
2.11,1.8,0.4000000000000001,10,1,1,2,2,2,1,2,2,2,3
2.55,2.5,1.8333333333333333,10,1,1,2,1,4,4,4,4,2,2
1.21,1.2,0.1777777777777778,10,1,1,1,2,1,1,1,1,2,1
3.12,2.8,1.288888888888889,10,2,2,3,2,2,5,4,4,2,2
2.92,3.1,0.5444444444444444,10,2,2,3,3,4,4,3,4,3,3
3.54,3.4,1.155555555555556,10,5,4,3,3,3,4,2,2,5,3
2.23,2.3,0.23333333333333334,10,2,2,3,2,2,2,3,3,2,2
3.28,3.2,1.5111111111111113,10,3,2,4,1,5,3,3,3,3,5
3.08,3.2,0.8444444444444444,10,3,5,4,4,3,3,2,3,2,3
4.57,4.6,0.26666666666666666,10,4,5,5,5,5,4,4,4,5,5
1.0699999999999998,1.1,0.09999999999999999,10,1,1,1,1,1,2,1,1,1,1
1.79,1.6,1.1555555555555554,10,1,1,1,3,1,1,4,2,1,1
1.47,1.4,0.48888888888888904,10,1,1,3,1,2,2,1,1,1,1
3.42,3.5,1.1666666666666667,10,4,2,5,3,4,4,3,2,5,3
2.7,2.2,0.17777777777777776,10,2,2,2,2,2,2,3,3,2,2
4.42,4.3,0.4555555555555555,10,5,4,4,4,4,5,5,3,4,5
4.34,4.3,0.8999999999999999,10,4,5,4,5,5,5,2,4,4,5
4.970000000000001,5.0,0.0,10,5,5,5,5,5,5,5,5,5,5
1.33,1.1,0.1,10,1,1,1,1,1,1,1,1,2,1
4.3100000000000005,4.3,0.8999999999999999,10,5,4,2,5,4,5,4,5,5,4
3.83,3.8,0.6222222222222222,10,3,3,3,5,4,4,3,5,4,4
4.13,4.2,0.39999999999999997,10,4,4,4,5,4,4,5,3,5,4
3.95,3.9,0.5444444444444444,10,3,4,4,5,5,4,3,4,3,4
2.24,2.1,0.9888888888888889,10,2,3,2,2,3,2,1,1,1,4
1.33,1.5,0.7222222222222222,10,1,1,1,3,1,1,1,3,1,2
3.79,3.7,0.4555555555555555,10,4,4,3,5,3,3,4,3,4,4
4.63,4.7,0.23333333333333334,10,5,5,5,5,4,4,5,5,4,5
2.79,2.5,0.2777777777777778,10,3,3,3,2,2,2,2,3,2,3
2.12,2.4,0.9333333333333336,10,3,2,2,2,1,3,3,1,3,4
1.88,2.4,0.7111111111111112,10,3,2,1,2,2,4,2,3,2,3
3.26,3.0,1.3333333333333333,10,3,2,2,3,5,3,1,4,3,4
4.54,4.8,0.17777777777777773,10,5,4,5,5,5,5,4,5,5,5
1.24,1.2,0.17777777777777784,10,1,2,1,1,2,1,1,1,1,1
4.62,4.2,0.39999999999999997,10,4,5,4,5,4,3,5,4,4,4
3.86,3.7,0.8999999999999999,10,2,5,3,4,5,4,4,4,3,3
2.04,2.0,0.6666666666666666,10,2,1,3,2,2,2,1,3,3,1
4.03,4.5,0.2777777777777778,10,5,4,5,5,4,4,4,5,5,4
1.13,1.0,0.0,10,1,1,1,1,1,1,1,1,1,1
2.09,2.1,0.7666666666666666,10,2,4,2,2,1,2,2,2,1,3
1.57,1.3,0.23333333333333334,10,1,2,1,1,2,1,2,1,1,1
3.31,2.9,0.5444444444444444,10,2,4,4,3,2,3,3,3,3,2
1.36,1.3,0.23333333333333334,10,1,2,2,1,1,1,2,1,1,1
1.38,1.3,0.23333333333333334,10,1,1,1,1,1,2,2,1,1,2
2.4,2.7,0.8999999999999999,10,2,2,3,4,2,3,4,3,1,3
2.59,2.7,1.3444444444444443,10,2,1,3,1,4,4,4,3,3,2
2.14,2.0,0.2222222222222222,10,2,3,2,2,1,2,2,2,2,2
2.87,2.6,0.2666666666666667,10,3,2,3,3,2,2,3,2,3,3
1.97,2.1,0.7666666666666666,10,2,4,2,1,2,2,3,2,2,1
2.5,2.8,1.0666666666666669,10,1,3,2,3,3,2,4,4,4,2
2.91,2.8,1.0666666666666667,10,3,2,4,4,2,3,4,2,1,3
2.14,1.5,0.5,10,1,2,1,1,2,2,1,3,1,1
4.83,4.7,0.4555555555555555,10,5,5,5,5,5,5,3,5,4,5
1.83,1.7,0.6777777777777778,10,2,3,2,1,1,3,1,2,1,1
3.03,3.0,1.1111111111111112,10,2,3,3,4,2,1,4,3,4,4
2.02,2.4,1.3777777777777778,10,3,2,2,1,4,1,3,3,1,4
2.66,2.2,0.6222222222222222,10,3,3,2,3,2,1,2,3,1,2
4.99,5.0,0.0,10,5,5,5,5,5,5,5,5,5,5
4.07,4.3,0.6777777777777777,10,5,3,4,4,5,5,5,4,3,5
4.68,4.7,0.23333333333333334,10,4,5,5,4,5,5,5,4,5,5
2.16,2.5,0.5,10,2,2,3,4,3,2,2,2,3,2
4.14,4.3,0.6777777777777777,10,5,5,3,4,5,4,3,5,4,5
1.27,1.3,0.23333333333333334,10,2,1,1,1,1,1,2,2,1,1
3.17,3.5,0.5,10,5,3,3,4,3,3,3,3,4,4
5.0,5.0,0.0,10,5,5,5,5,5,5,5,5,5,5
3.12,3.4,0.2666666666666667,10,3,4,3,3,4,3,3,4,4,3
1.31,1.5,0.5,10,1,1,2,1,1,2,1,2,1,3
1.78,2.3,0.6777777777777777,10,2,3,2,3,3,1,2,3,1,3
1.49,1.6,0.48888888888888904,10,1,3,1,2,1,2,2,1,1,2
4.98,5.0,0.0,10,5,5,5,5,5,5,5,5,5,5
3.98,3.5,0.7222222222222222,10,4,2,3,5,3,3,3,4,4,4
1.73,1.8,0.4000000000000001,10,2,2,2,1,3,2,2,2,1,1
1.31,1.3,0.23333333333333334,10,1,1,1,2,2,2,1,1,1,1
3.99,3.8,0.6222222222222222,10,4,4,3,5,3,3,3,4,4,5
1.53,1.6,0.7111111111111112,10,3,1,1,3,2,2,1,1,1,1
2.5,1.9,1.2111111111111112,10,4,3,1,2,1,1,1,2,1,3
4.74,4.7,0.23333333333333334,10,5,4,5,5,5,5,5,4,4,5
1.09,1.1,0.09999999999999999,10,1,1,1,1,1,1,1,2,1,1
4.529999999999999,4.5,0.5,10,5,5,5,5,3,4,4,5,4,5
3.91,3.7,0.6777777777777777,10,4,3,5,5,3,4,3,3,4,3
1.79,2.0,0.8888888888888888,10,2,2,3,1,2,4,2,2,1,1
1.79,1.8,1.5111111111111113,10,1,2,1,4,1,1,4,1,2,1
3.91,3.9,1.655555555555556,10,4,5,4,1,5,4,3,5,3,5
2.31,2.0,1.1111111111111112,10,4,1,1,1,3,1,2,2,3,2
2.58,2.6,0.9333333333333333,10,4,1,4,2,2,2,3,3,3,2
2.6100000000000003,2.3,1.3444444444444443,10,4,1,1,4,3,1,3,2,2,2
2.83,2.6,0.9333333333333333,10,2,1,2,4,2,3,4,3,3,2
3.38,3.4,1.3777777777777778,10,2,2,4,3,4,5,4,5,3,2
4.01,3.3,1.3444444444444443,10,2,4,5,3,4,4,1,4,3,3
2.18,2.2,1.0666666666666669,10,2,3,3,1,3,2,4,1,2,1
1.2,1.0,0.0,10,1,1,1,1,1,1,1,1,1,1
4.0,4.6,0.26666666666666666,10,5,4,4,5,5,4,5,4,5,5
4.25,4.1,0.9888888888888889,10,4,4,5,4,3,5,5,5,2,4
2.39,2.0,0.8888888888888888,10,2,1,3,1,3,3,1,3,2,1
4.3100000000000005,3.9,0.9888888888888889,10,3,5,4,4,4,5,4,3,5,2
2.16,1.7,0.4555555555555555,10,1,1,2,2,1,2,2,1,3,2
4.470000000000001,4.7,0.4555555555555555,10,5,5,3,5,5,5,5,5,4,5
3.26,3.3,1.5666666666666667,10,2,4,3,5,3,5,3,3,4,1
1.59,1.7,0.6777777777777778,10,1,1,2,2,3,1,3,1,1,2
4.21,4.2,0.6222222222222222,10,4,3,4,5,4,3,5,4,5,5
2.51,2.4,1.3777777777777775,10,2,4,1,3,2,3,4,1,1,3
3.63,3.2,1.288888888888889,10,3,4,3,5,3,2,3,1,4,4
2.74,3.1,1.4333333333333333,10,5,3,4,4,3,3,1,4,2,2
4.5600000000000005,4.1,0.5444444444444444,10,3,4,4,3,5,5,4,4,4,5
1.79,1.7,0.6777777777777777,10,1,1,3,1,1,3,1,2,2,2
4.84,4.8,0.39999999999999997,10,3,5,5,5,5,5,5,5,5,5
1.09,1.2,0.17777777777777778,10,1,1,1,1,1,1,2,1,2,1
3.54,3.8,0.6222222222222222,10,4,4,4,4,5,4,2,4,3,4
4.32,4.1,0.5444444444444444,10,5,5,4,4,4,3,4,4,5,3
2.87,2.9,0.7666666666666666,10,3,2,2,4,3,2,2,4,4,3
3.95,3.6,0.9333333333333333,10,5,3,4,3,4,3,2,4,3,5
4.220000000000001,4.4,0.4888888888888888,10,5,3,5,4,4,4,5,5,5,4
2.1,2.0,0.2222222222222222,10,3,2,1,2,2,2,2,2,2,2
4.63,4.2,0.6222222222222222,10,4,3,4,4,5,5,3,5,4,5
2.02,2.3,1.1222222222222222,10,2,2,2,4,1,3,4,2,1,2
1.56,1.4,0.2666666666666667,10,2,2,1,2,1,1,1,1,1,2
3.04,3.0,1.1111111111111112,10,4,3,2,3,2,4,3,4,4,1
1.57,1.4,0.48888888888888893,10,1,1,1,2,1,1,1,2,3,1
4.96,5.0,0.0,10,5,5,5,5,5,5,5,5,5,5
3.7,3.5,0.7222222222222222,10,3,4,4,3,3,2,4,5,4,3
1.45,1.6,0.7111111111111112,10,2,1,3,1,1,1,1,2,3,1
4.470000000000001,4.4,0.4888888888888888,10,5,3,5,4,5,5,5,4,4,4
1.06,1.0,0.0,10,1,1,1,1,1,1,1,1,1,1
2.18,2.0,0.4444444444444444,10,1,2,1,2,2,3,2,2,3,2
2.56,2.5,0.9444444444444444,10,3,4,1,3,3,2,1,3,2,3
2.9,2.9,0.9888888888888887,10,4,1,2,3,4,3,2,3,4,3
1.91,2.3,0.8999999999999999,10,4,1,1,2,3,2,2,3,2,3
1.39,1.8,0.4000000000000001,10,1,2,1,1,2,2,3,2,2,2
3.66,3.7,0.6777777777777777,10,4,3,4,3,4,5,2,4,4,4
4.15,3.8,1.0666666666666669,10,3,5,5,4,4,2,3,5,4,3
3.41,3.9,0.7666666666666666,10,4,5,4,5,4,3,3,3,3,5
3.43,3.2,1.288888888888889,10,5,3,3,3,2,4,5,3,2,2
3.57,3.3,1.1222222222222222,10,2,3,3,2,4,3,5,3,5,3
1.81,1.8,0.4000000000000001,10,1,2,2,2,2,1,1,2,3,2
3.92,4.0,0.4444444444444444,10,4,3,5,4,3,5,4,4,4,4
1.35,1.3,0.23333333333333334,10,2,1,1,1,1,2,2,1,1,1
1.65,1.8,0.8444444444444446,10,1,1,2,3,1,1,3,1,3,2
2.27,2.6,1.6000000000000003,10,2,2,3,3,4,3,2,5,1,1
4.01,3.9,0.9888888888888889,10,5,3,4,5,4,5,4,2,4,3
3.09,3.1,1.211111111111111,10,4,2,2,2,4,3,2,4,3,5
4.51,4.3,0.4555555555555555,10,5,4,3,5,4,5,4,4,5,4
1.04,1.0,0.0,10,1,1,1,1,1,1,1,1,1,1
1.51,1.5,0.9444444444444444,10,1,1,4,1,1,1,2,1,2,1
3.23,3.6,0.48888888888888893,10,3,3,3,4,4,4,3,3,4,5
2.29,1.8,0.6222222222222222,10,1,3,3,2,1,1,2,2,1,2
3.38,3.7,1.1222222222222222,10,2,5,4,5,2,4,4,3,4,4
1.46,1.8,0.6222222222222222,10,1,2,1,2,2,3,1,1,3,2
1.19,1.1,0.1,10,1,1,1,1,1,1,1,1,2,1
2.76,2.7,0.6777777777777777,10,2,3,1,3,4,2,3,3,3,3
2.03,2.3,0.8999999999999999,10,4,3,2,2,3,2,1,1,3,2
3.09,3.1,1.2111111111111112,10,4,4,5,2,2,3,2,3,4,2
3.99,4.0,0.4444444444444444,10,3,4,5,3,4,4,5,4,4,4
2.44,2.7,1.1222222222222222,10,2,5,2,2,3,2,4,3,2,2
2.24,2.2,0.8444444444444444,10,3,3,2,3,3,1,3,1,2,1
3.46,3.0,0.8888888888888888,10,3,3,3,1,3,2,4,4,4,3
1.11,1.1,0.09999999999999999,10,1,1,2,1,1,1,1,1,1,1
2.17,2.2,0.8444444444444444,10,3,3,1,1,3,2,2,3,1,3
1.26,1.1,0.1,10,1,1,1,1,1,1,1,1,2,1
1.83,2.4,1.1555555555555554,10,3,1,3,2,1,3,4,1,3,3
1.37,1.4,0.2666666666666667,10,2,2,2,1,1,1,1,1,1,2
1.82,1.8,0.4000000000000001,10,2,1,2,2,2,2,1,1,3,2
4.87,4.8,0.17777777777777773,10,5,5,5,4,5,4,5,5,5,5
3.4,3.4,0.9333333333333336,10,2,3,5,4,3,3,3,3,3,5
1.23,1.3,0.23333333333333334,10,2,1,2,1,1,1,2,1,1,1
4.96,4.8,0.17777777777777773,10,4,4,5,5,5,5,5,5,5,5
4.74,4.8,0.17777777777777773,10,5,5,5,5,4,5,5,4,5,5
3.04,3.0,2.0,10,2,3,4,4,1,2,5,4,4,1
2.24,2.8,0.6222222222222222,10,2,2,4,4,3,3,2,3,2,3
4.42,4.6,0.4888888888888888,10,4,5,5,5,3,5,5,5,4,5
1.65,1.3,0.23333333333333334,10,1,1,1,2,2,1,1,1,1,2
3.81,3.9,1.211111111111111,10,5,5,3,5,5,4,3,4,3,2
4.16,4.2,0.39999999999999997,10,4,4,4,3,5,4,5,4,5,4
4.39,4.3,0.6777777777777777,10,3,5,4,5,5,5,5,4,3,4
2.34,2.7,0.8999999999999999,10,1,3,3,2,4,3,4,3,2,2
2.32,2.0,0.4444444444444444,10,2,2,2,1,2,2,3,2,1,3
3.42,3.8,0.8444444444444444,10,4,4,5,5,3,2,4,3,4,4
3.44,3.9,0.7666666666666666,10,4,4,5,3,2,4,4,4,5,4
1.38,1.9,0.7666666666666664,10,4,2,2,2,2,2,1,2,1,1
4.03,4.0,0.6666666666666666,10,3,3,5,4,4,5,4,5,3,4
4.43,3.9,0.9888888888888889,10,5,5,5,4,3,4,3,2,4,4
1.95,2.3,0.6777777777777777,10,2,3,2,2,1,2,4,3,2,2
2.35,2.2,1.2888888888888888,10,1,2,2,4,4,1,1,2,3,2
4.15,3.7,1.1222222222222222,10,4,4,4,4,4,1,4,3,4,5
1.95,1.9,1.2111111111111112,10,1,1,4,2,1,1,1,2,3,3
1.67,1.4,0.2666666666666667,10,1,2,1,2,2,1,1,2,1,1
4.08,4.0,0.6666666666666666,10,5,5,5,4,3,4,4,3,4,3
4.83,4.7,0.4555555555555555,10,5,5,5,5,5,5,3,5,4,5
2.89,3.0,0.4444444444444444,10,2,2,3,3,3,4,4,3,3,3
4.64,4.9,0.09999999999999998,10,5,5,5,5,5,4,5,5,5,5
1.91,1.7,0.8999999999999999,10,1,1,2,2,4,1,1,2,1,2
4.67,4.7,0.23333333333333334,10,4,5,5,4,5,5,5,5,5,4
4.89,5.0,0.0,10,5,5,5,5,5,5,5,5,5,5
1.75,1.9,0.32222222222222224,10,2,2,2,3,1,1,2,2,2,2
2.04,2.1,0.7666666666666665,10,3,4,2,2,2,1,2,2,2,1
2.13,2.0,1.1111111111111112,10,1,2,3,1,1,4,2,2,3,1
4.45,4.5,0.2777777777777778,10,5,5,5,5,4,4,5,4,4,4
2.95,2.9,0.5444444444444445,10,2,3,4,2,3,3,3,4,2,3
3.58,3.6,1.6000000000000003,10,5,3,4,4,4,2,4,5,1,4
3.17,2.8,1.2888888888888892,10,3,5,3,3,2,2,1,4,2,3
4.21,3.8,0.39999999999999997,10,4,3,4,4,4,3,5,4,4,3
4.75,4.9,0.09999999999999996,10,5,4,5,5,5,5,5,5,5,5
2.08,2.0,0.2222222222222222,10,2,2,2,2,2,2,3,2,1,2
4.5,4.3,0.4555555555555555,10,4,5,4,4,3,4,5,5,5,4
2.93,2.7,1.3444444444444443,10,2,4,2,4,1,2,4,2,2,4
3.69,4.0,0.6666666666666666,10,5,4,3,3,4,4,3,5,5,4
4.02,4.0,0.6666666666666666,10,4,5,4,5,5,4,3,3,3,4
1.75,1.8,0.6222222222222222,10,1,2,3,3,2,1,1,2,1,2
2.6,2.3,0.4555555555555555,10,2,3,2,3,2,2,3,3,2,1
3.51,3.9,0.9888888888888892,10,5,4,4,3,5,4,4,2,5,3
3.41,3.4,0.9333333333333333,10,4,3,2,4,5,3,3,4,2,4
4.65,4.8,0.17777777777777773,10,5,4,5,5,5,5,5,5,4,5
1.78,2.5,1.3888888888888888,10,2,1,3,5,3,2,1,3,3,2
1.0699999999999998,1.1,0.09999999999999999,10,1,1,1,1,1,2,1,1,1,1
2.31,2.5,0.7222222222222222,10,3,3,3,2,2,2,2,4,1,3
1.47,1.3,0.23333333333333334,10,2,1,1,1,2,1,2,1,1,1
3.09,2.0,0.2222222222222222,10,2,2,2,2,2,2,1,2,2,3
3.42,3.1,0.9888888888888887,10,4,4,5,2,3,2,3,2,3,3
1.06,1.0,0.0,10,1,1,1,1,1,1,1,1,1,1
1.67,2.0,1.1111111111111112,10,1,1,2,3,1,3,4,2,1,2
4.95,5.0,0.0,10,5,5,5,5,5,5,5,5,5,5
1.92,1.9,0.5444444444444444,10,2,1,2,2,3,2,2,1,3,1
2.83,2.7,0.6777777777777777,10,2,3,4,3,2,2,3,4,2,2
4.61,4.7,0.4555555555555555,10,5,5,5,5,5,3,5,5,5,4
3.73,3.2,0.8444444444444444,10,3,5,2,4,3,3,4,2,3,3
1.22,1.5,0.5,10,1,1,3,2,1,1,1,2,2,1
4.46,4.4,0.2666666666666667,10,5,4,4,5,4,5,4,4,4,5
2.98,3.3,2.011111111111111,10,5,4,2,2,3,3,3,1,5,5
4.85,4.9,0.09999999999999996,10,5,4,5,5,5,5,5,5,5,5
4.43,4.4,0.48888888888888893,10,4,5,5,4,4,5,5,5,3,4
1.84,2.1,0.9888888888888889,10,1,1,1,2,2,3,3,2,2,4
1.76,2.0,0.8888888888888888,10,2,2,4,2,1,1,2,2,3,1
4.44,4.3,0.4555555555555555,10,4,4,5,4,5,3,4,5,4,5
2.43,2.4,0.9333333333333336,10,3,2,2,3,1,1,3,2,3,4
1.34,1.2,0.1777777777777778,10,1,1,2,1,1,2,1,1,1,1
4.95,5.0,0.0,10,5,5,5,5,5,5,5,5,5,5
2.33,2.6,0.9333333333333333,10,2,2,2,3,4,3,3,4,1,2
2.7,2.9,0.9888888888888889,10,3,2,4,4,4,4,2,2,2,2
4.0600000000000005,3.7,0.4555555555555555,10,4,4,3,4,3,3,3,4,4,5
2.32,2.0,0.6666666666666666,10,1,3,3,1,3,2,2,1,2,2
5.0,5.0,0.0,10,5,5,5,5,5,5,5,5,5,5
1.22,1.3,0.23333333333333334,10,2,2,1,1,1,1,1,2,1,1
3.86,3.5,0.9444444444444444,10,2,2,4,3,4,4,4,5,4,3
1.77,1.8,0.6222222222222222,10,2,3,1,3,1,2,2,1,2,1
2.37,2.5,0.9444444444444444,10,2,4,3,2,3,1,3,1,3,3
4.51,4.4,0.26666666666666666,10,5,5,4,4,4,5,5,4,4,4
4.71,4.4,0.4888888888888888,10,5,4,5,4,4,3,5,5,4,5
4.5600000000000005,4.5,0.5,10,5,5,4,5,3,4,5,5,5,4
4.18,4.3,0.23333333333333334,10,4,4,5,4,5,4,4,5,4,4
3.47,3.4,0.9333333333333333,10,2,3,3,4,4,4,3,2,5,4
1.87,1.9,0.9888888888888887,10,2,4,3,2,1,1,1,1,2,2
2.55,2.7,1.1222222222222222,10,4,3,2,4,2,1,4,2,3,2
4.83,4.8,0.17777777777777773,10,4,5,5,5,5,5,5,5,4,5
1.17,1.1,0.09999999999999999,10,1,1,1,1,1,2,1,1,1,1
2.47,2.4,1.1555555555555557,10,2,2,2,4,3,1,2,4,1,3
4.67,5.0,0.0,10,5,5,5,5,5,5,5,5,5,5
3.23,3.1,0.9888888888888892,10,2,4,4,3,3,3,1,3,4,4
3.72,3.6,1.1555555555555557,10,4,2,3,4,4,2,5,5,4,3
1.81,1.6,0.48888888888888904,10,2,3,1,2,1,2,1,1,1,2
4.5200000000000005,4.6,0.2666666666666667,10,5,4,4,5,4,5,5,5,4,5
2.92,3.5,0.7222222222222222,10,3,5,2,4,3,3,4,4,4,3
2.04,1.9,0.32222222222222224,10,2,2,2,1,2,3,2,1,2,2
3.57,3.2,1.288888888888889,10,4,4,1,3,4,4,2,4,2,4
4.5,4.7,0.4555555555555555,10,5,5,5,3,5,5,5,5,5,4
2.05,2.1,0.32222222222222235,10,3,2,1,2,2,2,2,2,2,3
3.3,3.7,1.1222222222222222,10,4,5,4,4,2,4,4,3,2,5
3.3600000000000003,3.4,0.48888888888888904,10,3,2,4,4,4,3,4,3,4,3
1.67,1.6,0.48888888888888893,10,2,1,2,1,2,1,3,2,1,1
2.51,2.4,0.9333333333333333,10,2,3,1,1,3,3,2,4,2,3
2.8600000000000003,2.3,0.8999999999999999,10,1,2,2,2,2,2,2,4,2,4
2.96,3.1,1.4333333333333333,10,4,4,3,1,2,3,4,3,2,5
4.87,4.9,0.09999999999999999,10,5,5,5,5,5,5,5,5,5,4
1.95,1.9,0.5444444444444445,10,3,2,1,2,1,2,2,3,1,2
4.55,4.3,0.6777777777777777,10,3,5,5,5,3,5,5,4,4,4
4.32,4.0,0.4444444444444444,10,4,4,5,4,4,3,3,5,4,4
2.38,2.4,0.48888888888888915,10,3,4,2,2,2,3,2,2,2,2
4.25,4.0,0.6666666666666666,10,3,3,4,5,5,4,4,3,5,4
3.48,3.6,1.1555555555555557,10,2,5,3,4,4,4,3,2,5,4
1.02,1.0,0.0,10,1,1,1,1,1,1,1,1,1,1
4.84,4.7,0.23333333333333334,10,5,4,5,5,5,4,4,5,5,5
3.04,3.0,1.1111111111111112,10,4,2,3,2,2,4,3,2,5,3
1.85,2.1,0.7666666666666665,10,3,1,3,1,3,2,1,3,2,2
4.55,4.2,0.6222222222222222,10,3,5,4,3,5,5,5,4,4,4
4.67,4.7,0.23333333333333334,10,5,4,5,4,4,5,5,5,5,5
4.48,4.5,0.5,10,5,4,5,5,5,3,4,5,4,5
2.69,3.2,0.6222222222222222,10,3,4,2,4,4,3,4,3,2,3
3.7,3.6,0.9333333333333333,10,4,3,3,5,4,5,4,2,3,3
1.37,1.6,0.7111111111111112,10,1,2,1,1,3,1,3,1,2,1
4.2700000000000005,4.1,1.211111111111111,10,3,5,2,5,5,3,4,5,4,5
3.61,3.6,1.1555555555555557,10,4,2,4,5,3,2,3,4,4,5
4.83,4.9,0.09999999999999999,10,5,5,5,5,5,5,5,5,5,4
4.96,5.0,0.0,10,5,5,5,5,5,5,5,5,5,5
4.16,4.4,0.2666666666666667,10,5,5,4,4,4,5,4,4,4,5
3.22,3.1,0.9888888888888889,10,3,2,4,3,5,4,3,2,3,2
4.17,4.2,0.6222222222222222,10,3,4,4,5,5,3,4,5,4,5
1.02,1.0,0.0,10,1,1,1,1,1,1,1,1,1,1
4.49,4.6,0.26666666666666666,10,5,5,5,5,5,5,4,4,4,4
3.48,3.1,0.9888888888888887,10,2,4,5,2,3,3,4,3,2,3
4.96,4.9,0.09999999999999996,10,5,4,5,5,5,5,5,5,5,5
2.29,2.6,0.9333333333333336,10,1,2,4,3,3,3,3,3,1,3
2.09,1.8,0.6222222222222223,10,2,1,1,2,3,1,2,1,2,3
2.97,3.3,1.3444444444444443,10,2,2,4,3,5,3,3,4,2,5
2.41,2.3,0.6777777777777777,10,2,2,3,2,4,3,2,1,2,2
2.25,2.3,0.6777777777777777,10,2,1,3,3,3,1,3,2,3,2
4.43,4.8,0.17777777777777773,10,5,5,4,5,5,5,4,5,5,5
2.67,2.6,1.3777777777777778,10,1,3,1,3,5,2,3,3,3,2
2.82,2.6,0.7111111111111112,10,3,4,2,2,2,3,2,2,4,2
4.94,5.0,0.0,10,5,5,5,5,5,5,5,5,5,5
2.89,3.0,1.3333333333333333,10,3,2,5,3,3,2,2,3,5,2
1.09,1.0,0.0,10,1,1,1,1,1,1,1,1,1,1
4.12,3.8,1.288888888888889,10,5,3,5,2,4,4,4,2,4,5
2.41,2.6,0.9333333333333333,10,4,3,3,2,1,3,4,2,2,2
3.06,3.5,1.6111111111111112,10,5,2,2,2,4,3,5,3,5,4
2.95,2.8,1.0666666666666669,10,4,2,2,3,1,3,4,3,4,2
1.19,1.1,0.09999999999999999,10,1,1,1,2,1,1,1,1,1,1
4.05,4.2,1.5111111111111115,10,4,5,5,4,5,1,4,5,5,4
2.63,2.9,1.4333333333333333,10,4,4,4,1,3,3,2,1,3,4
3.32,2.9,0.9888888888888889,10,3,2,4,2,3,3,4,4,1,3
2.31,2.2,0.39999999999999997,10,3,2,2,1,2,2,3,2,3,2
2.17,2.2,0.8444444444444444,10,2,3,2,1,2,3,2,1,4,2
2.33,2.0,0.6666666666666666,10,3,3,3,2,2,2,1,2,1,1
4.75,4.5,0.2777777777777778,10,4,5,4,4,4,5,5,5,5,4
5.0,5.0,0.0,10,5,5,5,5,5,5,5,5,5,5
1.53,1.6,0.7111111111111112,10,3,2,1,1,3,1,1,1,2,1
2.44,2.4,1.5999999999999996,10,3,1,1,5,3,3,1,2,3,2
2.54,2.6,1.1555555555555554,10,2,3,2,1,5,3,2,3,3,2
3.39,3.4,0.7111111111111114,10,5,3,4,3,3,4,4,3,3,2
1.87,1.7,0.6777777777777777,10,2,3,1,1,2,1,1,1,3,2
3.66,3.5,0.7222222222222222,10,3,4,3,3,3,2,4,4,5,4
3.83,3.9,1.2111111111111112,10,3,4,4,5,3,5,3,5,2,5
1.1,1.0,0.0,10,1,1,1,1,1,1,1,1,1,1
4.02,4.1,0.7666666666666666,10,5,3,5,4,4,5,5,3,3,4
4.86,5.0,0.0,10,5,5,5,5,5,5,5,5,5,5
4.38,4.4,0.26666666666666666,10,4,4,5,4,5,4,5,5,4,4
1.49,1.7,0.6777777777777777,10,1,2,2,1,1,3,1,1,2,3
4.85,4.8,0.17777777777777773,10,4,5,5,5,5,5,5,5,5,4
4.54,4.4,0.711111111111111,10,5,5,4,4,3,5,3,5,5,5
2.46,3.1,0.9888888888888889,10,4,2,2,2,3,3,5,4,3,3
1.52,1.7,0.6777777777777777,10,1,2,3,2,1,1,1,1,3,2
1.47,1.3,0.23333333333333334,10,1,1,1,1,2,1,2,1,1,2
1.65,1.5,0.5,10,2,2,1,3,1,1,2,1,1,1
2.28,2.8,0.6222222222222222,10,2,3,4,3,2,4,3,2,2,3
4.3100000000000005,4.1,0.7666666666666666,10,4,5,3,5,5,4,3,3,5,4
4.720000000000001,4.7,0.23333333333333334,10,4,5,5,5,5,5,5,5,4,4
2.27,2.6,1.155555555555556,10,2,3,3,4,3,3,4,2,1,1
4.71,4.9,0.09999999999999999,10,5,5,5,5,5,5,5,4,5,5
3.58,3.2,0.8444444444444444,10,4,3,2,4,3,4,2,4,2,4
4.2,4.5,0.2777777777777778,10,4,4,5,5,5,5,5,4,4,4
4.3,4.6,0.4888888888888888,10,4,5,3,5,4,5,5,5,5,5
1.96,1.6,0.7111111111111112,10,1,3,1,2,3,2,1,1,1,1
3.84,4.0,0.8888888888888888,10,4,4,4,5,4,5,3,2,4,5
3.59,3.0,0.6666666666666666,10,4,4,2,2,4,3,3,2,3,3
2.44,2.2,0.39999999999999997,10,3,2,1,2,2,2,2,3,3,2
4.98,5.0,0.0,10,5,5,5,5,5,5,5,5,5,5
3.39,3.6,0.7111111111111112,10,4,3,4,4,4,2,3,4,5,3
4.87,4.6,0.26666666666666666,10,5,5,4,5,4,5,5,4,4,5
3.02,3.2,1.288888888888889,10,3,5,3,3,4,4,3,1,4,2
3.94,3.9,0.9888888888888889,10,5,5,4,2,3,4,4,4,3,5
1.23,1.4,0.48888888888888915,10,2,3,1,1,2,1,1,1,1,1
3.35,3.7,0.6777777777777777,10,3,4,2,4,4,5,4,3,4,4
2.26,2.5,1.1666666666666667,10,1,2,2,2,4,4,3,1,3,3
2.51,2.7,0.8999999999999999,10,4,3,4,4,2,2,2,2,2,2
3.33,3.1,1.2111111111111112,10,2,5,4,2,4,2,3,2,3,4
4.3,4.4,0.4888888888888888,10,4,3,4,5,5,4,4,5,5,5
3.48,3.5,1.3888888888888888,10,2,4,5,4,4,4,1,3,4,4
2.32,2.3,1.1222222222222222,10,2,2,4,2,2,1,2,3,4,1
2.82,2.6,0.48888888888888893,10,3,2,2,3,2,2,3,4,2,3
1.64,1.1,0.09999999999999999,10,2,1,1,1,1,1,1,1,1,1
1.49,1.7,0.4555555555555555,10,1,2,2,3,2,2,1,2,1,1
4.59,4.5,0.9444444444444444,10,5,5,2,5,5,4,4,5,5,5
1.74,1.6,0.2666666666666667,10,1,2,2,1,2,1,2,2,1,2
4.529999999999999,4.4,0.4888888888888888,10,5,4,4,3,5,5,4,5,5,4
3.03,2.8,0.6222222222222222,10,3,3,2,3,2,4,3,2,4,2
2.89,2.7,1.1222222222222222,10,3,4,2,3,1,4,2,2,4,2
3.15,2.9,0.9888888888888887,10,4,5,3,2,3,3,3,2,2,2
1.9,2.2,0.8444444444444444,10,3,3,3,1,3,1,2,1,3,2
2.04,1.8,0.8444444444444446,10,2,2,2,2,1,4,2,1,1,1
2.67,3.2,1.7333333333333332,10,3,3,1,2,4,3,2,4,5,5
1.01,1.0,0.0,10,1,1,1,1,1,1,1,1,1,1
1.49,1.2,0.17777777777777784,10,2,1,1,1,1,1,1,1,1,2
2.87,3.0,0.4444444444444444,10,3,2,3,4,3,2,3,3,3,4
4.39,4.6,0.4888888888888887,10,3,5,5,5,5,5,4,4,5,5
3.87,3.9,0.5444444444444444,10,5,4,3,3,4,4,5,4,3,4
1.05,1.0,0.0,10,1,1,1,1,1,1,1,1,1,1
2.67,2.3,1.1222222222222222,10,2,3,2,5,2,2,2,2,2,1
4.970000000000001,5.0,0.0,10,5,5,5,5,5,5,5,5,5,5
2.64,2.4,1.3777777777777778,10,1,2,3,1,2,3,1,4,4,3
3.01,3.3,0.6777777777777777,10,3,4,3,3,3,2,3,3,5,4
3.91,4.0,0.6666666666666666,10,5,5,3,4,4,3,4,5,4,3
3.76,2.9,1.2111111111111112,10,1,3,3,3,4,3,4,3,4,1
2.64,2.4,1.5999999999999999,10,2,2,2,1,2,5,2,4,3,1
4.41,4.7,0.23333333333333334,10,5,5,4,5,5,4,5,5,5,4
2.53,2.3,0.8999999999999999,10,2,2,1,3,1,3,3,2,2,4
3.29,3.2,1.511111111111111,10,3,5,4,4,4,4,2,1,2,3
3.95,3.5,1.1666666666666667,10,5,2,4,4,3,2,5,4,3,3
3.51,3.7,0.6777777777777777,10,3,5,3,5,4,4,4,3,3,3
1.98,2.0,0.6666666666666666,10,2,3,2,2,1,3,2,3,1,1
2.2,2.7,0.8999999999999999,10,4,3,2,3,2,3,2,3,1,4
4.66,4.7,0.23333333333333334,10,5,5,4,5,4,5,5,4,5,5
1.21,1.3,0.45555555555555544,10,1,3,1,1,1,2,1,1,1,1
4.35,4.0,0.8888888888888888,10,4,2,5,5,4,4,4,5,4,3
4.43,4.3,0.4555555555555555,10,5,4,4,5,4,3,5,5,4,4
3.05,2.8,0.6222222222222222,10,2,2,2,3,4,4,3,2,3,3
1.97,2.0,1.1111111111111112,10,3,1,1,4,3,1,2,2,1,2
3.93,3.4,1.3777777777777778,10,4,3,5,1,4,3,3,3,3,5
2.36,2.0,0.4444444444444444,10,3,2,2,2,2,2,1,3,1,2
1.95,1.5,0.5,10,2,1,1,1,1,1,1,3,2,2
1.24,1.1,0.09999999999999999,10,1,1,2,1,1,1,1,1,1,1
3.79,3.7,1.1222222222222222,10,2,3,4,4,3,5,3,5,5,3
3.01,3.5,1.1666666666666667,10,4,2,3,4,5,5,3,3,2,4
3.16,3.5,0.5,10,4,4,3,3,2,4,4,4,3,4
2.97,3.3,0.6777777777777777,10,4,3,3,4,4,2,2,4,4,3
3.51,3.5,0.9444444444444444,10,3,5,4,2,5,3,3,4,3,3
1.4,1.5,0.2777777777777778,10,2,1,2,2,1,1,1,2,1,2
2.54,2.3,1.1222222222222222,10,4,2,2,3,2,2,1,4,1,2
1.96,1.7,0.6777777777777777,10,1,3,2,1,2,1,1,1,3,2
4.13,4.3,1.1222222222222222,10,5,5,5,3,5,5,4,5,4,2
2.37,2.0,0.6666666666666666,10,3,3,1,2,2,3,1,2,1,2
1.33,1.6,0.48888888888888893,10,2,1,1,2,2,2,1,1,1,3
1.98,2.3,0.4555555555555556,10,3,3,2,2,3,3,1,2,2,2
2.34,2.5,0.9444444444444444,10,1,3,2,3,3,4,1,3,2,3
4.35,4.4,1.1555555555555554,10,5,5,5,2,5,5,4,3,5,5
4.1,4.5,0.5,10,4,5,5,5,5,4,3,4,5,5
1.38,1.2,0.17777777777777784,10,1,2,1,1,1,1,1,1,1,2
2.33,2.6,1.155555555555556,10,4,2,4,2,3,3,1,3,3,1
2.78,3.3,0.6777777777777777,10,4,3,3,2,3,2,4,4,4,4
2.09,2.4,0.9333333333333336,10,3,4,1,3,3,1,2,3,2,2
2.99,3.3,1.3444444444444443,10,2,4,3,3,5,4,1,4,3,4
4.79,4.9,0.09999999999999999,10,5,5,5,5,5,5,4,5,5,5
4.29,4.4,0.9333333333333333,10,4,5,5,5,5,5,4,2,5,4
4.85,4.8,0.17777777777777773,10,5,4,5,5,4,5,5,5,5,5
4.55,4.3,0.6777777777777777,10,5,4,5,5,4,5,5,3,3,4
4.95,5.0,0.0,10,5,5,5,5,5,5,5,5,5,5
1.3,1.3,0.23333333333333334,10,1,1,1,1,2,2,2,1,1,1
4.68,4.6,0.2666666666666667,10,5,4,4,5,5,5,5,4,5,4
1.71,1.9,0.7666666666666665,10,2,2,2,4,2,1,1,2,2,1
3.34,4.0,0.6666666666666666,10,3,4,5,3,5,4,4,5,4,3
4.779999999999999,4.6,0.2666666666666667,10,4,4,5,5,4,5,5,5,4,5
1.91,2.1,0.5444444444444444,10,2,1,2,3,1,2,3,3,2,2
3.13,3.0,0.4444444444444444,10,3,3,3,3,3,2,4,2,4,3
4.49,4.6,0.4888888888888888,10,5,5,4,4,3,5,5,5,5,5
1.91,1.9,0.7666666666666666,10,2,1,1,2,2,2,2,4,1,2
2.93,3.0,0.8888888888888888,10,2,4,2,3,3,4,2,4,4,2
3.68,3.4,0.9333333333333331,10,4,3,4,4,3,4,3,1,4,4
1.63,1.7,0.6777777777777777,10,1,1,1,2,2,3,1,3,1,2
1.41,1.3,0.23333333333333334,10,1,1,2,2,1,1,1,1,1,2
3.09,3.2,1.0666666666666669,10,3,3,4,5,2,3,4,2,2,4
2.36,2.5,0.7222222222222222,10,1,2,3,3,3,3,1,3,3,3
4.55,4.7,0.4555555555555555,10,5,5,5,3,4,5,5,5,5,5
4.71,4.5,0.5,10,4,5,5,4,3,4,5,5,5,5
3.73,3.8,1.0666666666666667,10,5,4,3,3,2,5,5,4,3,4
3.67,3.2,1.7333333333333334,10,1,2,4,3,3,5,3,5,2,4
3.07,3.1,0.9888888888888887,10,4,3,4,2,4,1,3,4,3,3
3.91,4.2,0.8444444444444444,10,4,4,4,5,4,2,4,5,5,5
4.63,4.8,0.17777777777777773,10,4,5,4,5,5,5,5,5,5,5
4.76,4.9,0.09999999999999999,10,5,5,5,5,5,5,4,5,5,5
3.72,3.8,0.17777777777777773,10,4,3,4,4,4,3,4,4,4,4
1.03,1.0,0.0,10,1,1,1,1,1,1,1,1,1,1
3.56,3.2,0.6222222222222222,10,4,2,4,3,3,3,4,4,2,3
1.61,1.5,0.7222222222222222,10,1,1,1,1,3,1,1,3,1,2
1.82,1.6,0.48888888888888893,10,2,1,1,2,1,1,3,2,1,2
2.25,1.5,0.5,10,2,1,2,1,1,1,3,1,1,2
4.07,4.3,0.4555555555555555,10,5,4,5,5,4,4,4,5,3,4
3.9,4.1,0.7666666666666665,10,4,4,2,4,4,5,4,5,5,4
1.08,1.1,0.09999999999999999,10,1,1,1,1,1,1,2,1,1,1
4.25,4.2,0.6222222222222222,10,5,5,3,3,5,4,4,4,5,4
3.3,3.2,1.0666666666666669,10,4,3,5,4,2,2,3,4,3,2
1.26,1.1,0.1,10,1,1,1,1,1,1,1,1,1,2
2.47,2.4,0.9333333333333336,10,2,2,1,3,3,3,3,1,2,4
3.06,2.8,0.8444444444444444,10,4,2,4,2,2,3,2,3,2,4
2.67,3.1,1.8777777777777775,10,5,3,3,4,4,2,2,1,5,2
1.45,1.1,0.09999999999999999,10,1,2,1,1,1,1,1,1,1,1
4.970000000000001,5.0,0.0,10,5,5,5,5,5,5,5,5,5,5
1.34,1.2,0.17777777777777778,10,1,1,1,1,1,1,2,1,2,1
1.71,1.5,0.5,10,1,1,1,2,2,1,1,2,3,1
3.72,3.3,0.8999999999999999,10,5,3,3,2,3,5,3,3,3,3
1.04,1.0,0.0,10,1,1,1,1,1,1,1,1,1,1
4.09,3.7,0.8999999999999999,10,4,2,4,4,4,5,3,3,5,3
1.85,1.5,0.2777777777777778,10,1,2,1,2,2,1,2,2,1,1
2.92,3.3,0.6777777777777777,10,4,3,3,2,4,2,4,4,4,3
3.72,3.8,0.8444444444444444,10,4,4,5,4,4,5,3,2,3,4
3.78,4.1,0.3222222222222222,10,4,4,4,5,3,4,4,4,5,4
2.71,3.2,0.8444444444444444,10,5,3,3,3,3,4,4,3,2,2
2.8,1.9,0.7666666666666666,10,1,2,2,3,1,2,1,1,3,3
2.96,2.9,1.6555555555555554,10,4,2,4,2,2,3,4,2,5,1
2.44,2.6,0.2666666666666667,10,2,3,3,2,3,2,2,3,3,3
4.87,5.0,0.0,10,5,5,5,5,5,5,5,5,5,5
1.06,1.0,0.0,10,1,1,1,1,1,1,1,1,1,1
4.2,4.0,0.4444444444444444,10,4,4,3,4,4,5,4,4,5,3
1.09,1.0,0.0,10,1,1,1,1,1,1,1,1,1,1
1.5,1.1,0.09999999999999999,10,1,2,1,1,1,1,1,1,1,1
2.82,2.5,0.5,10,2,2,3,2,2,3,4,2,3,2
1.53,1.6,0.7111111111111112,10,1,1,2,3,1,3,1,2,1,1
2.88,2.8,1.7333333333333334,10,2,2,5,5,3,2,3,2,3,1
1.03,1.0,0.0,10,1,1,1,1,1,1,1,1,1,1
3.74,3.5,0.9444444444444444,10,3,4,3,2,2,4,5,4,4,4
4.38,4.2,0.6222222222222222,10,4,5,4,3,5,4,5,5,3,4
2.19,2.7,2.011111111111111,10,3,1,4,1,1,3,4,2,3,5
3.14,2.8,0.8444444444444444,10,3,4,1,2,3,3,3,4,2,3
3.3600000000000003,3.4,0.9333333333333333,10,2,4,3,3,4,3,5,4,2,4
2.89,2.6,0.9333333333333333,10,4,3,2,2,1,2,3,3,2,4
4.59,4.4,0.48888888888888893,10,5,5,5,4,5,4,3,5,4,4
2.97,3.1,0.9888888888888887,10,4,5,3,3,2,3,2,4,3,2
1.05,1.0,0.0,10,1,1,1,1,1,1,1,1,1,1
1.61,2.0,0.4444444444444444,10,3,1,2,3,2,1,2,2,2,2
2.16,1.5,0.2777777777777778,10,1,2,1,2,2,1,1,2,2,1
1.12,1.2,0.17777777777777784,10,2,1,2,1,1,1,1,1,1,1
2.8600000000000003,3.5,0.7222222222222222,10,4,3,3,3,4,2,4,3,4,5
4.03,3.9,0.5444444444444444,10,4,5,3,4,4,5,3,3,4,4
3.62,2.9,0.3222222222222222,10,2,3,3,3,2,3,3,3,4,3
2.23,2.6,0.9333333333333336,10,3,4,3,3,1,3,2,3,1,3
4.03,4.1,0.7666666666666666,10,4,5,3,3,4,5,4,5,5,3
2.51,2.4,1.3777777777777775,10,1,4,1,1,3,2,2,3,3,4
4.76,4.9,0.09999999999999998,10,5,5,5,5,5,4,5,5,5,5
4.41,4.2,0.39999999999999997,10,5,3,4,4,5,4,4,4,5,4
3.5,3.7,0.4555555555555555,10,4,4,3,4,4,2,4,4,4,4
2.96,2.5,0.7222222222222222,10,2,3,3,1,3,3,3,3,3,1
3.74,4.1,0.3222222222222222,10,4,4,4,5,4,3,4,4,4,5
4.16,3.9,0.5444444444444444,10,4,3,5,3,4,5,4,3,4,4
3.86,4.0,0.6666666666666666,10,4,5,5,3,5,3,4,4,3,4
4.57,4.6,0.26666666666666666,10,5,5,5,5,4,4,5,5,4,4
3.85,4.2,0.6222222222222222,10,3,5,5,5,4,4,5,3,4,4
2.66,1.6,0.48888888888888893,10,1,1,2,2,1,2,3,1,2,1
2.73,2.4,0.7111111111111112,10,2,2,3,2,1,4,3,3,2,2
1.27,1.4,0.48888888888888893,10,2,1,1,1,1,1,2,3,1,1
2.37,1.7,0.4555555555555555,10,2,2,2,2,1,3,1,2,1,1
2.93,3.0,0.4444444444444444,10,3,3,3,3,2,4,2,3,3,4
2.48,2.7,1.3444444444444443,10,1,3,5,4,2,3,2,3,2,2
1.2,1.0,0.0,10,1,1,1,1,1,1,1,1,1,1
1.77,1.8,0.4,10,2,2,1,2,1,2,2,2,3,1
2.94,3.2,1.0666666666666673,10,3,1,5,3,4,3,3,3,3,4
2.48,2.4,1.822222222222222,10,3,1,1,2,5,2,1,3,4,2
3.87,3.9,0.9888888888888887,10,2,5,3,4,3,4,5,4,4,5
2.65,2.6,0.48888888888888893,10,3,2,2,2,3,3,3,2,4,2
1.77,2.0,1.1111111111111112,10,4,1,2,2,1,3,2,1,1,3
4.42,4.6,0.2666666666666667,10,5,4,5,4,4,5,5,5,4,5
1.98,2.0,0.2222222222222222,10,2,2,2,2,2,2,2,3,1,2
2.85,2.5,0.5,10,2,2,4,2,2,2,3,3,3,2
2.14,1.8,0.8444444444444446,10,1,2,2,1,3,3,1,3,1,1
1.77,2.0,0.6666666666666666,10,2,2,1,2,1,2,3,1,3,3
4.62,4.9,0.09999999999999999,10,5,5,5,5,5,5,5,4,5,5
1.95,2.3,0.6777777777777777,10,2,2,1,3,2,2,4,2,2,3
2.31,2.5,0.9444444444444444,10,4,1,2,2,4,3,3,2,2,2
3.55,3.9,1.211111111111111,10,3,5,3,5,5,3,4,5,4,2
3.01,2.6,0.9333333333333336,10,4,2,2,3,2,2,4,3,1,3
3.19,3.0,1.1111111111111112,10,2,3,3,5,2,4,4,3,2,2
1.85,1.7,0.45555555555555544,10,2,3,1,1,2,2,2,2,1,1
3.03,3.0,0.8888888888888888,10,2,4,4,4,3,2,2,4,2,3
3.95,4.3,0.4555555555555555,10,4,5,4,5,3,4,4,5,4,5
3.84,3.8,1.0666666666666669,10,3,5,4,5,3,2,3,4,4,5
4.6,5.0,0.0,10,5,5,5,5,5,5,5,5,5,5
3.4,3.0,1.3333333333333333,10,3,2,3,5,1,4,4,3,2,3
2.78,3.0,1.5555555555555556,10,2,3,4,3,1,5,4,2,4,2
4.720000000000001,4.7,0.4555555555555555,10,3,5,5,5,5,5,4,5,5,5
2.8,2.7,0.4555555555555555,10,3,2,2,4,3,2,3,3,2,3
2.42,2.3,0.4555555555555555,10,2,3,2,2,2,3,1,3,2,3
3.61,3.6,1.1555555555555554,10,4,5,2,5,2,4,3,4,3,4
2.37,2.3,0.23333333333333334,10,3,2,2,2,3,2,2,2,2,3
3.4,2.8,1.288888888888889,10,4,1,4,3,3,1,4,2,3,3
2.22,2.6,0.48888888888888893,10,3,3,2,3,3,2,3,3,3,1
3.47,3.1,0.5444444444444443,10,4,2,2,4,4,3,3,3,3,3
2.13,2.4,1.1555555555555557,10,4,3,3,2,2,2,2,1,4,1
2.13,1.8,0.6222222222222222,10,1,2,1,2,3,2,1,3,2,1
4.65,4.8,0.17777777777777773,10,5,5,4,5,5,4,5,5,5,5
4.48,4.3,0.8999999999999999,10,5,4,4,5,4,5,4,5,5,2
1.32,1.5,0.5,10,2,2,2,1,1,3,1,1,1,1
2.88,3.4,1.3777777777777778,10,3,3,4,4,5,4,4,2,1,4
4.5600000000000005,4.5,0.5,10,5,5,5,3,4,5,5,5,4,4
4.46,4.5,0.2777777777777778,10,5,4,5,4,4,4,5,5,4,5
1.11,1.1,0.09999999999999999,10,2,1,1,1,1,1,1,1,1,1
4.42,4.3,0.8999999999999999,10,4,5,4,2,5,5,4,5,5,4
3.17,3.3,1.1222222222222222,10,4,5,4,3,2,2,3,4,4,2
2.95,2.7,0.6777777777777777,10,3,2,4,2,3,4,2,2,2,3
1.31,1.2,0.1777777777777778,10,1,1,1,2,1,1,1,1,2,1
2.5,2.5,1.1666666666666667,10,1,1,4,3,2,2,4,2,3,3
2.76,2.9,0.5444444444444445,10,3,3,2,2,3,3,4,3,4,2
3.21,3.3,1.1222222222222222,10,3,3,2,4,2,2,4,4,4,5
2.79,2.7,0.6777777777777777,10,3,2,2,3,4,4,3,2,2,2
2.93,2.4,0.9333333333333336,10,4,2,2,3,4,2,2,1,2,2
4.25,4.0,1.1111111111111112,10,5,4,5,3,2,4,4,3,5,5
2.88,3.0,0.6666666666666666,10,4,2,3,4,2,3,3,3,4,2
4.5,4.7,0.23333333333333334,10,5,5,4,5,4,5,4,5,5,5
1.33,1.5,0.2777777777777778,10,2,2,1,1,2,1,1,1,2,2
3.74,3.9,0.7666666666666667,10,4,4,4,4,5,3,5,4,4,2
2.76,2.9,1.2111111111111112,10,4,2,4,2,3,5,2,3,2,2
1.9,2.4,0.48888888888888893,10,3,2,3,3,2,1,3,2,2,3
3.48,3.3,1.1222222222222222,10,3,3,4,4,3,3,1,3,5,4
1.51,1.6,0.2666666666666667,10,2,2,2,1,1,2,2,1,2,1
2.83,3.2,1.0666666666666669,10,4,2,2,4,4,3,2,5,3,3
1.78,2.0,0.6666666666666666,10,1,2,3,3,1,2,2,2,3,1
3.75,3.9,0.5444444444444444,10,3,4,4,4,3,4,4,3,5,5
1.1800000000000002,1.4,0.48888888888888893,10,1,1,1,1,2,1,3,2,1,1
3.13,3.1,0.9888888888888887,10,5,2,3,4,4,3,3,2,2,3
4.85,4.6,0.4888888888888888,10,4,5,5,4,5,3,5,5,5,5
1.43,1.8,0.6222222222222222,10,1,1,2,1,1,3,2,2,3,2
3.93,3.8,1.0666666666666669,10,3,4,5,4,4,3,5,5,2,3
1.9,1.7,0.4555555555555555,10,2,1,1,1,2,3,2,1,2,2
4.0,4.1,0.9888888888888887,10,5,5,3,2,5,4,4,5,4,4
1.99,2.4,0.9333333333333336,10,1,4,2,2,2,2,2,2,3,4
2.76,3.0,1.7777777777777777,10,2,5,3,4,1,2,3,2,3,5
2.02,2.0,0.6666666666666666,10,1,2,3,1,1,3,2,3,2,2
1.24,1.2,0.17777777777777784,10,1,2,1,1,1,2,1,1,1,1
1.83,1.5,0.5,10,2,1,1,1,2,1,2,1,3,1
4.64,4.5,0.2777777777777778,10,5,4,4,4,5,5,5,4,4,5
3.02,3.1,1.2111111111111112,10,2,5,3,3,2,4,4,4,2,2
2.39,2.2,0.6222222222222222,10,2,2,2,3,2,1,3,1,3,3
4.34,4.5,0.5,10,5,5,5,4,5,3,5,5,4,4
2.36,2.5,1.1666666666666667,10,2,3,2,1,3,5,2,2,2,3
4.470000000000001,4.5,0.5,10,5,4,5,5,4,5,4,5,5,3
1.83,1.4,0.48888888888888904,10,2,1,3,1,1,1,2,1,1,1
3.24,2.9,1.4333333333333331,10,4,2,5,4,2,3,3,1,2,3
3.07,3.1,0.9888888888888887,10,4,2,5,3,4,3,2,3,2,3
2.55,2.5,1.6111111111111112,10,2,2,3,5,2,1,4,3,1,2
1.29,1.4,0.48888888888888904,10,2,1,3,2,1,1,1,1,1,1
2.23,1.9,1.2111111111111112,10,1,1,1,2,1,3,4,2,1,3
4.0600000000000005,3.8,1.0666666666666669,10,5,3,4,3,2,5,3,5,4,4
1.0699999999999998,1.0,0.0,10,1,1,1,1,1,1,1,1,1,1
1.05,1.1,0.09999999999999999,10,1,1,1,1,1,1,2,1,1,1
3.62,4.0,0.8888888888888888,10,4,4,5,5,4,3,4,4,2,5
3.61,3.8,1.0666666666666669,10,5,3,5,3,5,3,5,3,3,3
1.5,1.5,0.5,10,1,1,2,1,1,1,3,1,2,2
4.13,3.9,0.7666666666666666,10,3,4,3,3,5,4,3,4,5,5
1.17,1.2,0.1777777777777778,10,1,1,1,2,1,1,2,1,1,1
3.1100000000000003,2.8,0.39999999999999997,10,3,3,2,2,3,2,3,4,3,3
3.92,3.9,0.9888888888888889,10,4,2,4,5,5,4,3,4,3,5
4.85,4.8,0.17777777777777776,10,5,5,5,5,5,4,5,5,5,4
1.04,1.0,0.0,10,1,1,1,1,1,1,1,1,1,1
1.93,1.7,0.8999999999999999,10,1,2,1,1,4,1,2,1,2,2
1.06,1.0,0.0,10,1,1,1,1,1,1,1,1,1,1
4.85,5.0,0.0,10,5,5,5,5,5,5,5,5,5,5
4.69,4.8,0.17777777777777776,10,5,5,5,5,5,4,5,4,5,5
1.02,1.0,0.0,10,1,1,1,1,1,1,1,1,1,1
2.12,1.9,0.7666666666666665,10,2,1,2,3,1,1,3,1,3,2
2.87,2.9,1.8777777777777775,10,2,1,4,2,4,3,5,3,1,4
2.0,1.7,0.6777777777777778,10,1,2,1,2,1,1,3,3,1,2
3.8,3.9,1.2111111111111112,10,4,3,2,5,5,3,5,4,3,5
1.38,1.1,0.1,10,1,1,1,1,1,1,1,1,2,1
1.27,1.3,0.23333333333333334,10,1,1,1,2,1,2,1,1,1,2
2.66,3.0,1.1111111111111112,10,4,3,3,2,5,4,3,2,2,2
1.83,1.8,1.0666666666666669,10,1,1,2,1,2,1,3,2,1,4
1.68,1.7,0.6777777777777778,10,2,1,2,2,1,3,1,1,1,3
3.28,3.2,1.5111111111111115,10,4,4,4,3,1,4,1,4,4,3
3.72,3.9,1.2111111111111112,10,2,5,4,4,4,4,2,5,4,5
3.93,3.8,1.7333333333333336,10,5,5,3,3,5,1,4,3,5,4
2.49,2.2,1.0666666666666669,10,2,2,1,4,2,4,2,1,2,2
4.45,4.3,0.4555555555555555,10,5,5,5,4,4,3,4,5,4,4
1.3,1.2,0.17777777777777784,10,2,1,1,1,1,1,1,2,1,1
4.86,5.0,0.0,10,5,5,5,5,5,5,5,5,5,5
4.3100000000000005,4.4,0.4888888888888888,10,4,3,5,4,5,5,5,4,4,5
1.67,1.8,0.8444444444444446,10,1,1,1,3,3,2,3,2,1,1
1.53,1.7,0.4555555555555555,10,2,1,2,3,2,2,1,2,1,1
1.9,2.8,0.8444444444444444,10,4,2,4,3,1,3,3,3,3,2
3.92,3.4,0.7111111111111112,10,4,3,3,4,5,4,3,3,3,2
4.5200000000000005,4.7,0.23333333333333334,10,4,4,5,5,5,5,5,5,4,5
1.62,2.1,0.7666666666666666,10,1,2,3,3,3,2,3,2,1,1
1.26,1.2,0.17777777777777784,10,1,2,1,1,1,1,2,1,1,1
2.51,2.5,0.5,10,3,2,2,2,3,3,2,2,2,4
3.61,3.8,1.288888888888889,10,2,4,5,3,4,5,4,5,4,2
3.38,3.4,1.1555555555555557,10,4,2,4,4,4,2,2,3,5,4
3.61,3.1,0.7666666666666666,10,4,4,3,3,4,3,2,2,2,4
2.5,2.3,1.3444444444444443,10,3,1,2,1,2,4,2,4,3,1
4.279999999999999,4.2,0.39999999999999997,10,4,4,4,5,4,4,3,5,4,5
2.65,2.5,0.5,10,3,2,3,3,3,2,1,3,2,3
1.9,1.8,0.8444444444444446,10,1,2,2,1,2,4,2,2,1,1
1.16,1.1,0.09999999999999999,10,1,1,1,1,1,2,1,1,1,1
3.59,3.9,0.09999999999999999,10,4,4,4,3,4,4,4,4,4,4
1.05,1.0,0.0,10,1,1,1,1,1,1,1,1,1,1
2.42,2.1,0.3222222222222223,10,2,2,2,3,2,1,2,2,3,2
1.23,1.2,0.17777777777777784,10,2,1,1,1,2,1,1,1,1,1
1.1,1.1,0.09999999999999999,10,1,2,1,1,1,1,1,1,1,1
2.6100000000000003,2.5,0.5,10,3,3,1,3,2,2,3,2,3,3
1.65,2.2,0.8444444444444444,10,2,2,4,1,2,2,2,3,3,1
1.47,1.5,0.2777777777777778,10,1,1,1,2,2,2,1,2,2,1
3.02,2.8,0.39999999999999997,10,3,3,3,3,4,2,2,3,3,2
4.17,4.6,0.48888888888888893,10,5,5,5,4,5,5,5,3,4,5
4.04,4.3,0.6777777777777777,10,5,5,5,4,3,3,5,4,4,5
3.48,3.2,1.066666666666667,10,2,4,4,3,3,4,1,4,4,3
1.93,2.2,0.39999999999999997,10,3,2,2,2,2,2,3,1,2,3
3.74,3.7,0.8999999999999999,10,3,4,3,5,4,3,5,2,4,4
1.76,2.1,0.9888888888888889,10,1,1,1,1,3,2,3,3,3,3
3.37,3.1,1.4333333333333331,10,4,4,3,1,4,3,4,1,4,3
4.86,4.8,0.17777777777777776,10,5,5,5,5,5,5,4,5,4,5
1.23,1.2,0.17777777777777784,10,1,2,1,1,1,1,1,1,1,2
3.73,3.6,0.7111111111111112,10,3,4,4,4,5,4,2,4,3,3
1.51,1.8,0.8444444444444446,10,1,2,1,2,1,2,2,2,4,1
2.36,2.1,0.9888888888888889,10,2,3,1,2,4,2,2,1,3,1
3.71,4.0,1.1111111111111112,10,3,5,3,5,2,5,4,5,4,4
3.38,3.0,0.2222222222222222,10,3,2,3,3,3,3,4,3,3,3
1.03,1.1,0.09999999999999999,10,1,1,1,1,1,1,1,2,1,1
1.52,1.1,0.09999999999999999,10,1,1,1,2,1,1,1,1,1,1
4.93,5.0,0.0,10,5,5,5,5,5,5,5,5,5,5
2.17,2.1,0.5444444444444445,10,2,2,3,1,2,3,2,3,1,2
1.29,1.2,0.1777777777777778,10,1,1,1,2,2,1,1,1,1,1
3.08,3.4,1.6,10,1,2,3,4,4,5,4,3,5,3
2.91,2.6,1.6,10,2,1,3,4,3,2,1,2,5,3
3.93,4.1,0.5444444444444444,10,4,4,5,3,4,5,4,4,3,5
1.82,1.9,0.9888888888888889,10,2,1,2,2,3,1,1,2,4,1
1.53,1.3,0.4555555555555555,10,1,1,1,1,2,1,1,1,3,1
2.09,2.0,0.4444444444444444,10,1,2,2,3,2,2,3,2,1,2
4.720000000000001,4.6,0.2666666666666667,10,5,5,5,4,5,5,4,4,4,5
4.2700000000000005,4.4,0.48888888888888893,10,5,4,5,5,4,5,3,4,5,4
3.84,3.9,0.9888888888888889,10,4,5,5,4,3,4,3,5,2,4
4.5600000000000005,4.3,0.4555555555555555,10,4,5,5,4,5,4,5,4,4,3
3.92,4.0,0.6666666666666666,10,4,5,5,4,5,3,4,4,3,3
3.97,4.0,1.1111111111111112,10,3,3,5,3,5,5,5,3,5,3
1.17,1.0,0.0,10,1,1,1,1,1,1,1,1,1,1
3.61,4.0,0.6666666666666666,10,4,4,4,5,3,5,3,3,5,4
2.53,2.0,1.1111111111111112,10,3,2,1,1,1,2,4,3,2,1
2.23,2.3,1.3444444444444443,10,3,2,1,2,2,4,4,3,1,1
4.01,3.8,0.8444444444444444,10,2,4,3,4,4,3,5,5,4,4
1.32,1.6,0.48888888888888893,10,1,1,1,2,2,3,2,1,2,1
1.39,1.2,0.17777777777777784,10,1,2,1,2,1,1,1,1,1,1
3.44,3.5,1.3888888888888888,10,1,3,5,5,3,4,3,4,3,4
3.87,4.1,0.5444444444444444,10,3,4,5,3,4,5,4,4,4,5
1.75,2.1,0.5444444444444445,10,3,2,3,2,2,1,3,2,2,1
3.8,3.4,0.9333333333333336,10,2,5,3,3,3,4,3,5,3,3
1.01,1.0,0.0,10,1,1,1,1,1,1,1,1,1,1
3.06,3.5,0.5,10,3,3,5,3,3,4,3,3,4,4
1.68,1.4,0.48888888888888893,10,1,2,2,1,1,1,3,1,1,1
4.0,4.0,0.2222222222222222,10,4,4,3,4,4,5,4,4,4,4
4.55,4.7,0.23333333333333334,10,5,5,4,4,4,5,5,5,5,5
1.93,1.8,0.1777777777777778,10,2,2,2,2,2,1,2,2,1,2
4.75,4.8,0.17777777777777773,10,4,5,4,5,5,5,5,5,5,5
3.76,4.1,0.5444444444444444,10,3,4,5,4,4,4,5,3,5,4
3.14,3.0,1.1111111111111112,10,1,2,4,3,4,3,3,4,2,4
2.26,2.0,0.4444444444444444,10,2,3,2,2,3,1,1,2,2,2
1.09,1.1,0.09999999999999999,10,1,1,1,1,2,1,1,1,1,1
4.38,4.1,0.3222222222222222,10,3,4,4,4,4,4,5,4,5,4
1.14,1.2,0.1777777777777778,10,1,1,1,2,1,1,1,1,2,1
4.44,4.5,0.9444444444444444,10,4,5,5,2,5,5,5,5,5,4
3.9,4.2,0.6222222222222222,10,5,4,4,3,5,4,3,5,5,4
4.73,4.5,0.2777777777777778,10,4,4,5,4,4,5,5,4,5,5
4.21,4.3,0.4555555555555555,10,5,5,4,4,5,5,4,4,3,4
1.88,1.9,0.5444444444444444,10,2,2,1,2,1,2,3,1,3,2
1.1800000000000002,1.2,0.1777777777777778,10,1,1,1,2,2,1,1,1,1,1
4.64,4.7,0.23333333333333334,10,5,4,5,4,5,4,5,5,5,5
1.04,1.1,0.09999999999999999,10,1,1,1,1,1,2,1,1,1,1
1.61,1.9,0.5444444444444445,10,2,1,1,2,3,2,1,2,3,2
1.95,1.6,0.48888888888888893,10,1,1,2,2,1,2,1,2,3,1
3.64,3.7,0.4555555555555555,10,3,2,4,4,4,4,4,4,4,4
3.97,4.2,0.8444444444444444,10,4,5,5,3,5,5,3,3,5,4
4.59,4.7,0.4555555555555555,10,5,5,5,5,5,5,5,5,3,4
3.96,2.9,0.9888888888888889,10,3,2,4,2,3,3,1,3,4,4
1.69,2.0,0.4444444444444444,10,2,1,3,2,1,3,2,2,2,2
1.12,1.1,0.1,10,1,1,1,1,1,1,1,1,1,2
1.23,1.4,0.2666666666666667,10,2,1,1,2,1,2,1,1,1,2
3.29,3.5,0.9444444444444444,10,2,4,3,2,4,4,5,4,3,4
1.47,1.2,0.17777777777777778,10,1,1,1,1,1,1,2,2,1,1
3.83,4.0,2.2222222222222223,10,5,5,3,4,1,5,5,5,5,2
3.95,4.3,0.4555555555555555,10,5,4,4,4,5,4,3,5,5,4
1.68,1.1,0.09999999999999999,10,1,1,2,1,1,1,1,1,1,1
1.58,1.8,0.6222222222222222,10,1,3,1,2,1,2,2,3,2,1
4.779999999999999,4.9,0.09999999999999998,10,5,5,5,5,5,4,5,5,5,5
3.64,3.4,0.48888888888888904,10,3,2,4,4,4,4,3,4,3,3
2.1,1.6,0.48888888888888893,10,1,1,1,1,2,2,1,3,2,2
4.99,5.0,0.0,10,5,5,5,5,5,5,5,5,5,5
4.76,5.0,0.0,10,5,5,5,5,5,5,5,5,5,5
2.58,2.1,0.9888888888888889,10,2,3,4,2,1,1,2,2,1,3
2.79,2.4,0.9333333333333336,10,1,3,4,3,2,3,2,3,2,1
2.38,2.0,0.8888888888888888,10,1,3,1,1,2,2,2,2,4,2
4.79,4.7,0.23333333333333334,10,5,4,5,5,5,5,5,5,4,4
2.01,1.7,0.8999999999999998,10,1,1,1,2,1,2,4,2,2,1
2.87,2.7,1.5666666666666667,10,4,2,2,3,1,2,5,2,4,2
2.66,2.7,1.788888888888889,10,3,5,2,4,1,2,2,3,1,4
2.0,1.7,0.45555555555555544,10,2,1,3,2,2,1,2,2,1,1
4.71,4.5,0.2777777777777778,10,5,5,4,5,4,5,5,4,4,4
1.62,1.7,0.23333333333333334,10,1,2,2,2,2,2,1,1,2,2
2.13,2.2,0.6222222222222222,10,2,1,2,2,3,2,2,4,2,2
3.76,3.5,0.7222222222222222,10,4,4,5,2,4,3,3,3,3,4
3.93,4.1,0.3222222222222222,10,4,4,4,4,4,4,5,3,4,5
1.35,1.2,0.17777777777777784,10,2,1,2,1,1,1,1,1,1,1
3.33,3.8,0.8444444444444444,10,3,3,3,5,5,3,5,3,4,4
2.55,2.1,0.5444444444444445,10,1,2,3,3,2,2,3,2,1,2
4.7,4.8,0.17777777777777773,10,5,5,4,5,5,5,5,5,5,4
4.18,3.8,0.8444444444444444,10,5,5,4,4,4,4,3,2,4,3
3.21,2.9,0.7666666666666666,10,3,1,3,3,4,3,3,3,2,4
4.73,4.8,0.17777777777777776,10,5,5,5,5,5,4,4,5,5,5
1.77,1.6,0.2666666666666667,10,1,2,2,2,2,1,1,2,1,2
4.07,3.7,0.8999999999999999,10,4,5,5,3,2,3,4,4,4,3
4.279999999999999,4.6,0.26666666666666666,10,4,4,5,5,5,4,4,5,5,5
1.92,2.2,1.288888888888889,10,4,2,2,1,1,2,4,1,2,3
2.02,2.3,0.8999999999999999,10,2,2,3,2,1,1,3,2,4,3
4.69,4.8,0.17777777777777773,10,5,4,4,5,5,5,5,5,5,5
1.06,1.0,0.0,10,1,1,1,1,1,1,1,1,1,1
4.67,4.3,0.4555555555555555,10,5,4,5,5,4,4,3,4,4,5
1.69,1.3,0.45555555555555544,10,1,1,1,3,2,1,1,1,1,1
4.49,4.1,0.3222222222222222,10,4,4,4,5,4,4,3,5,4,4
1.33,1.4,0.48888888888888915,10,1,3,1,2,2,1,1,1,1,1
4.13,4.2,0.6222222222222222,10,4,5,3,3,5,4,4,5,4,5
2.93,3.0,1.3333333333333333,10,3,3,5,1,3,3,2,2,4,4
2.46,2.2,0.6222222222222222,10,2,3,1,1,3,3,2,2,3,2
4.44,4.6,0.26666666666666666,10,5,5,4,5,4,4,5,5,4,5
4.7,4.7,0.23333333333333334,10,5,5,5,4,5,4,4,5,5,5
1.9,2.0,0.6666666666666666,10,2,2,3,3,2,2,1,1,1,3
3.75,3.8,0.6222222222222222,10,4,4,3,5,4,3,5,3,4,3
2.6,2.8,0.6222222222222222,10,3,2,3,3,3,4,3,3,1,3
3.41,3.8,0.39999999999999997,10,4,4,5,3,4,3,4,4,3,4
4.0,3.4,0.7111111111111112,10,4,2,3,4,3,4,4,4,2,4
2.05,2.0,0.6666666666666666,10,2,2,1,1,2,3,3,1,2,3
3.44,3.1,1.2111111111111112,10,4,2,2,5,4,2,3,2,4,3
3.6,3.6,1.1555555555555557,10,4,3,2,4,4,5,3,4,2,5
1.96,2.0,1.5555555555555556,10,3,2,1,1,1,2,2,1,5,2
4.17,4.3,1.1222222222222222,10,5,3,4,5,4,5,5,5,5,2
2.06,2.1,0.9888888888888889,10,1,1,2,1,2,3,4,2,3,2
2.48,2.5,0.5,10,4,2,3,2,2,3,3,2,2,2
2.47,2.3,0.6777777777777777,10,2,2,2,1,2,3,3,2,2,4
1.8,1.4,0.48888888888888904,10,1,1,3,1,2,1,1,1,1,2
2.9,2.7,0.6777777777777777,10,3,3,3,3,3,4,1,2,3,2
2.52,3.0,1.3333333333333333,10,3,3,2,5,4,4,2,3,1,3
4.07,4.0,0.6666666666666666,10,3,3,3,4,4,5,5,5,4,4
1.62,1.5,0.5,10,1,3,2,1,1,2,2,1,1,1
2.45,2.4,0.48888888888888904,10,2,2,4,3,2,2,2,2,3,2
2.24,2.1,1.4333333333333333,10,2,1,1,1,1,4,2,4,3,2
2.8600000000000003,3.0,1.3333333333333333,10,4,4,1,3,3,2,3,5,2,3
1.61,1.6,0.2666666666666667,10,2,1,1,2,1,2,2,2,1,2
3.31,3.7,1.1222222222222222,10,4,4,2,5,4,3,5,4,2,4
1.49,1.2,0.17777777777777784,10,1,2,1,2,1,1,1,1,1,1
3.41,2.9,0.9888888888888889,10,4,3,3,3,4,2,3,1,4,2
4.62,4.6,0.4888888888888888,10,4,5,3,5,5,5,5,5,5,4
1.83,1.5,0.2777777777777778,10,2,1,1,2,2,1,1,1,2,2
3.65,3.8,0.6222222222222222,10,4,3,4,4,3,3,4,5,5,3
1.65,1.5,0.2777777777777778,10,1,2,2,2,1,1,1,2,2,1
1.86,2.2,0.6222222222222222,10,1,2,2,3,3,1,3,2,2,3
1.08,1.0,0.0,10,1,1,1,1,1,1,1,1,1,1
4.66,4.6,0.4888888888888887,10,5,3,5,5,4,4,5,5,5,5
2.38,2.4,0.9333333333333336,10,4,2,4,2,1,2,3,2,2,2
4.2,4.4,0.711111111111111,10,3,5,5,5,5,4,4,3,5,5
3.27,3.2,1.5111111111111113,10,4,3,2,5,3,2,5,2,4,2
1.57,1.3,0.23333333333333328,10,1,1,1,1,1,2,1,2,2,1
4.14,3.8,0.39999999999999997,10,4,4,3,4,5,4,3,4,4,3
2.82,2.6,1.6,10,2,5,2,4,1,3,3,1,3,2
2.07,2.2,0.6222222222222222,10,1,3,3,2,3,1,2,3,2,2
2.8,3.3,0.6777777777777777,10,3,3,3,5,3,3,2,4,4,3
3.96,3.6,0.7111111111111111,10,3,4,3,3,3,4,5,3,3,5
4.529999999999999,4.7,0.23333333333333334,10,4,5,4,5,5,4,5,5,5,5
1.95,1.6,0.48888888888888893,10,2,2,1,2,1,1,2,1,3,1
4.73,4.6,0.26666666666666666,10,5,4,5,5,4,5,5,5,4,4
3.71,3.9,0.9888888888888887,10,4,3,5,5,2,3,4,5,4,4
3.35,2.7,0.6777777777777777,10,3,2,2,2,3,4,4,3,2,2
4.09,3.9,0.5444444444444444,10,4,3,4,4,4,5,3,5,3,4
4.89,4.7,0.23333333333333334,10,4,5,5,5,4,5,4,5,5,5
4.35,4.1,1.4333333333333331,10,5,5,5,1,4,4,4,4,4,5
2.94,3.3,0.8999999999999999,10,2,4,2,3,4,3,5,3,4,3
1.11,1.3,0.23333333333333334,10,1,2,1,2,1,2,1,1,1,1
4.32,4.2,0.8444444444444444,10,5,5,4,4,5,2,4,5,4,4
3.62,2.7,0.4555555555555555,10,2,2,3,2,3,3,3,2,3,4
3.05,2.6,0.2666666666666667,10,3,2,3,2,3,3,2,3,3,2
4.6,4.5,0.2777777777777778,10,4,5,5,5,4,5,4,4,5,4
4.62,4.5,0.2777777777777778,10,4,4,4,4,4,5,5,5,5,5
2.08,1.9,0.5444444444444444,10,2,1,2,1,3,2,2,3,2,1
3.41,3.5,0.5,10,4,3,4,3,4,4,3,4,4,2
4.8,4.9,0.09999999999999999,10,5,5,5,5,5,5,5,5,5,4
3.2,2.9,0.9888888888888887,10,3,3,2,3,4,4,2,3,4,1
4.32,4.0,0.8888888888888888,10,5,3,3,4,5,3,3,5,5,4
2.04,1.9,1.6555555555555557,10,1,1,4,1,1,4,1,2,1,3
3.81,4.1,0.7666666666666666,10,5,3,4,5,4,5,5,4,3,3
3.89,3.3,0.6777777777777777,10,3,4,4,2,2,4,3,4,4,3
2.85,2.7,1.5666666666666667,10,5,3,3,3,1,2,4,3,2,1
3.35,3.1,0.9888888888888889,10,2,3,3,3,4,3,2,5,4,2
3.72,3.7,0.8999999999999999,10,5,4,4,3,3,4,2,5,3,4
1.01,1.0,0.0,10,1,1,1,1,1,1,1,1,1,1
2.68,2.4,0.9333333333333333,10,3,2,2,2,3,4,3,3,1,1
2.35,2.5,0.7222222222222222,10,2,4,2,3,3,3,2,1,3,2
2.22,2.5,0.9444444444444444,10,2,2,3,3,2,2,4,2,1,4
3.19,2.9,1.4333333333333336,10,5,2,2,4,2,4,2,4,2,2
3.43,3.5,1.6111111111111112,10,1,3,2,4,4,4,3,5,5,4
2.79,3.5,0.2777777777777778,10,3,3,3,4,4,3,4,4,3,4
1.25,1.1,0.09999999999999999,10,1,1,1,1,1,2,1,1,1,1
2.5,2.2,0.6222222222222222,10,2,4,1,2,2,2,2,3,2,2
1.3,1.3,0.23333333333333334,10,2,1,1,2,1,1,1,2,1,1
1.96,1.7,0.45555555555555544,10,1,3,1,2,1,1,2,2,2,2
1.64,1.7,0.8999999999999999,10,1,1,3,1,3,1,1,3,1,2
3.47,3.4,1.6,10,4,5,2,1,3,4,3,5,3,4
4.88,5.0,0.0,10,5,5,5,5,5,5,5,5,5,5
4.18,4.1,0.9888888888888889,10,5,5,5,3,4,4,2,4,5,4
2.88,2.7,0.8999999999999999,10,1,4,2,3,2,3,3,4,2,3
1.0,1.0,0.0,10,1,1,1,1,1,1,1,1,1,1
4.0600000000000005,4.2,0.39999999999999997,10,4,5,5,4,4,4,3,4,5,4
4.67,4.8,0.39999999999999997,10,5,5,5,3,5,5,5,5,5,5
4.7,4.9,0.09999999999999996,10,4,5,5,5,5,5,5,5,5,5
4.05,4.0,0.8888888888888888,10,3,5,3,3,4,5,5,4,3,5
3.55,3.5,0.7222222222222222,10,3,3,3,3,5,3,3,5,3,4
1.05,1.0,0.0,10,1,1,1,1,1,1,1,1,1,1
2.68,2.8,0.39999999999999997,10,4,2,2,3,3,2,3,3,3,3
4.16,3.9,1.2111111111111112,10,3,3,5,5,5,5,2,4,3,4
1.98,2.1,0.7666666666666665,10,4,1,2,3,2,2,2,2,2,1
2.36,2.3,0.6777777777777777,10,3,2,2,3,2,1,4,2,2,2
1.98,2.4,0.7111111111111112,10,3,2,2,2,3,1,4,3,2,2
3.41,3.7,0.6777777777777777,10,4,3,3,5,3,3,4,4,3,5
2.4,2.1,0.9888888888888889,10,4,2,2,1,2,1,1,3,3,2
3.81,3.7,0.23333333333333334,10,4,4,4,3,4,4,3,4,3,4
3.51,3.8,0.39999999999999997,10,5,4,4,3,4,3,4,4,4,3
4.8100000000000005,4.9,0.09999999999999996,10,5,4,5,5,5,5,5,5,5,5
3.41,4.3,0.6777777777777777,10,4,4,5,5,4,5,3,5,3,5
3.81,3.9,1.2111111111111112,10,4,2,3,5,4,3,5,3,5,5
3.69,3.5,1.1666666666666667,10,2,3,3,3,5,4,5,4,4,2
1.61,1.6,0.48888888888888893,10,2,1,1,1,2,2,1,3,1,2
4.220000000000001,4.1,0.5444444444444444,10,4,3,4,5,4,4,4,5,3,5
3.75,3.9,0.5444444444444445,10,4,4,4,5,4,4,4,4,2,4
1.65,1.6,0.48888888888888893,10,1,1,2,1,2,1,2,3,2,1
1.86,1.5,0.2777777777777778,10,2,1,1,1,2,2,2,1,1,2
1.03,1.0,0.0,10,1,1,1,1,1,1,1,1,1,1
4.87,4.9,0.09999999999999998,10,5,5,5,5,4,5,5,5,5,5
1.34,1.4,0.48888888888888904,10,1,1,1,3,1,1,2,1,1,2
4.94,5.0,0.0,10,5,5,5,5,5,5,5,5,5,5
1.51,1.5,0.5,10,1,1,2,2,1,1,1,3,2,1
2.8600000000000003,2.9,0.5444444444444445,10,4,3,3,2,4,3,3,3,2,2
1.86,1.8,0.4000000000000001,10,1,2,1,2,2,1,2,2,3,2
1.56,1.9,1.2111111111111112,10,4,1,1,2,1,1,2,3,3,1
3.04,3.1,0.7666666666666666,10,4,3,2,2,3,2,3,4,4,4
2.04,1.5,0.2777777777777778,10,2,1,1,1,2,1,2,2,2,1
3.3600000000000003,3.7,0.4555555555555555,10,3,3,4,5,4,3,4,4,3,4
3.08,2.9,0.5444444444444445,10,4,3,2,3,2,3,3,4,3,2
2.48,2.7,1.1222222222222222,10,3,2,3,2,3,2,3,5,1,3
4.94,5.0,0.0,10,5,5,5,5,5,5,5,5,5,5
4.0,4.2,0.6222222222222222,10,5,3,5,4,4,4,5,4,5,3
3.23,3.3,1.1222222222222222,10,4,3,2,2,5,3,4,4,2,4
4.58,4.5,0.2777777777777778,10,5,5,4,5,4,5,5,4,4,4
4.51,4.5,0.2777777777777778,10,4,4,4,5,5,5,4,5,5,4
2.99,2.8,1.0666666666666667,10,3,2,2,3,4,4,3,2,4,1
2.79,2.8,0.8444444444444444,10,2,4,3,4,3,2,2,2,4,2
3.24,3.3,1.1222222222222222,10,2,4,5,4,2,4,3,4,2,3
3.5,3.3,0.6777777777777777,10,3,4,3,4,4,4,2,3,2,4
4.73,4.7,0.23333333333333334,10,4,5,5,4,5,4,5,5,5,5
4.92,5.0,0.0,10,5,5,5,5,5,5,5,5,5,5
4.69,4.7,0.4555555555555555,10,5,5,4,3,5,5,5,5,5,5
2.32,2.2,1.0666666666666669,10,1,2,1,3,2,2,4,3,1,3
3.65,4.2,0.6222222222222222,10,5,4,3,5,4,4,5,4,5,3
1.86,2.3,0.6777777777777777,10,2,4,2,2,3,2,1,3,2,2
1.88,1.9,0.5444444444444444,10,3,2,2,3,1,2,1,1,2,2
4.96,5.0,0.0,10,5,5,5,5,5,5,5,5,5,5
4.48,4.6,0.26666666666666666,10,5,5,5,5,4,5,5,4,4,4
3.78,3.7,0.8999999999999999,10,2,5,3,5,3,4,4,4,4,3
2.24,2.0,0.8888888888888888,10,2,4,2,1,3,2,2,1,2,1
2.6,2.8,0.6222222222222222,10,4,3,2,2,3,3,3,2,4,2
1.6,1.3,0.45555555555555544,10,3,1,1,1,1,1,1,1,1,2
4.07,4.0,1.1111111111111112,10,5,4,3,3,4,5,4,2,5,5
1.64,1.3,0.4555555555555555,10,1,1,1,1,1,1,3,2,1,1
2.26,2.3,1.1222222222222222,10,1,2,2,3,1,2,4,2,2,4
4.48,4.6,0.2666666666666667,10,5,5,5,4,5,4,5,4,4,5
2.27,2.3,1.1222222222222222,10,3,1,3,3,4,2,1,2,1,3
1.75,1.6,0.48888888888888893,10,2,1,1,1,1,2,1,2,3,2
1.15,1.2,0.17777777777777778,10,1,1,1,1,1,1,1,1,2,2
1.48,1.5,0.5,10,3,2,1,1,1,2,2,1,1,1
4.45,4.6,0.2666666666666667,10,5,4,4,5,4,5,5,5,5,4
3.73,3.8,0.8444444444444444,10,2,4,3,4,5,5,3,4,4,4
4.89,5.0,0.0,10,5,5,5,5,5,5,5,5,5,5
1.15,1.1,0.09999999999999999,10,1,1,1,1,1,2,1,1,1,1
2.39,2.1,0.7666666666666666,10,1,3,3,2,2,3,3,1,1,2
3.02,3.2,1.7333333333333336,10,1,5,4,2,5,4,2,3,3,3
2.35,2.4,0.48888888888888893,10,3,2,3,3,2,3,3,2,1,2
4.63,4.8,0.17777777777777773,10,5,4,5,5,5,5,5,5,4,5
4.1,4.3,0.4555555555555555,10,5,4,5,3,4,4,5,5,4,4
3.49,3.4,0.48888888888888893,10,3,4,3,3,4,4,4,2,3,4
4.279999999999999,4.5,0.7222222222222222,10,5,5,5,5,5,3,5,5,3,4
4.8100000000000005,4.6,0.2666666666666667,10,4,5,4,5,5,5,4,5,4,5
2.94,3.0,0.6666666666666666,10,3,5,3,3,3,2,3,2,3,3
2.52,1.9,0.9888888888888889,10,1,1,2,2,1,2,1,2,4,3
1.65,1.7,0.23333333333333334,10,1,2,1,2,2,1,2,2,2,2
2.29,2.3,0.6777777777777777,10,3,2,2,1,3,3,1,3,3,2
2.27,2.2,0.8444444444444444,10,2,1,2,2,4,2,1,3,2,3
1.64,1.6,0.48888888888888904,10,2,2,3,2,2,1,1,1,1,1
4.76,4.9,0.09999999999999998,10,5,5,5,5,4,5,5,5,5,5
4.14,4.0,0.8888888888888888,10,3,3,5,3,5,5,3,4,4,5
2.62,2.9,0.7666666666666665,10,3,2,3,4,2,2,4,3,4,2
4.05,4.1,0.9888888888888887,10,3,5,5,4,4,4,5,2,5,4
4.0,4.6,0.2666666666666667,10,4,4,5,5,5,5,5,4,5,4
2.38,2.3,1.1222222222222222,10,2,3,1,2,4,2,1,2,4,2
1.87,2.1,0.9888888888888887,10,2,4,1,2,2,3,1,2,3,1
1.02,1.1,0.09999999999999999,10,1,1,1,1,2,1,1,1,1,1
1.87,1.5,0.5,10,3,1,1,2,1,1,2,1,2,1
1.53,1.6,0.48888888888888893,10,2,1,2,2,1,1,1,1,3,2
3.87,4.2,0.39999999999999997,10,5,3,4,4,4,5,4,5,4,4
3.65,4.0,0.6666666666666666,10,4,5,4,3,3,4,5,5,3,4
1.01,1.0,0.0,10,1,1,1,1,1,1,1,1,1,1
3.25,3.2,1.0666666666666669,10,3,4,5,3,2,3,4,4,2,2
4.09,4.4,0.48888888888888893,10,5,4,5,5,4,5,5,3,4,4
3.91,4.4,0.48888888888888893,10,5,5,4,5,4,5,4,5,3,4
3.66,4.1,0.9888888888888889,10,3,5,5,3,4,5,3,5,3,5
3.78,3.3,0.8999999999999999,10,4,2,2,4,3,5,4,3,3,3
1.03,1.0,0.0,10,1,1,1,1,1,1,1,1,1,1
2.32,2.3,0.8999999999999999,10,3,2,3,3,1,1,4,2,2,2
3.57,3.6,0.7111111111111114,10,2,4,4,3,3,4,4,5,3,4
3.72,3.7,0.4555555555555555,10,3,3,4,3,4,4,4,5,4,3
2.87,2.9,1.877777777777778,10,4,3,1,1,5,2,2,4,4,3
3.52,3.6,0.48888888888888904,10,4,4,5,3,3,4,3,4,3,3
2.49,2.2,1.5111111111111113,10,1,2,4,3,1,2,1,3,1,4
4.0,3.5,1.1666666666666667,10,3,3,2,5,2,4,5,4,3,4
4.5200000000000005,4.8,0.17777777777777776,10,5,5,5,5,5,4,5,5,4,5
4.84,4.9,0.09999999999999999,10,5,5,5,5,5,5,5,4,5,5
3.19,3.0,1.1111111111111112,10,2,4,2,3,3,5,2,2,3,4
3.93,3.8,0.6222222222222222,10,3,3,3,5,5,3,4,4,4,4
1.01,1.0,0.0,10,1,1,1,1,1,1,1,1,1,1
1.73,1.7,0.4555555555555555,10,1,2,1,2,3,2,2,1,2,1
3.9,3.9,0.5444444444444446,10,3,3,5,4,4,4,3,4,5,4
3.69,3.7,1.3444444444444443,10,4,2,5,4,2,3,5,3,4,5
4.75,4.7,0.4555555555555555,10,3,5,5,5,5,5,5,5,4,5
1.09,1.1,0.09999999999999999,10,1,1,1,2,1,1,1,1,1,1
1.14,1.1,0.09999999999999999,10,2,1,1,1,1,1,1,1,1,1
1.74,2.0,0.6666666666666666,10,1,3,1,2,2,3,2,1,2,3
1.1,1.0,0.0,10,1,1,1,1,1,1,1,1,1,1
3.92,4.1,0.7666666666666666,10,5,5,3,4,3,4,5,3,4,5
1.41,1.2,0.1777777777777778,10,1,1,1,1,2,2,1,1,1,1
2.15,2.0,0.2222222222222222,10,2,2,2,3,2,1,2,2,2,2
1.67,1.4,0.48888888888888904,10,2,1,1,3,1,1,1,1,1,2
4.54,4.7,0.23333333333333334,10,5,5,4,5,4,4,5,5,5,5
2.48,2.9,0.9888888888888889,10,4,2,2,3,2,5,2,3,3,3
4.13,4.3,0.4555555555555555,10,5,5,5,4,4,5,4,4,4,3
2.12,2.0,0.8888888888888888,10,3,2,2,1,4,2,2,1,2,1
1.54,1.6,0.48888888888888893,10,2,1,1,2,2,1,2,1,3,1
2.69,2.9,0.9888888888888889,10,2,4,2,4,3,4,2,2,4,2
4.24,4.2,0.8444444444444444,10,5,4,5,4,2,4,5,5,4,4
2.31,2.2,0.17777777777777773,10,2,3,2,3,2,2,2,2,2,2
1.43,1.6,0.48888888888888893,10,1,1,2,1,1,2,3,1,2,2
2.75,3.0,0.8888888888888888,10,3,3,5,2,2,2,3,3,4,3
4.83,4.8,0.17777777777777776,10,5,5,5,5,5,4,5,5,5,4
1.19,1.3,0.4555555555555555,10,1,1,1,1,1,1,3,2,1,1
1.21,1.3,0.23333333333333334,10,1,2,1,1,1,1,2,1,2,1
2.34,1.7,0.6777777777777777,10,1,2,3,1,1,3,1,2,2,1
4.75,4.9,0.09999999999999999,10,5,5,5,5,5,5,4,5,5,5
2.27,2.0,0.8888888888888888,10,4,1,3,2,2,2,2,1,1,2
1.54,1.8,0.4000000000000001,10,3,2,2,1,2,2,2,1,1,2
3.75,3.6,0.7111111111111111,10,3,3,4,4,3,3,3,3,5,5
2.87,2.9,0.7666666666666665,10,2,4,4,2,2,3,3,2,3,4
2.17,1.9,0.5444444444444445,10,1,2,1,2,2,1,2,3,2,3
4.01,4.2,1.7333333333333336,10,5,5,5,1,3,5,4,5,5,4
1.27,1.3,0.23333333333333334,10,2,1,2,1,1,1,1,2,1,1
2.92,2.4,1.155555555555556,10,1,4,1,2,3,4,3,2,2,2
2.51,2.7,1.3444444444444443,10,3,4,3,4,1,3,1,2,2,4
2.58,3.1,1.4333333333333333,10,4,4,2,2,2,4,4,4,1,4
1.65,1.7,0.4555555555555555,10,2,2,2,1,1,2,1,1,2,3
3.0,3.0,0.2222222222222222,10,3,3,4,3,3,3,3,3,2,3
1.25,1.2,0.17777777777777784,10,1,2,2,1,1,1,1,1,1,1
3.48,3.4,0.9333333333333333,10,4,4,5,2,3,4,4,3,3,2
4.79,4.9,0.09999999999999996,10,5,4,5,5,5,5,5,5,5,5
4.11,4.0,0.8888888888888888,10,4,3,4,5,5,5,3,3,5,3
4.66,4.3,0.6777777777777777,10,5,5,5,3,4,4,5,5,4,3
2.39,2.9,1.2111111111111112,10,2,2,2,4,2,3,5,4,2,3
2.35,2.5,0.7222222222222222,10,3,3,3,2,2,3,2,4,1,2
2.69,2.6,0.9333333333333336,10,1,2,4,3,4,3,2,2,2,3
4.95,4.9,0.09999999999999999,10,5,5,5,5,5,5,5,4,5,5
3.7,3.7,0.4555555555555555,10,4,3,4,4,4,3,4,3,5,3
2.27,2.5,0.9444444444444444,10,3,3,3,3,2,3,1,2,4,1
3.5,3.0,1.1111111111111112,10,3,3,4,3,5,1,3,3,2,3
4.12,4.0,1.1111111111111112,10,5,4,4,5,5,5,3,4,3,2
2.44,1.9,0.32222222222222224,10,2,1,2,2,2,2,3,1,2,2
4.55,4.2,0.39999999999999997,10,3,5,4,4,4,5,4,4,4,5
2.22,2.2,1.5111111111111113,10,2,2,3,1,3,2,1,2,5,1
3.1,3.1,0.5444444444444444,10,2,2,3,3,3,4,4,3,3,4
3.45,3.9,0.7666666666666667,10,4,5,3,4,3,4,5,5,3,3
1.83,2.1,0.5444444444444445,10,3,1,2,2,3,2,1,3,2,2
3.89,4.1,0.7666666666666666,10,5,4,5,3,3,5,4,3,5,4
2.24,1.9,0.32222222222222224,10,2,2,2,3,2,1,2,1,2,2
4.2,4.6,0.4888888888888888,10,5,5,4,5,5,4,5,3,5,5
4.279999999999999,3.7,1.1222222222222222,10,5,4,3,2,3,3,5,4,3,5
4.43,4.1,0.5444444444444444,10,5,4,4,4,5,5,4,3,3,4
2.85,2.8,0.8444444444444444,10,4,3,2,3,2,2,2,2,4,4
3.93,3.9,0.5444444444444446,10,5,3,3,4,4,4,3,4,4,5
2.06,1.7,0.4555555555555555,10,2,1,1,1,2,1,2,3,2,2
2.85,3.3,1.3444444444444443,10,4,2,4,4,3,5,4,3,3,1
3.15,3.3,0.6777777777777777,10,4,3,4,3,2,3,2,4,4,4
4.68,4.8,0.17777777777777776,10,5,5,5,5,5,5,5,4,5,4
2.59,2.6,0.48888888888888904,10,2,4,3,2,3,2,2,3,2,3
4.98,5.0,0.0,10,5,5,5,5,5,5,5,5,5,5
1.16,1.1,0.09999999999999999,10,1,1,2,1,1,1,1,1,1,1
2.25,2.7,1.3444444444444443,10,2,2,3,4,1,2,2,5,3,3
3.3600000000000003,3.5,0.2777777777777778,10,4,3,4,3,3,3,3,4,4,4
3.94,3.6,0.7111111111111112,10,5,4,4,3,2,3,4,3,4,4
4.39,4.4,0.4888888888888888,10,4,4,5,5,3,5,5,5,4,4
4.779999999999999,4.8,0.39999999999999997,10,5,5,5,3,5,5,5,5,5,5
3.57,2.9,0.5444444444444444,10,3,4,4,2,3,3,2,3,2,3
1.4,1.3,0.23333333333333334,10,1,2,2,1,1,2,1,1,1,1
2.87,2.6,0.7111111111111114,10,1,3,3,4,2,3,2,2,3,3
1.24,1.0,0.0,10,1,1,1,1,1,1,1,1,1,1
1.51,1.7,0.4555555555555555,10,1,2,2,2,2,3,1,1,1,2
4.4,4.4,0.48888888888888893,10,5,4,5,4,4,4,5,3,5,5
4.55,4.5,0.5,10,5,5,5,5,4,3,5,4,5,4
2.76,2.4,0.48888888888888904,10,2,2,2,2,4,3,2,3,2,2
1.52,1.9,0.9888888888888887,10,1,1,2,2,4,1,1,3,2,2
1.14,1.3,0.45555555555555544,10,1,1,3,1,1,1,1,2,1,1
1.53,1.6,0.9333333333333333,10,1,1,1,1,2,4,2,1,1,2
3.46,3.6,0.9333333333333333,10,3,3,4,5,2,3,3,5,4,4
1.66,1.7,0.45555555555555544,10,1,1,2,3,2,2,2,1,2,1
2.02,2.0,1.1111111111111112,10,1,1,1,1,2,2,3,4,3,2
3.09,3.7,0.4555555555555555,10,4,3,4,3,4,4,4,5,3,3
2.7,2.9,1.4333333333333333,10,3,5,2,3,2,2,1,4,4,3
2.8600000000000003,2.6,1.1555555555555557,10,3,2,2,3,2,3,5,3,1,2
4.07,4.1,0.5444444444444444,10,5,3,5,4,4,4,4,4,3,5
2.64,2.1,0.3222222222222224,10,3,1,2,2,3,2,2,2,2,2
3.8,3.5,0.7222222222222222,10,3,4,2,3,4,4,5,3,4,3
3.49,3.2,1.7333333333333334,10,3,3,5,3,4,1,2,2,4,5
1.22,1.3,0.23333333333333334,10,1,1,2,2,1,1,1,2,1,1
2.03,1.7,0.8999999999999999,10,2,1,1,2,2,4,1,2,1,1
1.55,1.3,0.23333333333333334,10,2,1,2,1,1,1,2,1,1,1
2.34,2.4,1.3777777777777778,10,3,1,1,3,4,1,3,2,2,4
1.11,1.1,0.09999999999999999,10,1,1,1,1,1,1,2,1,1,1
4.76,4.9,0.09999999999999998,10,5,5,5,5,4,5,5,5,5,5
4.88,4.6,0.26666666666666666,10,4,4,5,5,4,4,5,5,5,5
2.49,2.7,1.3444444444444443,10,2,2,1,4,2,3,3,3,5,2
2.76,2.4,0.7111111111111112,10,2,2,2,4,3,1,2,2,3,3
1.75,2.0,1.1111111111111112,10,2,1,3,1,2,4,1,1,2,3
4.779999999999999,4.7,0.8999999999999999,10,5,5,2,5,5,5,5,5,5,5
2.6100000000000003,2.9,1.2111111111111112,10,5,3,3,2,1,3,4,3,3,2
3.52,3.2,0.8444444444444444,10,5,3,3,2,4,3,3,2,4,3
3.1,3.1,1.4333333333333333,10,3,5,4,3,4,3,2,1,2,4
1.75,1.5,0.5,10,2,2,1,3,1,2,1,1,1,1
4.09,4.0,1.3333333333333333,10,3,5,3,5,2,5,3,5,4,5
3.45,3.1,0.9888888888888889,10,5,3,3,2,4,4,3,2,2,3
3.91,4.0,0.6666666666666666,10,5,4,4,3,4,4,3,3,5,5
1.71,1.6,0.48888888888888904,10,1,2,1,1,3,2,1,2,1,2
4.96,4.8,0.17777777777777773,10,4,5,5,5,4,5,5,5,5,5
3.27,2.8,0.6222222222222222,10,4,3,2,2,2,4,3,3,3,2
3.89,3.6,0.7111111111111112,10,4,5,2,3,4,3,4,4,4,3
3.53,3.5,1.3888888888888888,10,3,3,5,4,5,3,2,3,2,5
1.67,1.5,0.5,10,2,1,1,2,2,1,1,3,1,1
3.83,3.8,0.8444444444444444,10,5,3,4,3,4,3,5,3,3,5
2.74,3.6,0.7111111111111111,10,3,4,3,4,4,3,4,2,4,5
3.58,3.8,0.8444444444444444,10,4,5,4,3,3,4,5,2,4,4
4.279999999999999,4.2,0.17777777777777773,10,4,4,5,4,4,5,4,4,4,4
4.55,4.6,0.2666666666666667,10,5,4,5,4,5,4,5,5,5,4
1.4,1.5,0.9444444444444444,10,1,2,1,1,1,1,4,1,2,1
2.31,2.2,0.6222222222222222,10,2,2,2,3,3,1,3,1,2,3
3.5,3.2,0.39999999999999997,10,3,4,3,4,2,3,4,3,3,3
3.3,3.1,1.655555555555556,10,2,5,2,4,3,2,4,4,1,4
4.95,4.6,0.7111111111111109,10,5,5,5,3,3,5,5,5,5,5
1.02,1.1,0.09999999999999999,10,1,2,1,1,1,1,1,1,1,1
1.44,1.5,0.5,10,3,2,1,2,1,1,1,1,1,2
1.44,1.3,0.23333333333333334,10,1,1,1,1,2,2,1,2,1,1
3.87,4.0,0.6666666666666666,10,4,5,4,4,4,5,5,3,3,3
2.96,3.0,0.8888888888888888,10,3,3,3,3,2,3,4,4,4,1
3.15,3.0,0.6666666666666666,10,4,3,4,3,2,3,3,2,4,2
3.53,3.6,0.7111111111111112,10,4,4,3,3,3,4,2,4,4,5
1.34,1.3,0.23333333333333334,10,1,2,1,1,1,1,1,1,2,2
2.46,2.6,0.7111111111111112,10,3,4,2,2,3,2,2,4,2,2
3.38,3.0,1.1111111111111112,10,4,3,4,2,1,4,3,4,3,2
1.52,1.3,0.23333333333333334,10,1,2,1,1,1,2,1,2,1,1
3.29,3.3,1.788888888888889,10,3,4,1,5,3,2,2,5,4,4
2.92,2.5,1.1666666666666667,10,1,4,1,2,3,4,2,3,3,2
2.02,1.9,0.7666666666666666,10,1,1,1,2,3,1,3,2,3,2
3.29,2.9,1.877777777777778,10,2,2,2,3,5,4,5,1,3,2
3.7,4.3,0.4555555555555555,10,5,4,5,3,5,4,4,5,4,4
2.94,2.7,0.8999999999999999,10,4,3,1,2,4,3,2,3,2,3
3.05,2.9,1.2111111111111112,10,1,4,2,3,4,4,4,3,2,2
4.45,4.4,0.48888888888888893,10,5,4,5,4,5,4,3,4,5,5
2.92,3.1,1.2111111111111112,10,4,4,2,3,2,3,5,2,4,2
3.86,3.7,0.6777777777777777,10,4,3,2,4,4,4,5,4,3,4
4.44,4.4,0.2666666666666667,10,4,5,4,5,4,4,4,4,5,5
4.89,5.0,0.0,10,5,5,5,5,5,5,5,5,5,5
4.98,4.9,0.09999999999999999,10,5,5,5,5,5,5,5,4,5,5
2.56,2.8,0.8444444444444444,10,3,2,3,3,4,1,4,3,3,2
4.04,4.4,0.4888888888888888,10,4,3,5,4,5,4,5,4,5,5
3.1100000000000003,2.7,1.3444444444444443,10,4,3,4,1,4,2,1,2,3,3
2.99,2.7,0.6777777777777777,10,3,3,3,2,3,4,2,3,1,3
1.54,1.7,0.8999999999999999,10,1,2,1,1,2,2,4,1,2,1
3.16,3.3,0.6777777777777777,10,3,4,3,3,2,3,3,5,4,3
4.34,3.6,1.1555555555555557,10,4,1,4,4,3,3,4,4,4,5
1.03,1.0,0.0,10,1,1,1,1,1,1,1,1,1,1
4.91,4.9,0.09999999999999999,10,5,5,5,5,5,5,5,4,5,5
3.42,3.5,1.1666666666666667,10,3,5,4,4,3,2,2,3,5,4
4.18,4.5,0.5,10,5,5,4,5,5,4,3,5,5,4
4.3100000000000005,3.8,0.8444444444444444,10,4,3,4,2,4,4,3,5,4,5
3.12,2.4,0.9333333333333336,10,3,1,2,1,3,2,3,2,3,4
1.59,1.6,0.2666666666666667,10,1,2,1,2,1,2,2,2,2,1
4.55,4.6,0.26666666666666666,10,5,5,5,5,4,4,5,4,4,5
4.08,4.5,0.2777777777777778,10,4,4,5,5,4,5,4,5,5,4
4.99,5.0,0.0,10,5,5,5,5,5,5,5,5,5,5
3.15,3.0,2.2222222222222223,10,4,4,2,2,3,3,5,1,5,1
1.91,2.1,0.9888888888888889,10,4,2,1,1,2,2,3,1,2,3
4.21,4.4,0.9333333333333333,10,5,5,4,5,4,5,4,5,5,2
3.88,3.8,1.0666666666666669,10,2,5,3,3,4,4,4,3,5,5
1.47,1.2,0.1777777777777778,10,1,1,1,1,2,1,1,1,1,2
3.61,3.9,1.2111111111111112,10,4,5,3,2,5,3,4,3,5,5
4.93,4.8,0.39999999999999997,10,5,5,5,5,3,5,5,5,5,5
3.13,2.9,1.655555555555556,10,3,1,1,2,3,5,4,4,3,3
2.6100000000000003,2.4,0.2666666666666667,10,3,2,3,2,3,2,2,2,3,2
3.89,3.9,0.9888888888888889,10,5,4,4,3,2,5,5,4,3,4
1.34,1.6,0.7111111111111111,10,1,2,1,1,2,1,3,3,1,1
1.05,1.1,0.09999999999999999,10,1,1,2,1,1,1,1,1,1,1
1.29,1.1,0.09999999999999999,10,1,1,1,1,1,1,1,2,1,1
4.5,4.6,0.2666666666666667,10,5,5,4,4,5,5,5,4,4,5
3.59,3.9,0.5444444444444444,10,4,4,4,3,4,4,5,3,5,3
1.27,1.2,0.1777777777777778,10,1,1,2,1,1,1,2,1,1,1
3.9,4.4,0.4888888888888888,10,4,3,5,5,5,5,4,5,4,4
2.5,2.2,0.6222222222222222,10,2,1,2,2,3,1,3,2,3,3
4.8100000000000005,4.8,0.17777777777777773,10,4,5,5,5,5,5,5,5,5,4
4.61,4.3,0.23333333333333334,10,4,5,4,4,4,5,4,4,4,5
4.62,4.6,0.2666666666666667,10,4,5,5,4,5,5,4,5,4,5
4.12,4.0,0.2222222222222222,10,4,4,4,4,4,3,4,4,5,4
4.01,3.7,0.8999999999999999,10,3,4,4,4,4,2,3,5,5,3
4.63,4.3,0.23333333333333334,10,5,4,5,4,4,4,5,4,4,4
3.13,3.5,0.7222222222222222,10,3,3,4,4,3,3,2,4,4,5
1.97,1.9,0.7666666666666667,10,2,3,1,2,3,2,1,3,1,1
4.83,4.9,0.09999999999999998,10,5,5,5,5,4,5,5,5,5,5
3.18,3.1,1.2111111111111112,10,2,5,2,4,3,4,3,4,2,2
1.68,1.6,0.48888888888888893,10,1,1,1,2,1,2,1,3,2,2
3.84,4.0,1.1111111111111112,10,5,4,4,2,5,5,3,5,3,4
4.91,5.0,0.0,10,5,5,5,5,5,5,5,5,5,5
3.4,3.6,0.9333333333333333,10,3,4,3,4,4,3,5,2,3,5
4.75,4.7,0.23333333333333334,10,5,5,4,4,5,5,5,5,5,4
2.84,2.8,1.288888888888889,10,1,2,2,4,3,2,4,2,4,4
3.91,4.2,0.6222222222222222,10,3,4,3,5,4,5,5,5,4,4
4.33,4.1,0.5444444444444444,10,4,5,3,4,5,5,4,4,4,3
3.84,3.9,0.9888888888888887,10,3,4,3,2,5,4,4,5,5,4
3.56,3.4,0.9333333333333336,10,3,3,3,4,3,5,3,3,2,5
4.36,4.2,0.8444444444444444,10,3,5,5,5,4,4,3,5,3,5
4.71,4.7,0.4555555555555555,10,5,5,5,4,3,5,5,5,5,5
2.64,2.8,1.9555555555555553,10,4,5,2,4,4,2,3,2,1,1
4.49,4.6,0.2666666666666667,10,4,5,4,5,5,5,5,4,5,4
2.81,3.0,1.1111111111111112,10,4,3,3,4,4,4,1,2,2,3
3.12,2.7,0.6777777777777777,10,4,3,4,2,2,2,3,2,3,2
1.37,1.1,0.09999999999999999,10,1,1,1,1,1,2,1,1,1,1
2.05,1.8,0.4000000000000001,10,1,1,2,2,2,1,2,3,2,2
4.6,4.5,0.5,10,4,5,5,4,5,3,5,5,4,5
3.56,3.2,1.2888888888888888,10,2,3,4,2,5,3,3,2,5,3
4.5200000000000005,4.2,0.6222222222222222,10,5,5,3,4,5,5,4,4,4,3
1.72,1.9,0.5444444444444445,10,1,1,3,2,1,2,2,3,2,2
2.96,3.3,1.1222222222222222,10,3,5,2,4,2,4,4,2,3,4
2.49,2.9,0.5444444444444444,10,3,3,3,4,3,3,1,3,3,3
1.02,1.0,0.0,10,1,1,1,1,1,1,1,1,1,1
3.95,3.6,0.7111111111111111,10,3,3,4,3,3,5,4,5,3,3
4.33,4.7,0.23333333333333334,10,5,5,4,5,5,4,5,4,5,5
2.79,2.8,0.6222222222222222,10,2,4,2,2,3,3,4,3,3,2
1.32,1.5,0.7222222222222222,10,1,1,3,1,1,1,3,1,1,2
3.04,3.1,1.8777777777777775,10,1,2,4,4,2,3,5,3,5,2
2.82,2.5,1.1666666666666667,10,2,1,2,3,4,2,1,3,4,3
4.84,5.0,0.0,10,5,5,5,5,5,5,5,5,5,5
4.8,4.6,0.4888888888888888,10,4,5,5,5,5,3,5,4,5,5
1.62,1.3,0.23333333333333334,10,1,2,1,1,1,1,1,1,2,2
4.85,5.0,0.0,10,5,5,5,5,5,5,5,5,5,5
1.49,1.6,0.48888888888888904,10,1,2,2,1,3,1,1,2,2,1
4.54,4.6,0.26666666666666666,10,5,4,5,5,5,5,5,4,4,4
3.31,3.1,0.5444444444444445,10,3,4,4,3,3,4,3,2,3,2
4.83,4.7,0.23333333333333334,10,4,5,5,4,5,5,5,5,5,4
3.19,3.3,1.3444444444444443,10,4,2,4,5,4,2,4,4,2,2
3.56,3.6,1.1555555555555557,10,5,3,2,4,4,3,2,4,5,4
4.62,4.6,0.4888888888888888,10,5,5,5,4,4,5,3,5,5,5
2.98,3.4,0.48888888888888893,10,4,4,4,4,3,2,3,3,3,4
1.0,1.0,0.0,10,1,1,1,1,1,1,1,1,1,1
1.78,1.9,0.7666666666666666,10,2,1,2,2,1,2,2,4,2,1
2.14,2.1,0.7666666666666666,10,2,3,1,3,2,1,3,2,3,1
4.15,4.2,0.6222222222222222,10,5,4,5,3,4,3,5,4,5,4
2.06,1.9,0.7666666666666665,10,3,1,2,3,1,2,1,3,2,1
1.84,1.9,0.3222222222222223,10,2,2,2,2,2,1,3,2,1,2
2.01,1.9,0.5444444444444445,10,3,2,1,2,2,2,1,1,3,2
2.37,2.6,0.7111111111111112,10,3,2,3,3,2,1,4,3,3,2
4.98,5.0,0.0,10,5,5,5,5,5,5,5,5,5,5
3.83,4.1,0.9888888888888889,10,5,4,5,3,5,4,4,5,2,4
1.1,1.0,0.0,10,1,1,1,1,1,1,1,1,1,1
3.12,3.4,1.3777777777777778,10,4,4,3,5,2,4,2,3,5,2
4.11,4.0,0.4444444444444444,10,5,4,4,4,4,5,3,4,3,4
4.26,4.5,0.5,10,5,4,4,3,5,4,5,5,5,5
2.69,2.6,2.0444444444444443,10,2,3,3,5,2,1,2,5,2,1
4.09,4.1,0.3222222222222222,10,5,4,4,4,4,4,3,5,4,4
1.52,1.4,0.2666666666666667,10,1,2,2,1,2,1,1,2,1,1
2.04,2.5,0.2777777777777778,10,3,2,3,3,2,3,3,2,2,2
2.24,2.0,0.8888888888888888,10,2,2,4,2,3,1,2,1,2,1
3.55,3.6,0.9333333333333336,10,4,2,3,4,5,3,3,3,4,5
4.15,4.0,1.3333333333333333,10,2,4,5,4,4,5,5,5,2,4
1.09,1.2,0.17777777777777784,10,1,2,1,1,1,1,1,1,1,2
4.75,5.0,0.0,10,5,5,5,5,5,5,5,5,5,5
1.08,1.0,0.0,10,1,1,1,1,1,1,1,1,1,1
2.2,2.4,0.7111111111111114,10,4,2,3,2,3,3,2,1,2,2
2.35,2.4,0.7111111111111112,10,3,2,2,3,4,2,1,2,2,3
4.65,4.8,0.17777777777777776,10,5,5,5,5,5,5,5,4,4,5
4.0,3.9,0.7666666666666666,10,4,4,4,4,5,3,2,5,4,4
3.61,4.1,1.6555555555555554,10,2,2,5,5,5,3,5,4,5,5
4.55,4.5,0.2777777777777778,10,5,5,5,4,4,4,5,5,4,4
3.95,4.3,1.1222222222222222,10,2,5,4,5,5,4,5,3,5,5
4.83,4.9,0.09999999999999996,10,4,5,5,5,5,5,5,5,5,5
2.84,2.5,0.9444444444444444,10,2,3,1,3,1,2,3,4,3,3
1.0,1.0,0.0,10,1,1,1,1,1,1,1,1,1,1
1.61,1.7,0.4555555555555555,10,2,2,1,1,3,2,2,1,1,2
1.88,2.0,0.4444444444444444,10,2,2,2,2,2,3,1,1,3,2
2.33,2.4,0.7111111111111112,10,2,3,2,3,4,3,2,1,2,2
3.35,3.4,0.9333333333333336,10,3,5,3,3,4,2,5,3,3,3
3.52,3.9,0.9888888888888889,10,4,5,4,3,3,4,5,4,2,5
4.04,4.1,0.9888888888888887,10,5,5,4,2,3,5,4,4,5,4
1.86,1.5,0.7222222222222222,10,1,1,1,1,3,2,1,3,1,1
4.74,4.7,0.4555555555555555,10,5,5,5,5,4,3,5,5,5,5
1.79,1.8,0.6222222222222222,10,3,3,2,2,1,2,1,1,1,2
3.8,3.8,0.6222222222222222,10,3,4,3,3,4,5,3,4,4,5
2.19,2.6,0.48888888888888904,10,3,3,2,1,2,3,3,3,3,3
1.9,1.3,0.23333333333333334,10,2,1,1,1,1,1,1,2,1,2
4.37,4.6,0.2666666666666667,10,4,5,4,5,5,5,4,5,4,5
4.24,4.1,0.5444444444444444,10,4,4,3,5,3,4,5,4,5,4
2.5,2.2,0.39999999999999997,10,3,1,2,3,3,2,2,2,2,2
4.23,4.4,0.4888888888888888,10,5,5,3,5,4,5,4,5,4,4
3.47,3.2,0.8444444444444444,10,2,4,3,3,2,4,4,4,4,2
2.01,2.1,0.7666666666666665,10,3,2,1,3,3,3,1,2,1,2
4.5600000000000005,4.3,0.6777777777777777,10,5,4,5,5,3,3,5,4,5,4
2.0,2.3,1.1222222222222222,10,2,4,4,2,2,2,3,1,1,2
2.79,2.2,1.0666666666666669,10,1,1,2,4,3,1,2,3,2,3
3.32,2.7,1.5666666666666667,10,2,5,2,2,2,4,1,3,2,4
1.32,1.7,0.4555555555555555,10,2,1,1,2,2,1,3,1,2,2
2.83,2.9,0.5444444444444444,10,2,4,3,4,3,2,2,3,3,3
4.87,4.5,0.2777777777777778,10,5,4,5,4,4,5,4,5,4,5
3.59,4.1,0.5444444444444444,10,4,5,4,4,3,5,4,3,4,5
3.07,3.4,0.48888888888888893,10,4,4,3,4,3,2,3,4,4,3
1.38,1.2,0.1777777777777778,10,1,1,2,1,1,1,1,2,1,1
3.48,4.1,0.9888888888888889,10,4,5,4,5,5,4,5,3,2,4
1.28,1.3,0.23333333333333334,10,2,1,1,1,1,2,1,1,1,2
3.68,3.7,0.6777777777777777,10,5,4,3,4,3,4,3,3,3,5
1.95,2.1,0.5444444444444445,10,3,2,2,1,2,2,3,3,2,1
2.42,2.4,0.48888888888888893,10,2,2,3,2,2,2,4,3,2,2
1.71,1.8,0.8444444444444446,10,3,3,1,1,2,2,1,1,1,3
1.41,1.2,0.17777777777777784,10,2,1,1,2,1,1,1,1,1,1
3.2,3.3,1.3444444444444443,10,4,5,4,3,5,3,3,2,2,2
2.2,1.8,0.17777777777777784,10,2,1,2,2,1,2,2,2,2,2
4.86,4.9,0.09999999999999999,10,5,5,5,5,5,5,5,5,5,4
4.01,4.1,0.7666666666666666,10,4,5,5,5,3,3,3,4,5,4
3.49,3.4,1.5999999999999999,10,4,4,4,5,4,1,4,2,4,2
4.49,4.4,0.4888888888888888,10,5,4,5,3,4,5,4,5,5,4
4.85,4.9,0.09999999999999998,10,5,5,4,5,5,5,5,5,5,5
4.279999999999999,4.0,0.6666666666666666,10,5,3,3,4,5,4,4,5,3,4
4.36,4.4,0.4888888888888888,10,5,5,5,3,4,4,4,5,4,5
1.37,1.6,0.7111111111111111,10,1,2,2,1,1,1,1,3,1,3
1.92,2.3,0.4555555555555555,10,3,2,3,1,2,2,3,2,2,3
4.93,5.0,0.0,10,5,5,5,5,5,5,5,5,5,5
1.06,1.0,0.0,10,1,1,1,1,1,1,1,1,1,1
1.32,1.5,0.5,10,1,2,2,1,1,3,1,2,1,1
1.1,1.0,0.0,10,1,1,1,1,1,1,1,1,1,1
4.0,4.3,0.4555555555555555,10,4,4,4,5,5,5,4,5,4,3
1.21,1.4,0.9333333333333333,10,1,1,4,1,1,1,1,2,1,1
2.93,3.0,1.5555555555555556,10,1,1,2,3,4,4,3,4,4,4
3.91,3.8,1.0666666666666669,10,2,3,5,4,3,5,4,3,4,5
3.97,3.8,1.0666666666666669,10,3,5,2,3,5,3,4,4,4,5
1.68,2.1,0.7666666666666666,10,2,2,2,4,3,2,2,2,1,1
3.24,3.3,0.4555555555555555,10,4,4,3,4,3,2,3,4,3,3
3.02,3.2,1.2888888888888888,10,5,3,4,3,3,2,4,1,4,3
3.52,3.4,1.822222222222222,10,4,4,4,5,2,1,5,2,3,4
4.1,4.2,0.39999999999999997,10,5,4,4,5,4,4,4,5,4,3
4.46,4.4,0.4888888888888888,10,4,5,4,5,3,4,4,5,5,5
4.5200000000000005,4.6,0.2666666666666667,10,5,4,4,4,5,5,5,5,4,5
4.89,5.0,0.0,10,5,5,5,5,5,5,5,5,5,5
2.26,2.3,0.8999999999999999,10,4,1,1,3,3,2,2,2,2,3
2.51,2.4,0.7111111111111112,10,2,3,2,3,4,2,2,3,2,1
1.47,1.4,0.2666666666666667,10,2,2,2,1,1,1,1,2,1,1
2.53,2.4,1.3777777777777778,10,4,1,2,3,2,1,1,3,4,3
2.85,3.2,1.0666666666666669,10,2,4,3,3,3,4,4,4,1,4
2.94,3.1,0.9888888888888889,10,3,5,3,2,2,2,3,4,4,3
3.12,3.0,1.5555555555555556,10,3,3,1,4,3,3,3,5,1,4
2.04,2.6,1.1555555555555554,10,2,2,3,2,5,2,2,2,4,2
1.86,1.4,0.2666666666666667,10,1,2,1,1,2,1,1,2,2,1
3.29,3.7,1.1222222222222222,10,4,5,4,5,3,3,3,3,2,5
2.84,3.0,0.6666666666666666,10,3,2,3,2,3,2,4,3,4,4
4.96,5.0,0.0,10,5,5,5,5,5,5,5,5,5,5
4.03,3.7,1.3444444444444443,10,4,5,4,4,3,1,3,4,5,4
1.5,2.0,1.1111111111111112,10,2,4,1,2,1,1,3,3,2,1
1.05,1.0,0.0,10,1,1,1,1,1,1,1,1,1,1
3.3600000000000003,3.3,0.8999999999999999,10,4,4,4,3,4,3,3,4,3,1
4.85,4.8,0.17777777777777773,10,4,5,5,5,4,5,5,5,5,5
3.14,3.1,0.5444444444444445,10,2,4,3,3,3,3,4,2,3,4
1.6,1.5,0.5,10,1,1,1,1,3,2,1,2,1,2
1.52,1.2,0.1777777777777778,10,1,1,2,1,1,1,1,2,1,1
3.73,3.5,0.9444444444444444,10,4,2,5,4,2,3,4,4,3,4
3.14,3.4,1.3777777777777778,10,3,5,2,4,3,4,2,2,4,5
4.32,4.4,0.2666666666666667,10,4,5,5,4,5,4,4,4,5,4
2.46,2.0,1.1111111111111112,10,1,2,4,1,1,2,3,2,1,3
3.73,4.0,0.8888888888888888,10,5,3,4,3,5,3,3,5,5,4
2.26,2.1,1.2111111111111112,10,1,2,1,4,3,3,1,1,2,3
1.67,1.9,1.655555555555556,10,1,5,1,1,1,2,3,2,2,1
3.68,3.9,0.9888888888888889,10,4,3,4,5,4,4,3,5,2,5
2.93,2.5,0.2777777777777778,10,2,3,2,2,2,3,3,2,3,3
4.35,4.0,1.1111111111111112,10,4,4,3,3,5,2,5,5,4,5
2.6,2.8,1.288888888888889,10,4,3,3,2,4,1,3,3,1,4
2.4,2.3,0.6777777777777777,10,2,2,3,1,3,2,2,2,2,4
4.720000000000001,4.9,0.09999999999999998,10,5,5,4,5,5,5,5,5,5,5
3.12,2.6,0.7111111111111112,10,3,3,2,4,3,2,2,3,3,1
2.55,1.9,0.5444444444444444,10,2,2,3,1,2,3,1,2,1,2
2.47,2.0,0.6666666666666666,10,2,1,2,4,2,2,1,2,2,2
1.02,1.1,0.09999999999999999,10,2,1,1,1,1,1,1,1,1,1
4.73,4.4,0.711111111111111,10,5,5,3,5,5,4,5,4,5,3
3.39,3.3,1.3444444444444443,10,4,3,3,2,3,2,5,2,5,4
1.89,1.5,0.5,10,1,2,2,2,1,3,1,1,1,1
1.03,1.0,0.0,10,1,1,1,1,1,1,1,1,1,1
4.42,4.3,0.4555555555555555,10,4,4,4,5,5,5,3,4,4,5
1.88,2.3,0.4555555555555555,10,2,3,2,2,1,3,2,3,3,2
4.04,4.1,0.5444444444444444,10,4,3,5,3,5,4,4,5,4,4
1.17,1.2,0.1777777777777778,10,1,1,1,1,2,1,1,2,1,1
2.06,2.2,0.6222222222222222,10,3,3,2,3,1,2,2,2,3,1
4.2,4.2,0.6222222222222222,10,5,3,5,4,4,4,5,4,3,5
3.26,4.0,0.4444444444444444,10,4,5,3,4,5,4,3,4,4,4
1.75,1.7,0.6777777777777778,10,2,3,1,2,1,3,1,2,1,1
2.3,2.4,1.1555555555555557,10,2,1,3,2,4,4,3,2,2,1
3.8,3.3,1.3444444444444443,10,3,3,4,3,4,2,4,5,4,1
4.24,4.1,0.5444444444444444,10,4,4,3,5,4,5,5,4,3,4
4.8,4.9,0.09999999999999998,10,5,5,5,5,4,5,5,5,5,5
1.69,1.5,0.2777777777777778,10,1,2,2,1,2,1,1,2,2,1
3.96,3.6,0.48888888888888904,10,3,4,3,3,5,4,4,3,3,4
2.02,2.1,0.9888888888888889,10,2,1,2,3,4,2,1,3,2,1
1.83,1.9,0.7666666666666665,10,1,1,2,3,1,3,2,3,1,2
2.51,3.4,0.9333333333333333,10,5,2,4,4,3,2,4,3,3,4
4.44,4.1,0.7666666666666666,10,4,3,3,3,4,5,5,5,4,5
4.24,4.4,0.711111111111111,10,5,5,5,3,5,3,4,4,5,5
3.32,3.2,1.066666666666667,10,3,1,4,4,3,3,5,3,3,3
4.74,4.8,0.17777777777777773,10,5,5,4,5,4,5,5,5,5,5
4.98,4.9,0.09999999999999998,10,5,5,4,5,5,5,5,5,5,5
1.79,1.8,1.066666666666667,10,2,3,2,1,2,4,1,1,1,1
3.14,2.9,0.7666666666666665,10,2,3,4,2,4,3,2,3,2,4
4.63,4.6,0.48888888888888893,10,5,4,5,5,5,5,5,5,4,3
4.76,4.8,0.17777777777777773,10,4,5,5,5,4,5,5,5,5,5
3.97,3.4,1.1555555555555557,10,5,4,3,4,1,4,3,3,4,3
4.42,4.4,0.4888888888888888,10,3,4,4,4,5,5,5,5,5,4
1.41,1.3,0.23333333333333334,10,2,1,2,1,2,1,1,1,1,1
1.98,2.0,0.4444444444444444,10,2,2,2,2,3,2,3,1,2,1
4.63,4.8,0.17777777777777773,10,5,5,5,4,5,5,5,5,5,4
2.16,1.8,0.6222222222222222,10,2,2,2,3,3,1,1,1,1,2
4.48,4.4,0.4888888888888888,10,4,5,3,5,5,4,5,4,5,4
2.49,2.9,1.4333333333333333,10,4,5,4,1,2,3,3,3,2,2
1.37,1.5,0.5,10,2,1,1,2,1,2,1,3,1,1
1.56,1.6,0.48888888888888904,10,3,1,1,1,2,1,1,2,2,2
1.92,2.0,0.4444444444444444,10,1,2,2,3,1,2,2,2,3,2
3.06,2.9,0.7666666666666665,10,3,2,3,5,3,3,3,3,2,2
3.52,3.5,0.9444444444444444,10,3,4,3,3,4,5,3,5,3,2
2.03,1.9,0.5444444444444445,10,1,1,2,3,2,2,2,3,1,2
1.02,1.1,0.09999999999999999,10,1,1,1,1,2,1,1,1,1,1
4.32,4.5,0.5,10,5,5,3,5,4,5,5,5,4,4
3.6,3.5,1.6111111111111112,10,3,2,2,4,3,2,5,5,5,4
1.35,1.3,0.23333333333333334,10,2,1,1,1,1,1,1,1,2,2
1.78,1.9,0.5444444444444444,10,2,3,2,1,2,2,3,1,2,1
4.29,4.3,0.6777777777777777,10,4,5,5,3,5,4,5,5,3,4
2.74,2.6,0.7111111111111112,10,3,3,3,2,2,4,1,2,3,3
2.92,2.9,1.6555555555555557,10,3,2,4,4,3,1,1,3,5,3
2.24,2.2,0.6222222222222222,10,1,2,1,3,3,2,2,3,2,3
3.98,4.3,0.4555555555555555,10,4,5,4,4,3,5,5,5,4,4
1.0699999999999998,1.0,0.0,10,1,1,1,1,1,1,1,1,1,1
2.22,2.3,0.4555555555555555,10,3,3,2,3,2,2,2,1,2,3
3.52,3.7,0.8999999999999999,10,3,4,3,3,5,4,2,5,4,4
4.5200000000000005,4.5,0.5,10,4,3,5,5,5,5,5,5,4,4
1.78,1.2,0.1777777777777778,10,1,1,1,1,1,2,1,1,2,1
2.54,2.6,1.1555555555555554,10,1,3,2,5,2,3,3,2,3,2
1.63,1.5,0.2777777777777778,10,1,1,2,2,2,2,1,1,1,2
1.87,2.2,0.17777777777777773,10,3,2,2,2,2,2,2,2,3,2
3.74,3.8,0.8444444444444444,10,5,4,4,4,3,4,4,3,2,5
2.12,2.3,1.3444444444444443,10,3,1,3,3,1,1,3,4,1,3
2.8600000000000003,3.0,0.8888888888888888,10,3,4,1,3,2,3,4,3,4,3
4.73,4.8,0.17777777777777773,10,5,4,5,5,5,5,5,4,5,5
4.05,4.5,0.2777777777777778,10,5,4,5,4,5,5,4,4,4,5
1.03,1.1,0.09999999999999999,10,1,1,2,1,1,1,1,1,1,1
1.87,2.2,0.8444444444444444,10,3,2,3,2,2,1,1,2,4,2
2.23,2.1,0.5444444444444443,10,3,2,3,2,3,1,1,2,2,2
4.34,4.3,0.4555555555555555,10,4,3,4,5,4,5,5,4,4,5
4.66,4.7,0.23333333333333334,10,5,5,5,5,4,5,4,5,4,5
1.58,1.6,0.7111111111111112,10,3,3,1,1,1,1,1,1,2,2
1.38,1.7,0.4555555555555555,10,2,1,2,1,2,1,1,2,3,2
2.54,2.7,0.6777777777777777,10,3,2,3,4,2,3,3,1,3,3
3.83,3.4,1.1555555555555557,10,3,4,3,3,2,5,4,3,5,2
1.42,1.4,0.48888888888888915,10,3,1,1,1,2,1,1,2,1,1
1.53,1.7,0.4555555555555556,10,1,2,1,2,1,2,2,3,1,2
1.64,1.5,0.2777777777777778,10,1,1,2,2,2,2,1,2,1,1
2.3,2.5,1.6111111111111112,10,3,1,3,3,3,5,1,3,1,2
3.81,4.2,0.6222222222222222,10,4,5,4,5,4,5,4,3,3,5
2.66,2.7,1.3444444444444443,10,3,2,1,2,2,3,2,4,5,3
4.49,4.7,0.23333333333333334,10,5,4,5,4,5,5,5,5,5,4
1.38,1.4,0.48888888888888893,10,1,2,1,1,1,1,3,1,1,2
4.99,5.0,0.0,10,5,5,5,5,5,5,5,5,5,5
4.73,4.6,0.4888888888888888,10,4,5,5,5,5,3,5,5,4,5
3.21,2.8,1.288888888888889,10,3,3,1,3,2,4,4,1,3,4
2.15,1.7,0.6777777777777777,10,2,1,1,3,2,1,1,2,3,1
1.1,1.1,0.09999999999999999,10,1,1,1,1,1,2,1,1,1,1
4.04,3.8,0.17777777777777773,10,3,4,4,4,4,4,4,4,4,3
1.15,1.0,0.0,10,1,1,1,1,1,1,1,1,1,1
4.38,4.3,0.23333333333333334,10,4,5,4,5,5,4,4,4,4,4
3.01,3.0,0.8888888888888888,10,3,4,5,2,2,3,3,3,3,2
3.47,3.3,0.4555555555555555,10,4,3,3,3,4,3,4,4,3,2
2.71,2.9,0.7666666666666665,10,2,4,3,4,2,3,3,2,4,2
4.220000000000001,3.6,1.3777777777777773,10,4,4,1,5,5,3,3,4,4,3
2.37,2.6,0.7111111111111112,10,3,2,3,3,2,1,3,2,3,4
3.51,2.8,0.6222222222222222,10,2,4,3,2,3,4,3,2,3,2
3.82,3.8,0.6222222222222222,10,4,4,5,4,4,3,3,3,3,5
3.63,3.4,0.9333333333333333,10,3,3,4,2,4,4,2,3,5,4
3.57,3.2,1.0666666666666669,10,2,2,4,3,4,5,3,4,3,2
2.98,3.0,1.3333333333333333,10,3,4,4,5,2,2,2,2,4,2
1.81,2.0,0.6666666666666666,10,3,3,1,2,2,3,1,2,2,1
3.58,3.8,0.8444444444444444,10,3,4,5,3,4,4,4,5,2,4
3.02,3.3,0.6777777777777777,10,3,3,2,5,3,4,3,3,4,3
4.1,3.7,1.5666666666666667,10,4,3,3,1,5,3,5,5,4,4
1.05,1.0,0.0,10,1,1,1,1,1,1,1,1,1,1
1.23,1.3,0.23333333333333334,10,2,1,2,2,1,1,1,1,1,1
3.98,4.4,0.2666666666666667,10,4,5,5,5,4,4,4,4,4,5
3.95,4.0,0.6666666666666666,10,3,5,3,4,5,5,4,4,4,3
2.69,2.7,0.6777777777777777,10,4,3,2,2,2,2,2,4,3,3
2.42,2.1,0.5444444444444444,10,2,3,2,1,3,2,2,1,3,2
4.05,4.2,0.39999999999999997,10,4,4,5,5,3,4,4,4,4,5
4.67,4.6,0.2666666666666667,10,4,5,4,4,5,5,5,5,4,5
4.82,4.9,0.09999999999999996,10,4,5,5,5,5,5,5,5,5,5
3.95,4.1,0.32222222222222213,10,4,4,3,5,4,4,4,5,4,4
1.69,1.3,0.23333333333333334,10,1,1,2,2,1,1,1,2,1,1
1.09,1.0,0.0,10,1,1,1,1,1,1,1,1,1,1
4.63,4.8,0.17777777777777773,10,4,5,5,5,5,5,5,5,5,4
4.54,4.7,0.4555555555555555,10,5,4,5,5,3,5,5,5,5,5
2.1,2.3,0.8999999999999999,10,2,1,3,3,1,3,3,1,3,3
4.66,4.7,0.23333333333333334,10,5,4,5,5,5,5,4,4,5,5
1.71,2.0,1.5555555555555556,10,3,2,5,1,1,1,1,2,2,2
1.05,1.0,0.0,10,1,1,1,1,1,1,1,1,1,1
3.65,4.4,0.2666666666666667,10,4,4,5,5,4,5,4,4,5,4
1.56,2.1,1.2111111111111112,10,3,3,1,2,4,1,1,1,3,2
4.6,4.7,0.23333333333333334,10,4,4,5,5,4,5,5,5,5,5
4.89,4.6,0.7111111111111109,10,5,5,5,5,3,5,5,3,5,5
4.93,5.0,0.0,10,5,5,5,5,5,5,5,5,5,5
2.49,2.5,0.7222222222222222,10,3,3,2,2,2,3,4,1,2,3
3.3600000000000003,3.6,1.3777777777777775,10,3,4,2,5,2,3,5,4,5,3
1.57,2.1,0.9888888888888887,10,2,1,1,3,1,2,3,4,2,2
2.38,2.3,0.6777777777777777,10,3,3,3,1,3,2,2,1,3,2
1.92,2.1,0.7666666666666666,10,2,3,1,2,4,2,1,2,2,2
1.48,1.5,0.7222222222222222,10,1,1,1,1,3,3,1,2,1,1
4.5,4.2,1.0666666666666669,10,4,2,5,4,5,5,4,5,3,5
1.55,1.6,0.48888888888888904,10,1,2,3,2,1,1,2,1,1,2
2.26,2.7,0.8999999999999999,10,3,5,3,3,2,2,2,2,2,3
3.97,4.5,0.9444444444444444,10,5,4,5,4,5,5,5,5,2,5
3.09,2.2,0.6222222222222222,10,3,3,3,1,2,2,3,2,1,2
2.69,2.4,1.3777777777777775,10,2,1,3,4,1,2,4,3,3,1
1.44,1.3,0.23333333333333334,10,2,1,2,2,1,1,1,1,1,1
3.14,2.9,0.5444444444444445,10,2,3,4,3,3,3,2,4,3,2
4.0,3.6,1.822222222222222,10,3,2,5,1,5,4,3,5,4,4
2.27,2.6,2.2666666666666666,10,4,3,3,4,1,1,1,1,3,5
4.42,4.2,0.39999999999999997,10,4,3,4,4,5,4,4,5,4,5
1.43,1.5,0.5,10,1,1,3,1,2,2,2,1,1,1
2.2,2.5,0.5,10,3,2,2,2,2,2,2,4,3,3
4.76,4.9,0.09999999999999998,10,5,5,5,4,5,5,5,5,5,5
1.03,1.0,0.0,10,1,1,1,1,1,1,1,1,1,1
1.62,1.5,0.2777777777777778,10,2,2,1,2,1,1,1,2,2,1
3.53,3.5,0.2777777777777778,10,3,3,4,4,3,3,4,4,3,4
4.5200000000000005,4.7,0.4555555555555555,10,5,5,5,5,5,4,5,5,3,5
3.3600000000000003,3.2,0.6222222222222222,10,4,3,4,4,4,3,2,3,2,3
4.3100000000000005,4.5,0.5,10,5,3,5,4,5,5,4,4,5,5
2.55,2.7,0.4555555555555555,10,3,4,3,2,3,3,2,3,2,2
1.32,1.3,0.23333333333333334,10,2,1,1,1,1,2,1,1,1,2
1.67,1.6,0.48888888888888904,10,3,2,1,1,1,1,2,2,1,2
1.1800000000000002,1.1,0.09999999999999999,10,1,1,1,1,1,2,1,1,1,1
3.16,3.0,1.5555555555555556,10,3,2,4,1,2,3,5,2,4,4
4.94,4.9,0.09999999999999998,10,5,5,4,5,5,5,5,5,5,5
4.68,4.9,0.09999999999999999,10,5,5,5,5,5,5,5,4,5,5
4.14,4.1,0.3222222222222222,10,4,4,4,4,4,5,3,4,4,5
4.0600000000000005,4.5,0.5,10,5,5,4,3,4,5,4,5,5,5
4.9,5.0,0.0,10,5,5,5,5,5,5,5,5,5,5
1.56,2.1,1.2111111111111112,10,1,1,3,3,2,2,4,1,1,3
3.67,3.6,1.5999999999999999,10,3,1,4,3,3,5,5,4,5,3
2.82,2.2,1.9555555555555557,10,2,2,3,1,1,1,4,2,1,5
1.54,1.4,0.2666666666666667,10,1,1,1,2,2,2,2,1,1,1
4.23,4.4,0.48888888888888893,10,5,4,5,5,4,4,4,3,5,5
1.58,1.9,0.7666666666666665,10,1,3,1,1,3,2,1,2,3,2
1.06,1.0,0.0,10,1,1,1,1,1,1,1,1,1,1
1.1800000000000002,1.1,0.09999999999999999,10,2,1,1,1,1,1,1,1,1,1
4.02,4.3,0.4555555555555555,10,5,4,5,5,4,3,5,4,4,4
4.18,4.3,0.4555555555555555,10,3,5,5,4,5,4,5,4,4,4
4.6,4.3,0.23333333333333334,10,4,5,4,4,5,4,4,4,4,5
4.86,4.6,0.4888888888888887,10,5,3,5,5,4,5,5,5,4,5
1.14,1.4,0.2666666666666667,10,1,1,2,2,2,1,2,1,1,1
3.04,2.4,0.9333333333333333,10,3,2,3,3,2,1,1,3,2,4
4.43,4.6,0.26666666666666666,10,5,4,5,5,4,4,5,5,5,4
2.2,2.4,0.9333333333333336,10,3,1,4,3,3,2,1,2,3,2
1.97,2.2,0.6222222222222222,10,2,3,2,2,1,2,3,1,3,3
3.04,3.3,1.1222222222222222,10,4,2,4,4,4,2,5,2,3,3
4.2700000000000005,4.7,0.23333333333333334,10,5,5,4,4,5,5,5,4,5,5
3.92,4.0,0.6666666666666666,10,5,5,4,4,4,4,3,5,3,3
4.3100000000000005,4.4,0.48888888888888893,10,4,5,5,5,5,4,4,4,5,3
1.77,2.0,0.6666666666666666,10,2,3,3,1,1,3,1,2,2,2
4.29,4.1,0.3222222222222222,10,4,5,4,4,4,4,5,4,3,4
4.44,4.4,0.9333333333333331,10,4,5,2,5,5,5,5,4,4,5
4.75,5.0,0.0,10,5,5,5,5,5,5,5,5,5,5
4.12,4.5,0.5,10,5,5,5,4,5,5,3,4,5,4
2.69,2.6,1.1555555555555557,10,3,2,1,3,3,4,1,2,4,3
2.27,2.6,0.2666666666666667,10,3,3,2,2,3,3,2,3,2,3
2.54,2.3,0.8999999999999999,10,2,1,1,3,2,2,4,3,3,2
4.8100000000000005,4.6,0.2666666666666667,10,4,5,4,4,5,5,5,5,5,4
3.23,2.9,1.4333333333333331,10,4,4,3,2,1,2,3,2,3,5
2.6100000000000003,1.7,0.4555555555555555,10,2,1,2,2,1,1,1,2,2,3
2.3,2.2,0.8444444444444444,10,1,2,3,2,3,4,2,1,2,2
1.48,1.6,0.48888888888888893,10,1,1,1,2,2,2,1,2,3,1
2.43,2.7,0.4555555555555555,10,2,4,3,3,2,2,3,2,3,3
4.73,5.0,0.0,10,5,5,5,5,5,5,5,5,5,5
2.13,2.3,0.8999999999999999,10,2,1,3,2,4,2,1,3,2,3
3.91,4.2,1.0666666666666669,10,4,2,4,4,5,5,5,5,3,5
4.779999999999999,4.7,0.23333333333333334,10,5,4,5,5,5,5,5,4,4,5
3.35,3.5,1.3888888888888888,10,4,4,5,2,4,4,2,5,3,2
1.27,1.4,0.48888888888888893,10,1,2,1,1,2,1,1,1,1,3
4.9,5.0,0.0,10,5,5,5,5,5,5,5,5,5,5
4.64,4.7,0.23333333333333334,10,5,4,5,4,4,5,5,5,5,5
2.69,2.9,0.7666666666666666,10,2,3,3,4,3,3,1,3,3,4
1.57,1.6,0.48888888888888904,10,3,1,1,1,1,2,1,2,2,2
1.12,1.1,0.1,10,1,1,1,1,1,1,1,1,1,2
1.41,1.5,0.5,10,1,1,2,2,1,1,2,1,3,1
4.58,4.8,0.17777777777777776,10,5,5,5,5,5,5,5,5,4,4
3.24,3.2,1.0666666666666669,10,4,5,3,4,2,4,3,2,3,2
2.47,2.8,0.39999999999999997,10,3,2,3,2,3,3,2,3,4,3
1.48,1.2,0.1777777777777778,10,1,1,2,1,1,1,2,1,1,1
2.17,1.7,0.8999999999999998,10,1,1,1,1,4,2,2,2,1,2
2.36,2.2,0.8444444444444444,10,3,3,4,2,1,2,2,2,1,2
4.65,4.7,0.4555555555555555,10,4,5,3,5,5,5,5,5,5,5
4.0600000000000005,4.2,0.39999999999999997,10,4,5,4,4,4,5,5,3,4,4
1.38,1.3,0.45555555555555544,10,3,1,1,1,1,1,2,1,1,1
1.12,1.0,0.0,10,1,1,1,1,1,1,1,1,1,1
1.48,1.4,0.48888888888888893,10,1,1,1,1,1,1,2,1,3,2
3.1,2.5,0.9444444444444444,10,4,1,3,2,3,3,3,2,3,1
2.16,2.1,0.5444444444444444,10,1,2,1,3,2,3,2,3,2,2
1.94,2.5,1.3888888888888888,10,3,2,1,2,2,5,3,1,3,3
2.07,1.8,0.8444444444444446,10,1,2,2,1,3,3,1,1,3,1
1.9,1.8,0.4000000000000001,10,1,2,2,2,2,2,1,3,2,1
1.41,1.3,0.23333333333333334,10,1,2,1,1,1,1,1,2,1,2
2.19,2.3,1.3444444444444443,10,2,2,1,3,2,5,2,3,2,1
3.07,3.6,1.3777777777777775,10,5,3,4,4,1,4,3,4,3,5
2.22,2.1,0.5444444444444444,10,2,1,2,2,1,2,2,3,3,3
1.86,1.9,0.5444444444444444,10,2,2,2,2,2,1,1,1,3,3
3.37,4.1,0.9888888888888887,10,2,5,5,4,3,4,4,4,5,5
1.94,1.7,0.6777777777777777,10,1,3,1,2,1,1,2,2,1,3
2.76,2.5,1.1666666666666667,10,2,1,3,4,2,1,3,2,3,4
3.92,4.4,0.48888888888888893,10,5,5,5,4,5,4,4,4,3,5
2.83,2.7,0.4555555555555555,10,2,3,3,2,3,3,2,4,2,3
1.39,1.4,0.48888888888888915,10,3,1,1,1,1,1,1,2,2,1
4.0,4.0,0.8888888888888888,10,4,5,2,4,4,4,5,3,4,5
4.99,5.0,0.0,10,5,5,5,5,5,5,5,5,5,5
3.18,3.8,0.17777777777777773,10,3,4,4,4,4,4,4,3,4,4
3.98,4.1,0.9888888888888889,10,5,4,5,4,4,5,5,2,3,4
1.0699999999999998,1.0,0.0,10,1,1,1,1,1,1,1,1,1,1
3.98,3.7,0.4555555555555555,10,3,4,4,5,4,4,3,4,3,3
1.53,1.4,0.48888888888888915,10,3,1,1,1,2,1,2,1,1,1
4.61,4.2,0.8444444444444444,10,5,4,4,4,4,4,2,5,5,5
1.83,2.0,0.6666666666666666,10,3,1,2,1,3,2,1,2,3,2
1.64,1.6,0.48888888888888893,10,2,1,1,1,2,2,3,1,2,1
4.03,3.5,1.1666666666666667,10,3,4,4,2,3,4,5,5,3,2
3.76,3.1,0.9888888888888889,10,4,3,4,4,3,1,2,3,4,3
3.7,3.5,0.7222222222222222,10,2,3,5,4,4,3,3,3,4,4
4.279999999999999,4.6,0.2666666666666667,10,4,4,5,5,5,4,5,5,4,5
2.3,2.2,1.2888888888888892,10,1,3,1,2,4,4,1,2,2,2
2.6100000000000003,3.1,1.4333333333333336,10,3,3,2,1,5,2,3,4,4,4
3.45,3.6,1.5999999999999996,10,1,5,5,5,3,4,4,3,3,3
2.69,3.2,1.2888888888888894,10,1,5,4,4,3,3,3,3,2,4
2.06,2.2,1.0666666666666667,10,2,2,3,4,1,3,1,3,1,2
2.29,2.1,0.7666666666666665,10,3,1,3,3,1,3,2,2,2,1
3.3600000000000003,3.3,0.6777777777777777,10,4,3,4,4,3,4,4,3,2,2
4.17,4.1,0.9888888888888887,10,4,5,4,2,5,4,5,4,3,5
2.6,2.5,1.6111111111111112,10,2,3,2,2,3,1,2,4,5,1
2.71,2.6,1.1555555555555557,10,1,3,2,2,3,5,3,2,3,2
3.95,4.0,0.6666666666666666,10,4,5,4,4,4,3,5,5,3,3
5.0,5.0,0.0,10,5,5,5,5,5,5,5,5,5,5
4.87,4.6,0.4888888888888888,10,5,5,5,4,5,5,3,4,5,5
3.49,3.9,1.8777777777777784,10,3,1,4,5,3,3,5,5,5,5
4.74,4.9,0.09999999999999999,10,5,5,5,5,5,5,5,5,4,5
2.47,2.2,1.288888888888889,10,2,3,2,1,4,2,1,2,4,1
1.6,1.5,0.2777777777777778,10,1,1,1,2,2,1,2,1,2,2
3.48,3.9,0.5444444444444444,10,5,3,5,4,4,3,4,3,4,4
4.45,4.5,0.2777777777777778,10,5,5,4,4,5,5,5,4,4,4
4.25,4.4,0.4888888888888888,10,3,5,4,4,4,5,5,5,5,4
4.39,4.1,0.7666666666666666,10,5,4,3,5,5,4,3,4,3,5
1.57,1.3,0.23333333333333334,10,1,1,1,2,2,1,1,2,1,1
4.84,4.8,0.17777777777777776,10,5,5,5,5,5,4,5,4,5,5
2.51,2.5,1.3888888888888888,10,3,3,3,3,2,2,2,5,1,1
4.55,4.2,0.39999999999999997,10,4,4,5,4,4,4,3,5,4,5
2.8,3.2,0.8444444444444444,10,4,3,3,2,3,3,3,5,4,2
1.38,1.3,0.23333333333333334,10,1,1,1,1,1,1,2,2,1,2
2.69,2.7,1.1222222222222222,10,1,2,4,2,4,3,4,2,3,2
4.79,5.0,0.0,10,5,5,5,5,5,5,5,5,5,5
2.17,2.6,1.3777777777777775,10,4,4,1,1,2,3,2,3,4,2
3.7,3.9,0.5444444444444444,10,4,5,4,4,3,4,4,3,5,3
1.22,1.2,0.17777777777777784,10,2,1,1,1,1,2,1,1,1,1
1.84,2.1,0.9888888888888889,10,2,2,4,3,2,1,2,1,1,3
1.45,1.3,0.45555555555555544,10,1,2,3,1,1,1,1,1,1,1
4.63,4.7,0.23333333333333334,10,4,5,4,5,5,5,5,4,5,5
1.09,1.0,0.0,10,1,1,1,1,1,1,1,1,1,1
4.58,4.8,0.17777777777777776,10,5,5,5,5,5,5,5,4,4,5
3.19,3.5,0.7222222222222222,10,2,4,3,3,4,5,3,4,4,3
2.31,2.7,0.6777777777777777,10,3,3,3,3,3,1,2,3,2,4
4.02,4.5,0.5,10,5,5,5,5,5,4,4,3,5,4
4.37,4.3,0.6777777777777777,10,4,5,5,5,3,5,4,3,5,4
2.26,2.4,1.1555555555555557,10,3,2,2,2,1,4,1,2,4,3
1.25,1.1,0.09999999999999999,10,1,2,1,1,1,1,1,1,1,1
3.64,4.0,0.6666666666666666,10,4,3,4,5,4,5,4,3,5,3
2.63,2.7,1.3444444444444443,10,1,2,1,4,2,3,4,3,4,3
3.64,3.5,0.9444444444444444,10,3,4,3,3,4,5,5,3,3,2
4.48,4.8,0.39999999999999997,10,5,5,5,5,5,5,5,3,5,5
4.62,4.5,0.5,10,3,5,5,5,5,5,4,5,4,4
1.46,1.4,0.48888888888888893,10,2,1,1,1,2,1,3,1,1,1
1.86,1.9,0.5444444444444444,10,2,3,1,2,1,3,2,2,2,1
4.76,4.8,0.17777777777777773,10,5,4,5,4,5,5,5,5,5,5
2.69,2.5,1.1666666666666667,10,1,3,1,4,3,2,2,2,4,3
2.73,2.3,1.3444444444444443,10,2,2,5,1,2,3,1,2,2,3
2.34,2.4,1.3777777777777778,10,3,2,1,1,2,3,5,2,3,2
4.779999999999999,5.0,0.0,10,5,5,5,5,5,5,5,5,5,5
4.59,4.5,0.2777777777777778,10,4,4,5,5,4,5,5,4,4,5
3.68,3.7,1.1222222222222222,10,5,3,4,2,4,2,4,5,4,4
1.72,1.4,0.48888888888888904,10,1,2,1,1,1,3,2,1,1,1
1.99,1.7,0.6777777777777778,10,1,2,1,2,2,1,3,3,1,1
3.82,3.7,0.8999999999999999,10,4,4,4,2,5,3,5,3,3,4
2.16,2.0,0.2222222222222222,10,2,2,3,2,2,2,2,2,1,2
3.37,3.6,0.9333333333333336,10,4,4,2,3,4,5,4,2,4,4
1.76,1.4,0.2666666666666667,10,2,1,1,1,2,2,2,1,1,1
2.15,1.8,1.066666666666667,10,3,2,2,2,4,1,1,1,1,1
2.31,2.0,0.8888888888888888,10,2,1,1,1,2,3,3,3,3,1
3.55,3.5,0.2777777777777778,10,3,3,3,4,4,4,3,4,3,4
4.37,4.3,0.4555555555555555,10,4,5,3,4,4,5,4,5,5,4
3.02,2.8,1.0666666666666667,10,3,4,2,3,2,2,2,2,3,5
2.74,3.3,1.788888888888889,10,4,2,5,2,3,3,1,4,4,5
2.54,2.3,0.6777777777777777,10,1,2,2,3,3,3,3,1,3,2
4.09,3.7,0.6777777777777777,10,4,2,4,5,4,4,3,3,4,4
1.08,1.0,0.0,10,1,1,1,1,1,1,1,1,1,1
3.98,3.8,0.8444444444444444,10,4,4,4,3,5,4,3,5,2,4
2.59,2.7,0.8999999999999999,10,3,4,4,2,2,3,2,3,1,3
4.55,4.6,0.4888888888888888,10,5,5,5,4,5,4,3,5,5,5
2.81,3.3,0.6777777777777777,10,3,3,4,4,2,4,4,2,4,3
1.4,1.3,0.23333333333333334,10,1,1,1,2,2,2,1,1,1,1
3.15,3.6,0.7111111111111112,10,3,4,4,4,3,2,3,4,5,4
2.02,2.0,0.6666666666666666,10,2,3,2,1,2,1,2,1,3,3
2.88,3.5,0.7222222222222222,10,3,4,4,3,4,3,2,5,3,4
3.09,3.0,1.3333333333333333,10,4,3,5,3,2,2,4,3,1,3
4.91,4.8,0.17777777777777773,10,5,4,5,5,5,5,4,5,5,5
3.31,3.6,1.1555555555555557,10,5,2,4,4,4,2,3,4,5,3
2.62,3.0,1.3333333333333333,10,4,4,2,4,3,2,4,2,1,4
1.94,2.1,0.9888888888888889,10,4,2,1,2,3,2,2,1,1,3
4.43,4.6,0.2666666666666667,10,4,4,5,5,4,5,5,5,4,5
4.44,4.2,0.6222222222222222,10,4,4,4,5,5,3,3,5,4,5
1.89,1.9,0.3222222222222223,10,2,3,2,1,2,2,2,2,1,2
2.51,2.7,0.4555555555555555,10,3,3,4,3,2,2,2,2,3,3
1.42,1.7,0.45555555555555544,10,1,3,1,2,1,2,2,2,1,2
1.97,2.4,1.1555555555555557,10,2,2,2,4,1,3,3,4,2,1
1.15,1.2,0.17777777777777778,10,1,1,1,1,1,1,2,1,1,2
4.779999999999999,4.9,0.09999999999999998,10,5,5,4,5,5,5,5,5,5,5
4.45,4.5,0.2777777777777778,10,5,4,4,4,5,5,4,5,4,5
1.43,1.3,0.23333333333333334,10,1,1,1,1,2,1,1,1,2,2
1.93,1.7,0.6777777777777777,10,2,1,2,1,3,1,1,2,3,1
2.6100000000000003,3.5,0.9444444444444444,10,5,3,4,4,2,4,3,4,4,2
1.53,1.1,0.09999999999999999,10,1,1,2,1,1,1,1,1,1,1
4.01,4.2,0.17777777777777773,10,4,5,4,4,4,4,4,4,4,5
4.35,4.5,0.2777777777777778,10,5,5,4,5,4,5,5,4,4,4
2.14,2.2,0.6222222222222222,10,3,3,3,3,2,1,2,1,2,2
1.61,1.5,0.5,10,1,3,2,2,1,1,1,1,2,1
4.7,4.6,0.4888888888888888,10,5,5,5,4,3,4,5,5,5,5
4.69,4.4,0.48888888888888893,10,5,5,4,5,5,4,4,5,3,4
1.45,1.4,0.2666666666666667,10,2,1,1,1,2,1,1,2,1,2
2.08,2.9,0.9888888888888889,10,1,4,3,3,3,4,3,4,2,2
2.98,3.4,1.822222222222222,10,3,3,3,2,5,5,3,4,5,1
3.8,3.4,1.1555555555555554,10,4,4,2,5,2,4,3,4,4,2
1.71,1.8,0.4,10,2,2,2,2,2,1,1,2,3,1
1.63,2.0,0.6666666666666666,10,2,1,2,2,3,3,1,1,2,3
1.59,1.6,0.48888888888888904,10,3,2,1,2,1,1,2,1,1,2
1.56,1.5,0.2777777777777778,10,1,1,1,1,1,2,2,2,2,2
3.46,3.3,0.8999999999999999,10,3,2,2,4,4,3,3,4,3,5
1.24,1.2,0.1777777777777778,10,1,1,1,2,2,1,1,1,1,1
2.57,2.8,0.8444444444444444,10,3,2,3,3,2,1,3,4,4,3
4.18,4.3,0.4555555555555555,10,4,4,5,4,4,4,5,5,5,3
3.63,3.3,0.8999999999999999,10,3,3,3,1,4,4,4,4,3,4
3.27,3.4,0.7111111111111112,10,4,4,2,4,4,4,2,3,4,3
5.0,5.0,0.0,10,5,5,5,5,5,5,5,5,5,5
3.59,3.8,0.39999999999999997,10,4,4,4,3,4,3,4,4,5,3
4.3,3.8,0.6222222222222222,10,4,4,5,2,4,3,4,4,4,4
3.53,3.5,1.6111111111111112,10,5,5,5,3,4,2,2,3,2,4
2.41,2.5,1.6111111111111112,10,2,3,1,4,4,2,1,4,3,1
2.62,2.0,0.6666666666666666,10,3,2,2,2,3,2,1,1,1,3
2.76,2.7,0.4555555555555555,10,2,3,3,3,3,3,2,4,2,2
3.49,3.3,0.8999999999999999,10,5,3,3,2,4,3,4,3,2,4
4.83,4.8,0.17777777777777776,10,5,5,5,5,5,5,4,4,5,5
1.67,1.7,0.23333333333333334,10,1,2,1,2,2,2,2,2,1,2
4.64,4.7,0.4555555555555555,10,5,3,4,5,5,5,5,5,5,5
2.92,3.5,0.5,10,3,3,4,3,4,3,3,4,5,3
3.75,4.2,0.6222222222222222,10,3,5,4,4,5,4,3,5,4,5
2.35,2.6,2.0444444444444447,10,3,2,5,2,2,2,3,1,5,1
4.89,4.7,0.4555555555555555,10,4,3,5,5,5,5,5,5,5,5
2.98,3.0,0.6666666666666666,10,4,3,2,2,3,2,4,3,3,4
3.19,3.0,0.2222222222222222,10,3,3,3,3,3,4,2,3,3,3
2.46,2.4,1.155555555555556,10,3,3,2,1,4,1,2,2,2,4
4.12,4.1,0.32222222222222213,10,4,3,5,4,5,4,4,4,4,4
2.03,2.2,1.5111111111111113,10,3,1,4,2,4,1,3,2,1,1
4.61,4.5,0.5,10,5,5,3,5,4,5,4,4,5,5
1.76,2.1,1.4333333333333336,10,2,2,2,1,1,2,5,1,2,3
2.23,2.0,0.8888888888888888,10,3,2,3,1,3,1,2,3,1,1
1.84,2.1,0.7666666666666666,10,2,2,4,2,2,1,1,3,2,2
4.54,4.3,0.4555555555555555,10,4,4,4,5,5,3,4,5,4,5
1.61,1.3,0.45555555555555544,10,1,3,1,1,1,2,1,1,1,1
4.37,4.4,0.4888888888888888,10,3,5,4,5,5,4,5,4,4,5
2.77,3.4,0.48888888888888904,10,4,2,3,4,4,4,4,3,3,3
2.84,3.6,0.7111111111111112,10,3,4,4,2,5,4,3,4,4,3
3.91,4.1,0.7666666666666666,10,3,4,5,3,5,5,3,5,4,4
4.33,3.7,0.4555555555555555,10,4,4,4,2,4,4,4,4,4,3
4.74,3.9,1.2111111111111112,10,4,4,4,1,4,5,5,4,4,4
2.2,2.0,0.8888888888888888,10,4,2,1,3,1,2,2,1,2,2
2.45,2.3,0.8999999999999999,10,2,1,2,2,3,3,1,2,3,4
1.66,1.7,0.45555555555555544,10,1,3,2,2,2,2,1,2,1,1
4.66,4.9,0.09999999999999999,10,5,5,5,5,5,5,5,4,5,5
2.82,2.6,0.9333333333333336,10,3,1,1,3,3,3,3,3,2,4
4.65,4.6,0.26666666666666666,10,5,4,5,5,5,4,5,5,4,4
2.02,2.0,0.6666666666666666,10,1,3,3,2,2,2,2,1,3,1
3.14,2.3,0.4555555555555555,10,2,2,2,2,2,3,4,2,2,2
1.72,1.5,0.5,10,3,1,2,1,1,1,2,2,1,1
1.7,2.0,0.8888888888888888,10,3,3,1,1,2,3,2,3,1,1
3.02,3.4,0.9333333333333336,10,5,3,4,4,2,3,4,2,4,3
1.51,1.2,0.1777777777777778,10,1,1,1,2,1,1,2,1,1,1
3.92,3.9,0.5444444444444445,10,4,3,5,4,4,3,4,5,4,3
2.4,2.2,1.0666666666666669,10,2,4,2,2,2,4,1,2,2,1
2.75,3.0,0.6666666666666666,10,3,3,2,3,4,4,2,2,3,4
3.76,3.6,1.3777777777777778,10,3,5,5,3,5,2,4,3,2,4
1.91,1.8,1.288888888888889,10,3,1,1,2,3,1,4,1,1,1
1.58,1.7,0.4555555555555555,10,2,1,2,2,1,1,3,2,2,1
4.32,3.9,0.9888888888888889,10,4,5,3,4,3,5,2,4,4,5
1.47,1.3,0.23333333333333334,10,1,1,1,1,2,2,2,1,1,1
3.8,3.9,1.2111111111111112,10,4,3,2,5,5,5,3,3,4,5
2.75,2.7,0.8999999999999999,10,2,2,3,3,2,4,4,3,3,1
4.21,4.3,0.6777777777777777,10,4,4,3,5,5,5,5,3,4,5
4.8,4.8,0.39999999999999997,10,5,5,5,5,5,5,5,3,5,5
1.38,1.6,0.2666666666666667,10,1,2,1,2,2,2,1,2,2,1
4.3100000000000005,4.1,0.7666666666666666,10,5,3,5,5,3,3,4,4,4,5
3.48,2.9,1.2111111111111112,10,4,3,4,2,3,2,4,4,2,1
3.74,3.3,0.8999999999999999,10,2,3,2,4,4,3,4,5,3,3
1.21,1.1,0.1,10,1,1,1,1,1,1,1,1,2,1
3.68,4.1,0.5444444444444444,10,4,5,5,5,4,4,3,4,4,3
1.25,1.3,0.23333333333333334,10,1,1,1,1,1,1,1,2,2,2
4.36,4.5,0.5,10,4,5,5,5,5,5,4,4,3,5
1.27,1.4,0.2666666666666667,10,1,1,2,2,2,2,1,1,1,1
4.58,4.6,0.26666666666666666,10,5,4,5,4,5,4,4,5,5,5
3.66,4.0,0.8888888888888888,10,5,4,5,4,5,4,2,4,3,4
1.24,1.4,0.48888888888888893,10,1,1,1,2,2,1,1,3,1,1
5.0,5.0,0.0,10,5,5,5,5,5,5,5,5,5,5
4.15,3.9,0.9888888888888889,10,4,5,5,4,3,5,3,4,4,2
2.3,2.4,0.7111111111111112,10,3,1,3,3,3,3,2,3,2,1
4.82,4.9,0.09999999999999999,10,5,5,5,5,5,5,5,4,5,5
3.13,3.2,1.0666666666666667,10,2,2,3,4,3,4,2,4,5,3
4.04,3.6,0.48888888888888893,10,3,4,3,4,4,3,4,3,5,3
1.29,1.1,0.1,10,1,1,1,1,1,1,1,1,2,1
2.1,1.7,0.4555555555555555,10,2,1,2,1,2,2,3,1,1,2
4.21,4.3,0.4555555555555555,10,4,5,4,5,5,4,3,4,4,5
1.69,1.6,0.2666666666666667,10,1,2,1,2,1,1,2,2,2,2
4.779999999999999,4.8,0.17777777777777776,10,5,5,5,5,5,5,5,4,5,4
4.529999999999999,4.5,0.9444444444444444,10,5,5,5,4,5,5,5,4,5,2
1.47,1.5,0.2777777777777778,10,1,1,2,2,1,2,2,1,2,1
3.86,3.6,1.3777777777777778,10,5,3,5,4,4,4,3,1,4,3
3.53,3.7,0.6777777777777777,10,4,2,4,4,4,4,3,5,4,3
2.53,2.9,0.9888888888888889,10,3,3,3,3,4,2,1,2,4,4
1.24,1.3,0.23333333333333334,10,1,2,2,1,1,1,1,1,1,2
2.26,2.3,0.23333333333333334,10,2,3,2,2,3,2,2,2,3,2
2.93,2.9,1.4333333333333333,10,2,3,4,1,2,2,3,5,4,3
1.79,1.4,0.7111111111111114,10,1,3,1,1,1,1,1,3,1,1
3.27,3.4,0.9333333333333333,10,4,3,4,4,3,2,3,2,4,5
3.87,4.0,0.4444444444444444,10,4,4,3,5,5,4,4,4,3,4
3.59,3.7,0.4555555555555555,10,4,4,3,3,4,3,4,5,3,4
4.65,4.8,0.17777777777777773,10,4,5,5,5,5,5,5,5,4,5
1.5,1.7,0.6777777777777778,10,2,3,1,1,3,1,1,2,1,2
4.2700000000000005,4.8,0.17777777777777773,10,5,4,5,5,5,4,5,5,5,5
1.15,1.2,0.17777777777777778,10,1,1,1,1,1,1,1,1,2,2
4.55,4.2,0.39999999999999997,10,4,3,4,5,4,5,4,4,5,4
2.8600000000000003,2.9,0.9888888888888887,10,2,3,5,3,3,3,2,2,2,4
3.28,3.3,1.788888888888889,10,5,2,4,1,2,4,3,3,5,4
1.99,2.1,0.9888888888888889,10,2,3,1,4,2,1,2,3,2,1
4.58,4.4,0.2666666666666667,10,5,4,4,5,5,4,4,4,4,5
1.35,1.4,0.48888888888888893,10,2,2,1,1,1,1,1,1,1,3
2.59,2.7,1.3444444444444443,10,4,3,2,4,3,3,2,1,1,4
4.46,4.8,0.17777777777777773,10,5,4,5,4,5,5,5,5,5,5
3.78,4.0,0.6666666666666666,10,4,3,5,4,3,5,3,5,4,4
3.82,3.8,0.8444444444444444,10,3,3,3,3,3,5,5,4,5,4
3.8,3.7,0.4555555555555555,10,4,5,3,4,3,3,3,4,4,4
4.79,4.7,0.4555555555555555,10,5,5,5,5,5,5,5,4,3,5
1.31,1.3,0.4555555555555555,10,1,2,1,1,1,3,1,1,1,1
3.3600000000000003,2.9,0.9888888888888889,10,3,2,3,2,5,4,3,2,2,3
2.94,3.0,0.8888888888888888,10,3,4,5,3,2,3,2,3,3,2
3.75,3.5,1.6111111111111112,10,3,2,4,4,4,3,5,5,4,1
1.86,1.8,0.4000000000000001,10,1,2,2,2,1,3,2,1,2,2
4.29,4.0,0.8888888888888888,10,5,2,4,5,5,4,4,4,4,3
4.49,4.5,0.5,10,5,3,5,5,4,5,5,5,4,4
3.34,3.8,0.17777777777777773,10,4,4,3,3,4,4,4,4,4,4
3.3600000000000003,3.6,1.1555555555555557,10,2,5,2,3,3,4,4,4,4,5
2.43,2.5,1.1666666666666667,10,1,2,1,2,4,3,4,3,3,2
3.89,3.5,0.9444444444444444,10,3,5,3,3,5,4,3,3,2,4
4.07,4.1,0.7666666666666666,10,5,4,4,3,5,5,5,4,3,3
2.53,2.6,1.1555555555555554,10,3,2,4,2,2,1,2,4,2,4
3.7,3.6,1.6,10,4,1,4,5,5,2,4,4,3,4
1.3,1.4,0.2666666666666667,10,2,1,1,2,1,2,1,1,2,1
2.41,2.4,1.3777777777777778,10,3,1,3,5,1,2,3,2,2,2
3.3600000000000003,3.8,0.39999999999999997,10,4,5,3,4,4,4,4,3,4,3
1.48,1.2,0.1777777777777778,10,1,1,2,1,1,2,1,1,1,1
1.0699999999999998,1.2,0.4,10,1,1,1,1,1,1,1,1,1,3
4.3100000000000005,4.5,0.2777777777777778,10,5,4,5,4,5,5,4,4,5,4
4.89,4.9,0.09999999999999999,10,5,5,5,5,5,5,5,5,5,4
2.35,2.4,0.48888888888888904,10,2,3,1,3,3,3,2,3,2,2
3.12,2.6,1.3777777777777775,10,1,3,2,1,2,4,3,2,4,4
1.39,1.4,0.2666666666666667,10,1,1,2,1,2,2,1,1,2,1
1.94,2.2,1.288888888888889,10,2,2,1,1,3,4,4,2,2,1
2.46,2.2,0.8444444444444444,10,4,3,2,3,1,2,2,2,2,1
4.37,4.5,0.2777777777777778,10,5,5,5,4,4,5,4,4,4,5
1.7,2.0,0.4444444444444444,10,3,3,2,2,2,1,1,2,2,2
3.54,3.6,0.7111111111111112,10,4,4,4,5,2,3,3,4,4,3
1.9,2.0,0.6666666666666666,10,1,1,2,3,3,3,2,1,2,2
3.24,4.0,0.4444444444444444,10,3,4,4,3,4,5,4,5,4,4
1.46,1.5,0.2777777777777778,10,2,2,1,2,1,1,1,1,2,2
1.25,1.4,0.48888888888888915,10,2,3,1,1,1,1,1,1,1,2
2.33,2.6,0.7111111111111112,10,4,3,2,1,2,3,2,3,3,3
3.22,3.0,1.5555555555555556,10,1,4,4,2,3,3,2,4,5,2
2.1,2.1,0.5444444444444444,10,1,2,2,2,3,1,2,3,3,2
2.48,2.4,0.48888888888888893,10,3,2,3,3,3,2,2,1,2,3
2.3,1.8,0.6222222222222222,10,1,3,2,2,1,1,2,2,1,3
3.27,3.9,0.09999999999999999,10,4,4,4,4,4,3,4,4,4,4
2.06,2.2,0.8444444444444444,10,1,3,2,1,3,2,3,1,3,3
3.83,3.7,0.8999999999999999,10,4,3,5,3,4,5,4,2,3,4
2.6,3.1,0.9888888888888889,10,4,3,4,3,3,3,4,1,2,4
3.3,3.1,0.9888888888888887,10,5,4,3,3,4,2,2,2,3,3
4.89,4.9,0.09999999999999996,10,4,5,5,5,5,5,5,5,5,5
4.19,4.3,0.4555555555555556,10,5,5,4,4,5,5,3,4,4,4
3.75,4.1,0.5444444444444444,10,4,5,4,5,4,3,3,5,4,4
1.58,1.3,0.4555555555555555,10,1,1,1,1,1,1,1,3,1,2
2.68,2.4,1.3777777777777778,10,3,5,2,3,2,1,2,1,3,2
2.45,2.5,0.7222222222222222,10,2,4,1,2,2,3,3,3,2,3
4.720000000000001,4.9,0.09999999999999998,10,5,5,5,5,5,4,5,5,5,5
3.67,4.0,0.8888888888888888,10,3,5,3,3,4,4,3,5,5,5
2.22,2.1,0.7666666666666667,10,2,3,1,1,2,2,2,4,2,2
2.6,2.1,0.3222222222222222,10,1,2,2,2,2,2,2,3,3,2
1.4,1.3,0.23333333333333334,10,1,1,1,1,2,1,1,2,1,2
2.44,2.0,0.8888888888888888,10,1,4,1,2,3,2,2,1,2,2
2.98,2.5,1.1666666666666667,10,3,1,2,4,3,2,3,1,4,2
3.3600000000000003,3.3,1.1222222222222222,10,2,3,5,3,3,3,2,5,4,3
4.17,4.0,0.6666666666666666,10,5,5,5,4,4,3,4,4,3,3
4.42,4.4,0.9333333333333333,10,5,5,3,5,5,3,5,5,3,5
1.28,1.3,0.23333333333333334,10,1,1,1,2,2,1,1,2,1,1
2.31,2.0,1.5555555555555556,10,1,2,1,4,1,4,1,2,3,1
1.36,1.2,0.17777777777777784,10,2,1,1,1,1,1,1,2,1,1
1.77,1.9,0.32222222222222224,10,2,1,2,2,2,2,1,3,2,2
4.02,4.0,0.6666666666666666,10,4,5,4,5,5,3,3,3,4,4
3.95,4.0,0.6666666666666666,10,5,3,4,4,3,3,5,5,4,4
1.1,1.0,0.0,10,1,1,1,1,1,1,1,1,1,1
4.04,4.2,1.066666666666667,10,3,5,5,4,5,4,2,5,5,4
1.23,1.2,0.17777777777777778,10,1,1,1,1,1,1,1,2,2,1
1.38,1.1,0.09999999999999999,10,1,1,2,1,1,1,1,1,1,1
3.44,3.7,1.5666666666666667,10,1,3,5,4,3,4,3,5,4,5
3.23,2.9,0.9888888888888889,10,4,3,2,3,3,4,4,3,1,2
4.05,3.7,0.8999999999999999,10,4,4,4,5,2,3,4,3,5,3
4.14,4.7,0.4555555555555555,10,4,3,5,5,5,5,5,5,5,5
2.75,2.3,0.23333333333333334,10,2,2,3,2,2,3,2,2,3,2
1.27,1.2,0.1777777777777778,10,1,1,2,1,2,1,1,1,1,1
3.26,3.4,0.48888888888888904,10,4,2,4,3,4,3,4,3,4,3
4.220000000000001,4.4,0.26666666666666666,10,5,4,4,4,4,4,4,5,5,5
4.59,4.7,0.23333333333333334,10,4,5,5,5,5,5,5,5,4,4
4.45,4.5,0.5,10,3,5,5,4,4,5,5,5,4,5
4.57,4.4,0.711111111111111,10,5,5,3,3,5,5,4,5,4,5
3.42,3.7,1.1222222222222222,10,4,4,1,4,5,4,4,4,3,4
2.52,2.6,1.6,10,2,2,2,3,1,3,1,5,3,4
3.85,3.7,0.8999999999999999,10,3,4,4,3,4,5,4,2,3,5
1.88,2.1,0.7666666666666666,10,3,3,3,2,1,1,1,3,2,2
2.6100000000000003,3.0,0.6666666666666666,10,3,4,2,2,3,2,4,3,3,4
3.72,4.0,1.3333333333333333,10,4,5,5,2,4,4,2,4,5,5
4.7,4.7,0.23333333333333334,10,5,5,4,5,4,5,5,5,4,5
1.21,1.2,0.17777777777777784,10,1,1,2,2,1,1,1,1,1,1
2.23,2.0,0.4444444444444444,10,3,2,1,2,2,2,2,1,2,3
2.69,2.6,1.3777777777777778,10,1,2,2,4,4,3,4,1,2,3
1.44,1.3,0.23333333333333334,10,2,2,1,2,1,1,1,1,1,1
2.82,2.7,1.3444444444444443,10,4,3,2,1,3,4,2,3,1,4
4.8,4.9,0.09999999999999998,10,5,5,5,4,5,5,5,5,5,5
2.93,2.9,1.6555555555555557,10,3,3,1,4,4,1,3,5,2,3
1.08,1.1,0.09999999999999999,10,1,1,1,1,1,1,2,1,1,1
2.26,2.0,0.6666666666666666,10,2,1,1,3,2,3,1,3,2,2
4.5200000000000005,4.3,0.4555555555555555,10,3,4,5,4,4,5,5,4,5,4
3.27,3.3,0.6777777777777777,10,3,4,3,2,3,4,4,4,4,2
2.75,2.7,1.3444444444444443,10,4,3,4,3,3,2,2,1,1,4
1.88,1.7,0.6777777777777777,10,1,3,1,2,1,2,2,3,1,1
2.2,2.6,1.155555555555556,10,1,3,2,3,4,4,3,3,2,1
4.7700000000000005,4.7,0.23333333333333334,10,5,5,4,5,5,4,5,5,5,4
4.470000000000001,4.6,0.2666666666666667,10,4,4,5,4,5,5,5,5,4,5
2.33,2.4,1.1555555555555557,10,2,3,2,2,2,3,1,4,1,4
1.34,1.3,0.45555555555555544,10,2,3,1,1,1,1,1,1,1,1
4.83,4.9,0.09999999999999999,10,5,5,5,5,5,5,4,5,5,5
1.54,1.6,0.48888888888888893,10,2,1,1,2,1,2,3,1,2,1
1.69,1.3,0.23333333333333334,10,1,1,1,1,2,1,2,2,1,1
1.86,1.9,0.7666666666666666,10,3,3,2,1,2,3,1,1,1,2
4.01,3.9,0.32222222222222235,10,3,5,4,4,4,4,4,3,4,4
1.34,1.1,0.09999999999999999,10,2,1,1,1,1,1,1,1,1,1
2.09,2.0,0.6666666666666666,10,3,2,1,2,3,2,2,1,1,3
4.36,4.2,0.6222222222222222,10,5,5,4,3,4,5,4,5,4,3
4.21,4.2,1.0666666666666669,10,5,2,4,5,3,5,4,4,5,5
4.91,4.9,0.09999999999999998,10,5,5,5,5,5,4,5,5,5,5
1.71,1.9,1.211111111111111,10,1,2,1,1,3,1,1,2,4,3
3.74,3.6,0.9333333333333333,10,4,4,4,5,5,2,3,3,3,3
4.37,4.8,0.17777777777777773,10,5,5,5,5,4,5,5,4,5,5
4.33,3.8,0.8444444444444444,10,4,4,4,3,2,5,4,3,5,4
3.23,3.1,1.4333333333333333,10,3,4,1,3,4,3,2,2,4,5
4.89,5.0,0.0,10,5,5,5,5,5,5,5,5,5,5
1.94,1.5,0.2777777777777778,10,1,1,2,1,2,1,2,1,2,2
4.36,4.0,0.4444444444444444,10,4,4,4,3,4,3,4,4,5,5
1.31,1.5,0.7222222222222222,10,1,1,3,3,1,1,1,2,1,1
2.39,2.5,0.9444444444444444,10,3,2,4,1,3,3,1,2,3,3
4.59,4.5,0.5,10,5,5,4,5,5,4,5,3,5,4
4.0600000000000005,3.9,0.7666666666666667,10,3,4,4,4,4,4,4,5,5,2
4.01,4.4,0.48888888888888893,10,5,4,5,5,4,5,5,4,4,3
2.64,2.5,0.5,10,3,3,2,2,2,2,3,4,2,2
4.16,4.4,0.9333333333333331,10,5,5,5,2,5,4,5,4,5,4
1.96,2.1,0.3222222222222223,10,2,2,2,1,3,2,2,2,3,2
4.6,4.5,0.2777777777777778,10,5,5,4,4,4,5,5,4,4,5
1.5,1.1,0.09999999999999999,10,1,1,2,1,1,1,1,1,1,1
4.220000000000001,4.2,1.5111111111111115,10,5,1,4,5,5,4,5,4,5,4
4.8100000000000005,4.9,0.09999999999999998,10,5,5,5,5,4,5,5,5,5,5
3.52,3.6,1.3777777777777778,10,4,3,5,2,3,5,3,5,4,2
1.11,1.1,0.09999999999999999,10,1,1,2,1,1,1,1,1,1,1
3.03,3.1,0.9888888888888889,10,3,3,4,3,4,2,3,5,2,2
2.99,2.7,1.1222222222222222,10,2,1,4,4,4,2,2,3,2,3
2.42,2.2,0.39999999999999997,10,1,3,2,2,3,2,3,2,2,2
2.92,3.0,1.3333333333333333,10,2,2,4,3,4,4,2,1,4,4
2.05,2.2,0.8444444444444444,10,3,1,2,4,2,2,2,1,3,2
4.74,4.8,0.17777777777777773,10,5,5,5,5,4,5,5,5,5,4
2.9,3.0,1.3333333333333333,10,4,3,3,4,3,3,1,1,4,4
4.85,4.9,0.09999999999999998,10,5,5,5,5,5,4,5,5,5,5
3.3,3.5,0.2777777777777778,10,3,4,3,4,4,3,3,4,3,4
4.75,4.6,0.4888888888888887,10,4,3,5,4,5,5,5,5,5,5
4.1,4.0,0.6666666666666666,10,5,3,5,4,4,4,4,5,3,3
2.77,2.3,0.8999999999999999,10,1,2,3,3,4,1,2,3,2,2
2.16,2.1,0.5444444444444444,10,3,3,2,1,2,1,3,2,2,2
4.12,4.1,0.9888888888888887,10,5,3,5,4,2,4,4,4,5,5
4.9,4.9,0.09999999999999998,10,5,5,5,4,5,5,5,5,5,5
3.38,3.3,2.011111111111111,10,3,5,3,2,1,4,5,3,5,2
4.35,4.1,1.211111111111111,10,5,5,4,2,5,5,3,3,5,4
1.87,1.4,0.2666666666666667,10,2,2,2,1,1,2,1,1,1,1
3.31,3.0,0.8888888888888888,10,4,3,2,2,2,4,4,2,3,4
2.44,2.9,0.7666666666666666,10,4,3,3,3,3,1,3,3,4,2
2.92,2.5,0.9444444444444444,10,3,3,3,2,1,3,4,3,2,1
4.7700000000000005,4.7,0.23333333333333334,10,4,4,4,5,5,5,5,5,5,5
1.31,1.1,0.09999999999999999,10,1,1,1,2,1,1,1,1,1,1
1.64,1.2,0.1777777777777778,10,1,1,1,1,2,1,1,1,2,1
3.91,4.0,0.4444444444444444,10,3,4,5,4,5,4,4,3,4,4
4.5200000000000005,4.7,0.23333333333333334,10,5,4,5,5,5,4,4,5,5,5
3.35,3.4,0.7111111111111111,10,3,4,4,3,4,4,2,4,2,4
2.94,2.5,1.1666666666666667,10,2,3,3,2,2,2,3,5,2,1
2.87,3.1,1.2111111111111112,10,4,4,2,4,2,2,3,5,2,3
1.36,1.4,0.48888888888888904,10,2,1,1,2,3,1,1,1,1,1
1.49,1.4,0.48888888888888915,10,3,2,1,1,1,1,2,1,1,1
4.61,4.9,0.09999999999999999,10,5,5,5,5,5,5,5,4,5,5
3.75,3.7,1.3444444444444443,10,4,3,3,4,5,4,4,5,4,1
3.59,3.5,1.1666666666666667,10,3,4,3,5,5,3,2,4,2,4
2.03,1.8,0.6222222222222223,10,2,1,2,2,3,2,1,3,1,1
4.55,5.0,0.0,10,5,5,5,5,5,5,5,5,5,5
4.12,4.1,0.5444444444444444,10,5,3,4,4,4,4,4,5,5,3
1.45,1.2,0.17777777777777784,10,1,2,1,1,1,2,1,1,1,1
3.53,3.3,0.6777777777777777,10,3,3,3,4,3,5,3,4,3,2
3.42,3.7,1.5666666666666667,10,5,3,1,4,3,5,3,4,4,5
2.8600000000000003,2.1,0.7666666666666666,10,2,2,1,3,2,1,3,1,3,3
2.02,2.2,0.39999999999999997,10,3,1,2,3,2,3,2,2,2,2
2.73,2.8,1.288888888888889,10,2,2,1,3,2,4,4,4,4,2
3.13,3.1,0.9888888888888889,10,4,3,3,2,5,3,2,2,4,3
3.89,3.9,0.7666666666666667,10,4,3,5,4,4,5,4,4,2,4
1.86,2.0,0.6666666666666666,10,1,2,2,1,3,1,2,2,3,3
3.06,3.0,1.1111111111111112,10,3,2,3,3,4,3,1,5,3,3
4.61,4.8,0.17777777777777776,10,5,5,5,5,5,4,5,4,5,5
3.75,3.7,0.8999999999999999,10,4,3,5,3,2,5,4,3,4,4
2.95,3.2,1.2888888888888888,10,2,5,3,4,3,2,3,2,5,3
3.95,4.4,0.711111111111111,10,5,4,5,4,3,5,3,5,5,5
2.55,2.8,0.8444444444444444,10,2,3,3,3,2,3,2,2,5,3
4.75,4.6,0.4888888888888888,10,5,4,5,5,3,4,5,5,5,5
3.04,3.2,1.066666666666667,10,2,4,4,4,1,4,4,3,3,3
4.12,4.2,1.0666666666666669,10,5,2,4,4,5,3,5,4,5,5
3.17,3.2,0.6222222222222222,10,2,4,3,3,3,2,3,4,4,4
4.21,4.3,0.4555555555555555,10,4,4,4,3,4,5,5,5,5,4
3.52,3.1,0.3222222222222223,10,2,3,3,3,3,4,3,3,4,3
3.48,2.8,1.0666666666666667,10,4,2,4,3,2,3,2,1,4,3
3.22,2.7,0.4555555555555555,10,3,3,3,2,3,4,2,3,2,2
2.82,2.5,0.7222222222222222,10,2,2,3,2,3,3,1,4,3,2
3.76,3.7,0.6777777777777777,10,5,4,4,3,4,3,4,4,2,4
4.970000000000001,5.0,0.0,10,5,5,5,5,5,5,5,5,5,5
1.14,1.1,0.09999999999999999,10,1,1,1,1,1,2,1,1,1,1
1.14,1.0,0.0,10,1,1,1,1,1,1,1,1,1,1
4.67,4.6,0.4888888888888887,10,3,5,5,4,5,5,5,4,5,5
3.73,4.1,0.32222222222222224,10,4,5,4,4,5,4,4,4,4,3
3.78,3.9,1.2111111111111112,10,3,4,5,2,5,3,4,5,3,5
2.36,2.2,1.0666666666666669,10,1,2,2,1,2,4,3,1,3,3
2.87,2.7,0.4555555555555555,10,3,4,2,2,2,2,3,3,3,3
1.67,1.9,0.7666666666666666,10,1,1,2,2,2,2,1,4,2,2
2.54,2.3,0.6777777777777777,10,2,3,1,1,2,2,3,3,3,3
4.95,4.8,0.17777777777777773,10,5,4,5,5,4,5,5,5,5,5
3.81,4.1,0.7666666666666666,10,4,5,3,5,5,4,5,3,4,3
4.2700000000000005,4.3,0.4555555555555555,10,5,4,4,3,4,4,4,5,5,5
1.72,1.6,0.2666666666666667,10,2,2,2,2,2,1,1,2,1,1
4.39,4.2,0.6222222222222222,10,3,3,4,4,5,4,5,5,5,4
3.82,3.7,0.4555555555555555,10,3,4,4,3,3,5,4,4,4,3
1.23,1.1,0.09999999999999999,10,1,2,1,1,1,1,1,1,1,1
2.22,2.4,0.2666666666666667,10,3,2,3,2,2,2,3,2,3,2
1.97,1.7,0.6777777777777777,10,1,1,3,1,2,2,2,1,3,1
4.98,5.0,0.0,10,5,5,5,5,5,5,5,5,5,5
4.71,4.8,0.17777777777777776,10,5,5,5,5,5,5,4,5,4,5
3.59,3.4,0.2666666666666667,10,4,4,3,3,4,3,3,4,3,3
1.06,1.0,0.0,10,1,1,1,1,1,1,1,1,1,1
2.84,3.3,1.1222222222222222,10,4,3,4,3,3,3,3,1,4,5
4.0,3.7,0.8999999999999999,10,5,5,3,3,3,3,3,5,3,4
2.29,2.8,0.8444444444444444,10,2,3,2,1,4,3,3,3,4,3
1.06,1.0,0.0,10,1,1,1,1,1,1,1,1,1,1
1.9,2.0,0.8888888888888888,10,2,4,2,1,3,1,2,2,1,2
2.89,3.2,0.39999999999999997,10,4,3,4,2,3,4,3,3,3,3
1.76,2.3,0.6777777777777777,10,2,1,2,2,4,3,2,2,2,3
3.26,3.1,0.9888888888888887,10,2,5,3,4,3,3,2,4,2,3
4.36,4.1,0.7666666666666666,10,5,4,4,5,4,5,3,5,3,3
2.0,1.9,0.3222222222222223,10,2,2,3,2,2,1,1,2,2,2
2.98,3.1,0.5444444444444445,10,2,4,3,3,3,2,3,3,4,4
3.73,4.1,0.5444444444444444,10,4,4,5,5,4,5,4,3,3,4
2.52,2.5,0.9444444444444444,10,3,3,2,4,3,1,1,3,3,2
1.84,2.0,0.4444444444444444,10,2,2,1,3,2,2,2,1,2,3
4.7700000000000005,4.7,0.23333333333333334,10,5,4,5,5,4,5,5,5,4,5
2.71,3.4,0.7111111111111112,10,3,4,3,4,3,5,2,3,4,3
2.12,2.4,1.3777777777777778,10,3,2,1,1,3,2,1,3,4,4
2.51,2.0,0.4444444444444444,10,2,2,2,3,1,2,1,2,3,2
2.41,1.9,0.7666666666666665,10,3,1,1,3,2,2,1,3,1,2
1.64,1.6,0.48888888888888904,10,1,3,2,1,2,2,2,1,1,1
3.33,3.9,0.7666666666666665,10,2,4,3,4,4,4,4,5,5,4
4.59,4.2,0.39999999999999997,10,5,4,5,4,4,4,4,3,4,5
1.14,1.2,0.17777777777777784,10,2,2,1,1,1,1,1,1,1,1
3.68,3.2,0.8444444444444444,10,3,5,2,2,3,3,4,4,3,3
1.79,1.8,0.8444444444444446,10,2,1,1,2,2,1,4,1,2,2
4.279999999999999,4.0,0.6666666666666666,10,4,5,5,4,3,4,5,4,3,3
3.27,2.7,1.5666666666666667,10,4,2,2,2,2,3,1,4,5,2
2.56,2.4,0.7111111111111112,10,2,2,1,3,3,3,2,2,4,2
1.43,1.4,0.2666666666666667,10,2,1,1,2,1,1,1,2,1,2
2.63,2.4,0.9333333333333333,10,1,3,2,2,3,4,2,1,3,3
3.23,2.7,1.3444444444444443,10,3,3,3,2,2,5,2,2,1,4
2.31,2.2,1.0666666666666667,10,2,2,2,1,2,2,1,4,2,4
3.72,3.8,0.39999999999999997,10,4,3,4,3,4,5,4,3,4,4
3.71,3.9,1.4333333333333333,10,3,4,4,4,4,5,5,1,4,5
2.15,2.1,0.9888888888888889,10,3,2,1,4,3,2,1,2,1,2
2.09,2.4,1.155555555555556,10,3,1,2,2,3,4,2,2,1,4
3.8,4.2,0.39999999999999997,10,4,3,5,4,4,4,4,4,5,5
4.71,4.7,0.23333333333333334,10,4,5,5,5,4,5,5,5,4,5
1.82,1.4,0.2666666666666667,10,1,1,1,2,2,1,2,1,1,2
4.12,4.0,0.8888888888888888,10,4,3,5,4,3,3,5,5,5,3
1.2,1.2,0.17777777777777784,10,2,1,1,1,1,1,1,1,2,1
4.18,3.9,0.9888888888888889,10,5,4,3,3,4,5,2,4,5,4
1.97,2.1,0.9888888888888887,10,2,1,2,4,2,1,3,3,1,2
2.72,3.1,1.2111111111111112,10,3,4,4,3,3,3,5,1,3,2
3.66,3.5,0.2777777777777778,10,4,4,3,3,3,3,4,4,3,4
1.85,1.9,0.7666666666666666,10,2,2,2,1,1,3,3,1,3,1
2.12,2.3,1.1222222222222222,10,3,1,4,3,3,3,2,1,1,2
1.3,1.5,0.5,10,2,2,1,1,1,3,2,1,1,1
3.88,4.2,1.0666666666666667,10,4,4,5,5,5,3,5,2,5,4
2.53,2.4,0.48888888888888904,10,2,2,3,1,2,3,3,2,3,3
3.56,3.8,0.8444444444444444,10,5,4,4,4,2,5,4,3,3,4
3.04,2.7,1.5666666666666667,10,3,1,5,2,3,4,1,3,2,3
3.06,2.9,0.9888888888888889,10,3,3,4,3,4,2,2,3,1,4
2.46,2.8,0.6222222222222222,10,2,4,3,3,3,2,2,4,2,3
4.37,4.5,0.5,10,3,5,4,5,5,5,5,5,4,4
4.89,4.8,0.17777777777777773,10,5,4,5,4,5,5,5,5,5,5
4.96,5.0,0.0,10,5,5,5,5,5,5,5,5,5,5
2.95,3.0,0.6666666666666666,10,3,4,3,2,4,2,3,2,4,3
3.84,3.1,1.211111111111111,10,3,4,3,5,2,3,4,3,1,3
4.46,4.4,1.1555555555555554,10,3,2,5,5,5,5,5,5,4,5
2.74,2.5,0.5,10,2,3,3,4,2,2,2,2,2,3
1.32,1.0,0.0,10,1,1,1,1,1,1,1,1,1,1
4.89,4.9,0.09999999999999996,10,4,5,5,5,5,5,5,5,5,5
3.1,3.3,0.4555555555555555,10,3,4,4,4,3,2,3,3,3,4
1.67,2.0,0.4444444444444444,10,1,2,2,3,2,1,2,2,3,2
2.8600000000000003,3.1,0.9888888888888889,10,4,2,4,2,2,4,3,2,4,4
1.21,1.1,0.09999999999999999,10,1,1,2,1,1,1,1,1,1,1
1.46,1.1,0.09999999999999999,10,1,1,1,1,1,2,1,1,1,1
4.82,4.9,0.09999999999999999,10,5,5,5,5,5,5,4,5,5,5
4.65,4.9,0.09999999999999996,10,5,4,5,5,5,5,5,5,5,5
4.18,4.2,0.6222222222222222,10,5,4,5,4,4,3,3,4,5,5
3.74,3.6,1.822222222222222,10,5,1,2,5,5,4,4,3,3,4
1.32,1.1,0.1,10,1,1,1,1,1,1,1,1,2,1
3.88,3.9,0.7666666666666666,10,4,4,4,3,4,5,4,2,4,5
4.55,4.3,0.4555555555555555,10,3,4,4,4,4,5,4,5,5,5
1.99,2.0,0.6666666666666666,10,3,3,2,2,1,1,2,1,2,3
1.42,1.5,0.7222222222222222,10,2,1,1,1,1,1,1,3,1,3
3.02,2.5,1.1666666666666667,10,2,3,1,2,3,2,1,4,3,4
3.42,2.7,0.6777777777777777,10,3,3,1,3,3,3,2,3,2,4
4.55,4.6,0.26666666666666666,10,4,5,5,5,4,4,4,5,5,5
1.42,1.3,0.23333333333333334,10,1,1,2,1,2,1,1,2,1,1
4.15,4.4,0.4888888888888888,10,5,5,3,5,4,5,4,4,5,4
2.93,3.0,0.4444444444444444,10,3,2,2,3,3,3,3,3,4,4
2.58,2.6,1.1555555555555554,10,3,2,3,3,2,1,5,2,3,2
4.59,4.3,0.4555555555555555,10,5,5,4,4,3,4,4,4,5,5
1.76,1.8,1.2888888888888888,10,1,1,3,1,1,1,4,3,1,2
3.88,3.1,0.9888888888888887,10,3,3,5,4,3,3,3,3,1,3
4.32,4.1,0.9888888888888887,10,4,2,5,4,3,4,5,5,4,5
1.96,2.1,0.5444444444444444,10,3,3,2,1,3,2,2,1,2,2
3.06,2.4,0.7111111111111112,10,1,2,4,2,3,2,2,3,2,3
2.56,2.6,0.9333333333333336,10,1,4,2,2,2,3,3,3,2,4
3.4,3.6,1.1555555555555557,10,5,4,4,4,2,3,5,2,3,4
4.59,4.7,0.23333333333333334,10,5,4,5,5,5,5,4,5,5,4
2.97,2.7,0.4555555555555555,10,4,3,2,3,2,3,2,3,3,2
3.61,3.8,0.6222222222222222,10,4,3,3,5,3,4,3,4,5,4
3.31,3.1,0.9888888888888887,10,1,3,3,4,4,2,3,3,4,4
1.27,1.2,0.17777777777777784,10,2,2,1,1,1,1,1,1,1,1
2.74,2.8,1.0666666666666669,10,4,3,2,2,3,2,2,5,3,2
3.15,3.5,0.7222222222222222,10,3,3,5,3,2,3,4,4,4,4
3.1100000000000003,3.4,0.48888888888888893,10,3,4,4,3,3,2,4,3,4,4
3.3,3.5,1.6111111111111112,10,5,4,3,5,2,2,4,3,2,5
3.23,3.5,0.7222222222222222,10,3,2,4,4,4,3,3,5,3,4
4.08,4.5,0.7222222222222222,10,5,5,3,3,5,5,5,5,4,5
2.38,2.5,1.1666666666666667,10,3,1,1,3,1,3,4,3,3,3
2.48,2.4,1.3777777777777778,10,2,2,1,1,3,3,3,1,4,4
1.02,1.0,0.0,10,1,1,1,1,1,1,1,1,1,1
3.53,3.5,1.1666666666666667,10,5,2,4,3,3,4,3,4,2,5
3.03,3.8,0.17777777777777773,10,4,4,3,4,4,4,3,4,4,4
1.9,2.1,0.5444444444444445,10,1,2,2,2,1,2,3,2,3,3
1.85,1.8,0.4,10,2,2,2,1,1,1,2,2,3,2
2.13,1.8,0.6222222222222222,10,1,2,2,1,1,2,3,3,1,2
4.14,4.1,0.3222222222222222,10,4,4,4,3,4,4,5,5,4,4
4.37,4.4,0.4888888888888888,10,4,4,5,4,3,5,5,4,5,5
2.84,2.8,1.5111111111111113,10,2,4,2,3,2,2,1,5,3,4
1.15,1.2,0.17777777777777784,10,1,2,2,1,1,1,1,1,1,1
3.07,3.0,1.1111111111111112,10,4,2,5,3,4,2,2,3,2,3
3.1100000000000003,3.3,1.3444444444444443,10,4,5,4,4,4,2,2,2,2,4
1.31,1.2,0.17777777777777784,10,2,1,1,1,1,1,2,1,1,1
1.03,1.1,0.09999999999999999,10,1,1,1,1,2,1,1,1,1,1
3.48,3.4,0.7111111111111112,10,2,4,4,4,3,2,4,4,4,3
1.23,1.2,0.1777777777777778,10,1,1,2,1,1,1,1,1,2,1
3.99,4.3,0.6777777777777778,10,4,4,5,5,4,5,5,3,5,3
3.95,3.8,0.8444444444444444,10,5,4,3,4,2,4,3,5,4,4
4.46,4.4,1.1555555555555554,10,2,5,5,3,5,5,5,5,4,5
2.59,2.9,0.9888888888888889,10,2,2,3,4,4,1,3,3,3,4
2.78,2.5,1.1666666666666667,10,3,4,3,2,3,1,2,1,2,4
2.97,2.9,0.7666666666666668,10,3,4,4,3,2,3,3,3,1,3
1.3,1.4,0.2666666666666667,10,2,1,1,1,1,2,2,2,1,1
2.79,2.3,1.1222222222222222,10,1,3,3,1,2,2,1,3,4,3
1.97,1.7,1.1222222222222222,10,4,1,1,1,2,1,1,1,2,3
1.7,2.0,0.8888888888888888,10,3,3,3,2,1,1,1,2,3,1
1.6,1.5,0.5,10,1,2,1,2,1,2,1,1,1,3
1.84,1.8,1.0666666666666669,10,2,3,4,1,1,1,1,1,2,2
3.22,2.8,0.8444444444444444,10,4,2,4,4,2,3,2,2,3,2
1.33,1.5,0.2777777777777778,10,2,1,2,1,2,1,2,1,1,2
1.56,1.5,0.5,10,2,1,1,1,1,2,1,3,1,2
4.16,4.0,0.4444444444444444,10,5,4,4,4,4,4,5,4,3,3
1.13,1.1,0.09999999999999999,10,1,2,1,1,1,1,1,1,1,1
1.09,1.0,0.0,10,1,1,1,1,1,1,1,1,1,1
4.67,4.9,0.09999999999999996,10,4,5,5,5,5,5,5,5,5,5
4.44,4.1,0.9888888888888887,10,5,3,2,4,5,4,4,5,5,4
3.57,3.6,1.1555555555555557,10,4,4,3,5,4,2,2,5,3,4
3.33,3.0,0.6666666666666666,10,4,3,2,2,2,4,4,3,3,3
4.1,4.4,0.48888888888888893,10,4,4,5,4,5,5,5,3,4,5
1.76,1.3,0.4555555555555555,10,1,1,1,1,1,1,2,1,1,3
4.45,4.9,0.09999999999999999,10,5,5,5,5,5,5,5,5,5,4
2.94,3.1,0.5444444444444445,10,3,4,4,3,3,4,3,2,3,2
2.15,2.1,0.5444444444444444,10,2,3,2,3,2,1,1,3,2,2
1.22,1.1,0.09999999999999999,10,1,1,1,1,1,1,2,1,1,1
3.31,3.5,1.1666666666666667,10,4,3,4,3,4,3,4,4,1,5
3.16,2.9,0.9888888888888887,10,5,2,3,3,2,3,2,2,4,3
1.69,1.6,0.48888888888888893,10,1,2,1,1,2,2,3,2,1,1
2.6,2.1,0.5444444444444445,10,2,2,3,2,3,1,2,3,2,1
1.77,2.1,1.2111111111111112,10,2,1,1,4,3,3,1,2,3,1
4.71,4.9,0.09999999999999999,10,5,5,5,5,5,5,5,5,5,4
1.4,1.4,0.2666666666666667,10,2,1,1,2,2,2,1,1,1,1
3.89,3.7,0.23333333333333334,10,4,4,4,4,3,3,4,3,4,4
3.83,3.6,1.1555555555555557,10,4,1,3,4,4,3,4,5,4,4
2.07,1.9,0.7666666666666666,10,3,3,3,2,1,2,1,1,1,2
4.4,4.3,0.8999999999999999,10,4,5,4,5,5,4,2,4,5,5
1.02,1.0,0.0,10,1,1,1,1,1,1,1,1,1,1
1.5,1.5,0.5,10,1,1,1,2,2,3,1,1,2,1
3.4,4.0,1.3333333333333333,10,2,5,5,3,5,3,5,3,5,4
4.23,4.5,0.2777777777777778,10,5,5,5,4,4,4,4,4,5,5
1.92,2.0,0.6666666666666666,10,3,3,1,1,3,1,2,2,2,2
1.43,1.6,0.48888888888888893,10,1,1,2,2,1,3,2,2,1,1
3.71,4.2,0.8444444444444444,10,2,5,4,4,5,5,4,4,5,4
2.8,2.6,0.7111111111111111,10,3,3,2,2,2,2,2,2,4,4
1.44,1.7,0.23333333333333334,10,1,2,2,1,2,1,2,2,2,2
3.8,3.9,0.5444444444444444,10,3,4,4,4,5,4,4,5,3,3
3.22,3.3,1.1222222222222222,10,3,3,4,4,3,1,3,4,5,3
2.95,2.5,0.7222222222222222,10,3,3,2,2,3,3,4,1,2,2
3.16,3.3,0.8999999999999999,10,5,2,4,3,3,3,4,4,2,3
1.51,1.4,0.48888888888888904,10,1,1,2,2,1,3,1,1,1,1
2.19,2.1,1.2111111111111112,10,1,2,2,2,2,2,1,2,2,5
1.61,1.4,0.48888888888888893,10,2,1,2,1,1,1,1,1,1,3
3.54,3.3,0.8999999999999999,10,4,2,5,4,3,2,4,3,3,3
4.69,4.8,0.17777777777777773,10,5,5,5,5,4,4,5,5,5,5
3.44,3.6,1.5999999999999999,10,4,4,2,3,1,5,4,4,4,5
3.51,3.8,0.6222222222222222,10,5,4,4,4,4,3,4,4,4,2
3.13,3.7,0.4555555555555555,10,4,4,4,4,4,4,3,4,4,2
3.39,3.2,1.0666666666666669,10,2,4,3,3,5,2,2,4,3,4
2.84,3.1,0.3222222222222222,10,3,3,3,3,3,4,3,4,3,2
2.8600000000000003,3.1,0.5444444444444444,10,2,3,2,3,3,4,4,3,4,3
3.93,4.0,0.6666666666666666,10,4,5,4,4,3,3,5,3,4,5
1.85,1.7,0.6777777777777777,10,3,1,1,1,2,3,1,1,2,2
3.75,3.6,1.1555555555555557,10,4,4,4,3,5,5,2,4,2,3
4.05,3.7,0.8999999999999999,10,2,3,4,4,5,5,3,4,4,3
2.06,2.2,1.0666666666666667,10,1,2,1,3,3,3,1,2,4,2
1.4,1.6,0.48888888888888904,10,3,2,2,1,1,1,2,2,1,1
2.5,2.6,0.9333333333333336,10,1,4,3,3,2,2,2,2,4,3
4.470000000000001,4.6,0.26666666666666666,10,5,5,5,5,5,4,5,4,4,4
4.279999999999999,4.2,0.6222222222222222,10,4,5,4,3,4,3,5,5,4,5
2.25,2.2,0.39999999999999997,10,2,2,2,1,3,3,2,3,2,2
4.94,5.0,0.0,10,5,5,5,5,5,5,5,5,5,5
4.58,4.8,0.17777777777777776,10,5,5,5,5,5,5,4,5,5,4
3.12,2.5,0.9444444444444444,10,3,3,4,2,4,2,2,2,2,1
1.22,1.3,0.23333333333333334,10,1,2,1,1,2,1,1,2,1,1
3.3,3.4,0.7111111111111112,10,3,2,3,3,4,4,3,5,4,3
2.02,2.1,0.3222222222222223,10,3,2,2,2,2,3,1,2,2,2
1.52,1.5,0.5,10,2,3,1,2,1,1,1,1,2,1
1.03,1.0,0.0,10,1,1,1,1,1,1,1,1,1,1
4.2,3.9,0.7666666666666666,10,3,3,4,5,4,4,5,5,3,3
3.02,3.0,0.4444444444444444,10,3,2,3,4,3,3,4,3,2,3
1.06,1.0,0.0,10,1,1,1,1,1,1,1,1,1,1
3.02,3.2,1.0666666666666667,10,4,3,4,2,3,3,4,2,2,5
4.98,5.0,0.0,10,5,5,5,5,5,5,5,5,5,5
1.86,2.5,1.3888888888888888,10,2,2,4,1,4,4,1,2,3,2
3.42,3.4,0.48888888888888904,10,3,3,4,2,4,4,4,3,4,3
4.85,4.9,0.09999999999999998,10,5,5,5,5,5,4,5,5,5,5
2.35,3.2,0.8444444444444444,10,2,3,3,4,5,3,2,3,4,3
2.91,2.5,0.9444444444444444,10,4,2,2,3,4,3,2,2,2,1
3.85,4.2,0.8444444444444444,10,5,3,3,4,4,3,5,5,5,5
4.41,4.8,0.17777777777777773,10,5,5,4,5,5,5,5,5,5,4
1.79,1.9,1.4333333333333333,10,1,1,1,4,4,1,2,2,1,2
4.49,4.3,0.6777777777777777,10,5,5,5,4,5,3,4,3,4,5
1.83,1.9,0.5444444444444444,10,3,1,1,2,2,3,2,1,2,2
1.28,1.3,0.23333333333333328,10,1,1,1,1,1,2,2,2,1,1
1.51,1.3,0.23333333333333334,10,1,1,1,1,1,2,2,1,1,2
2.95,3.2,0.6222222222222222,10,3,3,2,3,3,5,3,3,3,4
1.32,1.8,0.8444444444444447,10,2,4,1,1,2,2,1,2,1,2
2.71,3.0,1.1111111111111112,10,1,3,3,4,3,5,3,3,2,3
2.43,2.8,0.39999999999999997,10,3,2,2,3,4,3,3,3,3,2
4.5,4.4,0.711111111111111,10,3,5,5,4,5,4,5,5,3,5
4.62,4.8,0.17777777777777773,10,5,5,5,5,4,4,5,5,5,5
4.24,4.1,0.5444444444444444,10,3,5,4,5,3,4,5,4,4,4
1.41,1.5,0.2777777777777778,10,2,2,1,1,1,2,1,1,2,2
2.5,2.6,1.822222222222222,10,2,1,4,2,3,5,4,2,1,2
1.77,2.1,0.7666666666666667,10,2,1,2,2,2,3,2,1,4,2
1.84,1.3,0.23333333333333334,10,2,2,1,1,1,1,1,1,2,1
1.79,1.7,0.6777777777777777,10,1,1,2,1,2,3,2,1,3,1
2.94,3.1,1.6555555555555557,10,1,3,3,5,4,5,2,2,3,3
1.61,1.7,1.1222222222222222,10,3,1,1,1,2,4,1,2,1,1
4.43,4.6,0.9333333333333331,10,2,5,4,5,5,5,5,5,5,5
4.73,4.9,0.09999999999999999,10,5,5,5,5,5,5,5,4,5,5
2.64,2.6,0.7111111111111112,10,2,2,2,3,4,3,3,3,1,3
1.08,1.0,0.0,10,1,1,1,1,1,1,1,1,1,1
3.01,3.2,1.288888888888889,10,2,5,3,4,5,3,2,3,3,2
2.66,2.9,0.9888888888888887,10,3,4,1,2,2,3,3,3,4,4
1.42,1.3,0.4555555555555555,10,1,1,1,2,1,1,1,3,1,1
1.33,1.3,0.23333333333333334,10,1,2,1,1,2,1,1,2,1,1
1.32,1.1,0.09999999999999999,10,1,1,1,1,1,1,1,2,1,1
2.19,1.9,0.7666666666666664,10,4,2,2,2,1,2,2,1,1,2
4.44,4.6,0.4888888888888888,10,5,5,5,4,5,3,5,5,4,5
3.03,3.4,1.3777777777777775,10,2,5,4,4,3,1,4,4,4,3
2.55,2.3,1.1222222222222222,10,2,2,2,2,3,1,2,4,1,4
1.37,1.4,0.48888888888888904,10,1,1,3,1,1,1,1,1,2,2
4.69,4.6,0.2666666666666667,10,5,5,4,4,5,4,5,5,4,5
3.42,2.9,1.2111111111111112,10,3,4,3,5,3,2,3,1,3,2
2.31,2.6,0.48888888888888904,10,2,3,4,2,3,2,3,2,3,2
1.11,1.1,0.09999999999999999,10,1,2,1,1,1,1,1,1,1,1
1.02,1.2,0.17777777777777778,10,1,1,1,1,1,1,1,1,2,2
2.15,2.2,0.8444444444444444,10,2,1,2,2,2,3,1,2,3,4
1.49,1.4,0.48888888888888904,10,1,2,1,1,1,3,1,1,2,1
2.9,2.9,0.5444444444444446,10,4,3,2,2,3,3,3,2,3,4
1.52,1.4,0.2666666666666667,10,1,1,1,2,2,1,1,1,2,2
4.9,4.9,0.09999999999999996,10,4,5,5,5,5,5,5,5,5,5
3.0,3.0,1.3333333333333333,10,2,3,3,2,3,1,4,3,5,4
4.1,4.0,0.4444444444444444,10,5,4,4,3,5,4,3,4,4,4
4.15,4.4,0.26666666666666666,10,4,4,5,5,5,4,5,4,4,4
1.61,1.4,0.48888888888888904,10,2,1,1,1,1,3,1,1,1,2
2.1,2.1,0.9888888888888889,10,2,3,1,1,3,1,3,1,3,3
1.59,2.0,1.3333333333333333,10,4,1,3,1,1,1,1,3,2,3
3.14,3.0,0.4444444444444444,10,4,2,2,3,3,3,3,3,4,3
1.48,1.5,0.2777777777777778,10,2,1,1,1,1,2,2,2,1,2
1.99,2.0,0.8888888888888888,10,2,1,1,2,2,2,4,2,3,1
1.05,1.0,0.0,10,1,1,1,1,1,1,1,1,1,1
1.94,2.0,0.4444444444444444,10,2,2,2,2,3,3,2,1,1,2
1.13,1.5,0.5,10,3,1,1,1,2,2,1,1,1,2
2.34,2.6,1.6,10,5,2,3,4,2,2,3,1,1,3
2.34,2.8,0.6222222222222222,10,4,1,3,3,3,2,3,3,3,3
4.86,4.7,0.23333333333333334,10,5,5,5,5,4,5,5,5,4,4
4.45,4.6,0.4888888888888887,10,5,3,4,5,5,5,5,5,4,5
2.44,2.1,0.9888888888888889,10,3,1,2,4,1,3,2,1,2,2
4.21,4.4,0.4888888888888888,10,4,5,5,5,4,3,5,4,5,4
3.41,3.1,0.7666666666666665,10,5,3,2,3,3,3,2,3,3,4
1.6,1.4,0.2666666666666667,10,1,2,2,1,1,2,1,2,1,1
4.95,4.9,0.09999999999999999,10,5,5,5,5,5,5,5,4,5,5
2.33,2.6,0.7111111111111111,10,2,3,2,3,3,4,3,2,1,3
4.55,4.2,0.8444444444444444,10,5,5,2,4,4,5,4,5,4,4
4.11,4.2,0.39999999999999997,10,4,4,4,4,5,5,4,4,3,5
2.09,1.7,0.6777777777777777,10,1,1,1,3,2,2,1,3,2,1
3.06,3.1,0.9888888888888887,10,4,3,3,3,2,4,4,1,4,3
2.18,2.4,0.9333333333333333,10,2,3,2,2,3,4,3,3,1,1
3.3600000000000003,2.9,1.4333333333333333,10,4,4,2,1,3,1,3,3,4,4
1.12,1.0,0.0,10,1,1,1,1,1,1,1,1,1,1
1.64,1.4,0.2666666666666667,10,2,2,1,1,1,2,1,1,2,1
3.3600000000000003,3.0,0.6666666666666666,10,3,3,3,2,2,3,3,5,3,3
4.45,4.8,0.17777777777777776,10,5,5,5,5,5,5,4,4,5,5
3.97,3.5,1.1666666666666667,10,5,3,5,4,3,4,4,3,2,2
4.37,4.2,0.8444444444444444,10,4,5,4,5,4,5,4,5,2,4
1.69,1.2,0.1777777777777778,10,1,1,1,2,1,1,1,1,1,2
3.3600000000000003,2.9,1.2111111111111112,10,3,1,2,3,5,4,2,3,3,3
3.81,3.3,0.23333333333333334,10,3,3,3,4,4,3,3,3,4,3
3.13,3.3,1.1222222222222222,10,2,2,4,4,4,5,4,3,3,2
4.58,4.7,0.4555555555555555,10,5,5,3,5,5,5,5,5,4,5
2.6,2.9,0.9888888888888889,10,3,3,2,2,2,3,2,3,5,4
3.52,3.4,0.48888888888888893,10,4,4,4,3,4,2,3,3,4,3
1.05,1.1,0.09999999999999999,10,1,1,1,2,1,1,1,1,1,1
4.1,4.1,0.9888888888888887,10,5,5,5,4,2,3,4,4,4,5
2.6,3.0,0.8888888888888888,10,2,3,3,3,4,3,5,2,2,3
4.99,5.0,0.0,10,5,5,5,5,5,5,5,5,5,5
2.88,3.2,0.6222222222222222,10,3,4,3,2,3,2,4,3,4,4
2.84,2.8,0.8444444444444444,10,2,3,3,4,2,3,4,3,1,3
1.68,1.7,0.45555555555555544,10,2,3,1,2,2,1,1,1,2,2
4.55,4.7,0.4555555555555555,10,5,3,5,4,5,5,5,5,5,5
1.47,1.8,0.8444444444444446,10,3,1,1,2,1,3,2,3,1,1
1.24,1.2,0.4,10,1,1,1,1,1,1,3,1,1,1
3.99,4.0,0.4444444444444444,10,3,3,4,4,5,5,4,4,4,4
2.21,2.2,0.8444444444444444,10,3,1,2,3,1,3,2,1,3,3
3.0,2.8,1.5111111111111115,10,2,1,4,4,1,3,2,4,4,3
3.4,3.5,1.1666666666666667,10,5,4,3,4,3,5,2,2,4,3
1.26,1.5,0.5,10,1,3,1,2,1,2,1,1,1,2
1.28,1.2,0.1777777777777778,10,1,1,1,2,1,1,2,1,1,1
3.63,3.1,0.7666666666666665,10,2,4,2,4,4,4,2,3,3,3
4.82,4.8,0.17777777777777776,10,5,5,5,5,5,5,4,5,4,5
2.45,2.1,1.2111111111111112,10,2,1,2,4,2,4,1,2,2,1
2.34,2.2,0.39999999999999997,10,2,3,2,3,2,3,1,2,2,2
1.01,1.1,0.09999999999999999,10,1,1,1,1,1,1,2,1,1,1
2.34,2.5,1.1666666666666667,10,2,1,2,3,2,1,4,3,3,4
2.66,2.7,1.1222222222222222,10,2,2,2,3,4,4,1,4,2,3
3.72,3.8,1.0666666666666667,10,5,4,5,3,4,3,3,5,4,2
2.04,2.3,0.6777777777777777,10,1,1,2,3,3,3,2,3,2,3
2.37,2.2,0.8444444444444444,10,2,1,2,2,4,3,1,2,3,2
1.55,1.2,0.1777777777777778,10,1,1,1,1,2,1,2,1,1,1
3.82,4.1,0.5444444444444444,10,4,3,4,5,3,4,4,4,5,5
2.23,2.2,0.6222222222222222,10,3,3,1,2,2,3,2,1,2,3
1.84,1.5,0.5,10,1,1,2,2,3,2,1,1,1,1
3.39,3.6,0.9333333333333336,10,3,3,3,4,5,3,4,5,2,4
4.17,4.0,0.8888888888888888,10,4,4,5,3,4,4,5,5,4,2
1.99,1.9,0.5444444444444444,10,2,1,2,3,1,2,3,2,1,2
4.2700000000000005,4.0,0.2222222222222222,10,4,4,4,3,4,4,5,4,4,4
4.85,4.7,0.23333333333333334,10,5,5,5,5,4,5,5,4,5,4
2.4,2.5,0.9444444444444444,10,3,3,2,3,1,3,3,1,2,4
1.77,1.6,0.2666666666666667,10,2,1,1,1,1,2,2,2,2,2
3.73,3.3,0.8999999999999999,10,4,4,4,1,3,3,4,4,3,3
4.94,4.8,0.17777777777777776,10,5,5,5,5,5,5,4,5,5,4
2.72,2.7,2.011111111111111,10,1,4,2,5,2,4,2,4,1,2
1.0699999999999998,1.0,0.0,10,1,1,1,1,1,1,1,1,1,1
4.07,4.2,0.8444444444444444,10,4,5,5,5,4,5,4,2,4,4
3.69,3.6,1.1555555555555557,10,4,5,2,5,4,4,3,2,3,4
1.83,1.7,2.2333333333333334,10,5,1,1,1,1,1,1,1,1,4
4.2,4.0,0.4444444444444444,10,4,4,3,5,4,4,5,4,3,4
1.11,1.0,0.0,10,1,1,1,1,1,1,1,1,1,1
3.74,3.4,0.7111111111111112,10,3,3,4,3,4,5,3,4,2,3
2.62,2.1,1.2111111111111112,10,3,3,3,1,1,2,1,4,1,2
4.13,4.1,0.5444444444444444,10,4,3,4,3,4,5,4,4,5,5
1.32,1.3,0.23333333333333334,10,1,2,1,2,1,1,1,2,1,1
4.73,4.9,0.09999999999999996,10,4,5,5,5,5,5,5,5,5,5
1.92,2.4,0.9333333333333333,10,1,3,1,2,2,3,4,3,3,2
4.89,4.9,0.09999999999999998,10,5,5,4,5,5,5,5,5,5,5
1.94,1.9,0.9888888888888887,10,2,1,4,1,1,1,2,2,3,2
2.8,2.6,1.3777777777777778,10,4,4,4,2,1,3,3,2,2,1
3.65,3.1,0.5444444444444443,10,3,4,4,2,4,2,3,3,3,3
2.01,2.6,1.155555555555556,10,2,3,3,4,1,3,2,4,3,1
1.89,2.2,0.8444444444444444,10,2,1,2,1,3,4,3,2,2,2
4.970000000000001,4.8,0.17777777777777773,10,5,5,5,4,5,5,4,5,5,5
2.24,2.6,1.3777777777777778,10,2,3,1,3,5,1,3,3,2,3
2.87,3.3,0.6777777777777777,10,3,3,4,2,5,3,3,3,3,4
3.14,2.9,0.5444444444444445,10,3,2,3,4,3,3,2,3,4,2
2.84,2.8,1.2888888888888892,10,2,2,2,3,5,1,3,3,4,3
4.5,4.3,0.6777777777777777,10,3,5,5,5,3,5,4,5,4,4
4.16,3.8,1.0666666666666673,10,4,4,5,1,4,4,4,4,4,4
2.48,3.1,0.7666666666666665,10,3,4,4,2,2,4,3,2,3,4
4.87,4.8,0.17777777777777773,10,4,4,5,5,5,5,5,5,5,5
4.33,4.2,0.39999999999999997,10,4,4,5,4,4,4,3,5,5,4
2.55,2.5,1.8333333333333333,10,2,1,1,3,2,3,4,3,1,5
4.21,4.2,0.6222222222222222,10,4,4,5,4,5,3,5,5,3,4
3.19,3.8,1.2888888888888892,10,4,3,4,4,2,5,2,5,5,4
1.03,1.0,0.0,10,1,1,1,1,1,1,1,1,1,1
1.05,1.0,0.0,10,1,1,1,1,1,1,1,1,1,1
5.0,5.0,0.0,10,5,5,5,5,5,5,5,5,5,5
2.79,3.0,0.6666666666666666,10,3,4,3,3,4,3,4,2,2,2
3.14,3.3,0.6777777777777777,10,2,4,3,3,3,4,5,3,3,3
2.8,2.5,0.9444444444444444,10,3,4,3,1,1,2,2,3,3,3
1.44,1.3,0.23333333333333334,10,2,1,1,1,2,1,1,1,2,1
2.75,2.3,1.3444444444444443,10,2,4,1,1,2,3,4,2,1,3
2.33,2.3,1.5666666666666667,10,3,4,2,3,4,3,1,1,1,1
2.81,2.8,1.0666666666666669,10,2,1,3,4,3,4,2,4,3,2
3.77,4.0,0.4444444444444444,10,5,3,3,4,4,5,4,4,4,4
1.36,1.6,0.7111111111111112,10,3,1,1,1,1,1,2,2,1,3
4.93,5.0,0.0,10,5,5,5,5,5,5,5,5,5,5
1.65,1.6,0.7111111111111112,10,2,3,3,1,1,2,1,1,1,1
3.21,2.7,1.7888888888888888,10,1,4,4,3,4,2,1,4,1,3
1.09,1.1,0.09999999999999999,10,1,1,1,1,1,1,1,2,1,1
1.73,1.8,0.8444444444444446,10,2,2,1,1,4,1,2,1,2,2
2.95,2.9,1.4333333333333333,10,2,2,3,1,2,5,4,4,3,3
1.38,1.5,0.5,10,1,1,1,1,3,2,2,1,2,1
3.07,3.4,1.3777777777777775,10,4,2,5,5,4,3,3,2,2,4
2.49,2.4,0.9333333333333336,10,1,4,1,3,3,2,3,2,3,2
3.69,3.5,0.7222222222222222,10,5,3,2,4,4,4,3,3,3,4
4.5200000000000005,4.7,0.23333333333333334,10,5,4,4,5,5,5,5,5,4,5
1.52,1.3,0.23333333333333334,10,2,1,1,1,2,2,1,1,1,1
3.09,2.9,1.2111111111111112,10,2,2,4,2,2,2,3,5,3,4
2.8,2.8,0.6222222222222222,10,2,3,2,2,2,4,3,3,3,4
2.5,2.7,0.4555555555555555,10,2,2,3,3,2,4,3,3,3,2
1.75,1.6,0.2666666666666667,10,2,1,1,2,2,1,2,2,1,2
4.8,4.7,0.4555555555555555,10,5,5,5,5,5,4,5,3,5,5
1.85,2.2,0.39999999999999997,10,2,2,2,1,3,3,3,2,2,2
3.83,3.7,0.4555555555555555,10,3,3,3,3,4,4,4,4,5,4
1.92,2.1,0.7666666666666665,10,1,3,2,1,3,1,3,3,2,2
4.21,4.6,0.4888888888888888,10,5,5,3,4,5,4,5,5,5,5
1.55,1.4,0.2666666666666667,10,2,1,1,2,1,1,1,2,1,2
3.89,3.9,1.4333333333333336,10,4,4,1,4,4,5,5,4,5,3
1.1,1.1,0.09999999999999999,10,1,1,1,1,1,1,2,1,1,1
2.69,3.2,0.6222222222222222,10,3,5,3,3,4,3,3,3,2,3
3.71,3.8,1.0666666666666669,10,4,5,3,4,2,3,4,5,3,5
2.83,2.7,1.788888888888889,10,4,1,4,2,3,1,3,5,2,2
2.49,2.4,1.3777777777777775,10,1,4,2,3,2,4,1,3,1,3
1.62,1.2,0.17777777777777778,10,1,1,1,1,1,1,2,2,1,1
2.05,2.4,0.9333333333333333,10,2,2,2,1,3,1,4,3,3,3
2.44,1.9,0.5444444444444446,10,3,1,2,1,2,2,2,1,2,3
3.02,2.9,1.6555555555555557,10,3,1,2,5,3,3,5,3,2,2
2.58,2.7,0.8999999999999999,10,4,3,3,2,1,3,3,2,4,2
2.83,2.6,0.7111111111111111,10,3,3,3,2,2,3,4,1,3,2
2.73,3.0,1.1111111111111112,10,4,3,3,2,4,4,2,1,3,4
4.51,4.5,0.2777777777777778,10,5,4,5,5,5,4,4,5,4,4
2.34,2.4,1.1555555555555554,10,3,2,1,1,3,3,1,4,3,3
1.43,1.3,0.23333333333333334,10,2,2,1,1,1,1,2,1,1,1
4.98,4.9,0.09999999999999999,10,5,5,5,5,5,5,5,4,5,5
2.55,2.8,0.6222222222222222,10,3,4,3,2,3,2,2,3,2,4
3.82,4.2,0.6222222222222222,10,5,4,3,5,5,4,3,4,5,4
1.2,1.1,0.09999999999999999,10,1,1,1,2,1,1,1,1,1,1
2.44,2.2,0.6222222222222222,10,2,2,2,2,2,4,2,2,3,1
2.0,1.8,0.4000000000000001,10,2,1,2,2,1,3,1,2,2,2
3.47,3.5,1.1666666666666667,10,4,2,3,3,3,5,4,5,4,2
4.05,4.2,1.5111111111111113,10,4,4,4,5,5,5,5,4,5,1
1.44,1.5,0.9444444444444444,10,1,1,1,1,2,4,2,1,1,1
2.84,2.6,1.3777777777777778,10,3,3,3,5,2,1,2,1,3,3
3.81,4.2,0.6222222222222222,10,4,5,5,4,3,4,5,3,4,5
1.27,1.4,0.48888888888888915,10,3,1,1,1,1,1,1,2,1,2
4.54,4.6,0.2666666666666667,10,5,4,5,4,5,5,5,5,4,4
1.46,1.8,0.8444444444444446,10,1,2,2,2,2,4,2,1,1,1
1.12,1.0,0.0,10,1,1,1,1,1,1,1,1,1,1
1.53,1.4,0.48888888888888893,10,2,1,2,1,1,1,1,3,1,1
3.32,3.6,1.3777777777777775,10,3,4,3,4,4,3,1,5,4,5
3.14,3.4,0.9333333333333336,10,5,2,2,4,3,4,4,4,3,3
1.65,2.1,0.3222222222222224,10,2,1,3,2,3,2,2,2,2,2
2.39,2.8,0.39999999999999997,10,3,3,2,4,3,3,2,3,2,3
4.04,4.1,0.7666666666666666,10,5,4,5,5,5,3,3,3,4,4
1.06,1.0,0.0,10,1,1,1,1,1,1,1,1,1,1
3.58,3.5,0.7222222222222222,10,4,4,4,2,3,3,5,3,3,4
1.48,1.2,0.1777777777777778,10,1,1,2,1,1,2,1,1,1,1
1.04,1.1,0.09999999999999999,10,1,1,1,1,1,1,1,2,1,1
4.74,4.8,0.17777777777777773,10,5,4,5,5,5,5,5,5,4,5
3.41,3.9,1.2111111111111112,10,4,5,5,3,2,3,5,3,5,4
2.13,2.6,1.1555555555555557,10,2,2,2,5,2,2,2,2,3,4
1.39,1.4,0.2666666666666667,10,1,1,1,2,1,1,2,2,2,1
3.29,3.4,0.48888888888888904,10,2,3,4,3,4,4,3,4,3,4
3.08,2.7,0.8999999999999999,10,4,3,1,3,2,3,2,2,4,3
1.1800000000000002,1.1,0.09999999999999999,10,1,1,1,2,1,1,1,1,1,1
4.91,4.8,0.17777777777777773,10,4,4,5,5,5,5,5,5,5,5
3.22,3.3,0.8999999999999999,10,3,3,2,4,3,2,4,3,4,5
4.66,4.7,0.23333333333333334,10,4,5,5,5,4,4,5,5,5,5
1.83,1.5,0.5,10,1,1,2,2,2,3,1,1,1,1
4.8100000000000005,5.0,0.0,10,5,5,5,5,5,5,5,5,5,5
3.0,2.7,1.1222222222222222,10,3,4,1,4,2,2,2,2,4,3
1.19,1.1,0.1,10,1,1,1,1,1,1,1,1,1,2
4.26,4.2,0.6222222222222222,10,4,3,3,4,5,4,5,5,4,5
4.32,4.1,0.9888888888888889,10,4,4,5,4,2,5,5,4,3,5
3.52,3.3,0.8999999999999999,10,4,4,4,4,3,3,1,4,3,3
3.5,3.8,0.8444444444444444,10,4,4,3,5,3,4,2,4,4,5
1.54,1.9,0.3222222222222222,10,2,2,2,2,1,2,2,1,2,3
1.59,1.6,0.7111111111111112,10,3,2,1,2,1,1,3,1,1,1
1.61,1.8,1.0666666666666669,10,2,1,2,1,1,3,1,1,2,4
2.5,2.2,0.8444444444444444,10,2,1,2,1,3,4,2,3,2,2
3.54,3.5,1.3888888888888888,10,5,4,3,4,2,5,2,2,4,4
3.72,4.1,0.5444444444444445,10,4,4,5,5,4,4,4,5,3,3
1.45,1.9,0.5444444444444443,10,2,2,1,1,3,3,2,1,2,2
3.8,4.3,1.1222222222222222,10,5,2,5,5,5,5,4,5,4,3
1.08,1.0,0.0,10,1,1,1,1,1,1,1,1,1,1
2.26,2.8,0.8444444444444444,10,4,3,2,3,4,3,2,3,3,1
2.41,2.2,0.39999999999999997,10,2,2,2,1,2,3,2,2,3,3
3.06,3.0,0.6666666666666666,10,2,3,3,2,4,4,2,3,3,4
2.99,3.4,1.1555555555555557,10,2,3,3,5,3,3,4,5,4,2
2.68,2.0,0.6666666666666666,10,2,3,3,1,2,1,3,2,1,2
4.529999999999999,4.8,0.17777777777777773,10,4,4,5,5,5,5,5,5,5,5
3.23,2.6,1.3777777777777775,10,2,3,1,3,2,2,4,5,2,2
2.11,3.0,1.1111111111111112,10,3,3,4,4,3,2,2,4,4,1
4.71,4.9,0.09999999999999998,10,5,5,5,4,5,5,5,5,5,5
3.41,3.2,1.2888888888888888,10,5,4,4,3,4,3,1,3,2,3
1.26,1.6,0.7111111111111112,10,1,3,1,1,1,2,1,1,3,2
2.77,2.2,0.6222222222222222,10,3,2,3,1,2,3,2,2,1,3
1.29,1.1,0.09999999999999999,10,2,1,1,1,1,1,1,1,1,1
4.19,3.8,1.0666666666666667,10,4,4,4,4,5,5,4,2,2,4
1.92,2.0,0.6666666666666666,10,3,2,2,2,1,2,3,1,1,3
2.79,2.8,0.8444444444444444,10,4,4,2,2,3,2,4,2,2,3
2.51,2.6,0.9333333333333336,10,2,4,1,3,2,4,3,2,2,3
2.22,2.9,0.7666666666666665,10,4,3,3,3,1,3,4,3,2,3
1.16,1.1,0.09999999999999999,10,1,1,1,1,2,1,1,1,1,1
4.07,4.2,0.17777777777777773,10,4,4,4,5,4,4,5,4,4,4
2.45,2.1,0.7666666666666665,10,1,3,3,1,1,2,3,3,2,2
3.76,3.4,0.9333333333333336,10,3,4,2,4,3,4,4,3,2,5
4.3,4.5,0.2777777777777778,10,5,4,5,4,5,4,4,5,5,4
3.1,3.1,0.7666666666666666,10,3,3,3,5,4,3,3,2,3,2
2.69,2.1,0.5444444444444444,10,2,2,2,3,2,3,1,1,3,2
4.94,5.0,0.0,10,5,5,5,5,5,5,5,5,5,5
4.62,4.6,0.4888888888888887,10,3,4,5,4,5,5,5,5,5,5
4.23,4.5,0.2777777777777778,10,5,5,4,4,5,4,5,4,5,4
1.89,1.7,0.8999999999999999,10,2,4,1,1,1,2,1,2,1,2
3.56,3.9,0.3222222222222222,10,4,4,4,3,4,4,4,3,4,5
3.16,2.7,0.6777777777777777,10,3,4,2,2,3,2,2,3,2,4
3.71,3.9,0.5444444444444445,10,4,5,4,3,4,5,4,4,3,3
4.94,5.0,0.0,10,5,5,5,5,5,5,5,5,5,5
3.19,3.7,0.8999999999999999,10,3,5,4,4,3,3,4,5,2,4
3.92,4.1,0.9888888888888887,10,4,3,5,4,4,2,5,5,5,4
1.56,1.3,0.23333333333333334,10,1,2,1,2,1,1,2,1,1,1
3.27,3.3,0.8999999999999999,10,3,4,4,4,2,4,2,2,4,4
4.99,5.0,0.0,10,5,5,5,5,5,5,5,5,5,5
1.78,1.9,0.5444444444444443,10,1,3,2,3,1,2,2,1,2,2
3.06,2.9,0.7666666666666664,10,5,2,2,3,3,2,3,3,3,3
4.2700000000000005,3.9,1.2111111111111112,10,3,5,5,5,2,4,3,4,3,5
1.54,1.6,0.48888888888888904,10,1,2,3,2,1,1,2,2,1,1
2.44,2.5,0.5,10,2,3,3,1,3,2,3,3,2,3
4.23,4.1,0.7666666666666666,10,5,3,5,4,3,5,4,5,4,3
3.41,3.4,0.7111111111111114,10,5,3,4,4,3,3,4,3,2,3
3.23,3.1,0.5444444444444443,10,2,4,3,4,2,3,4,3,3,3
1.59,1.4,0.48888888888888893,10,2,1,1,1,1,2,1,3,1,1
3.7,3.9,1.877777777777778,10,5,4,5,2,4,2,5,5,5,2
4.26,4.6,0.4888888888888888,10,5,5,5,4,5,3,5,5,4,5
2.6,2.4,1.1555555555555557,10,4,3,3,3,3,1,1,3,1,2
2.88,2.8,0.6222222222222222,10,2,2,4,3,3,4,2,3,3,2
1.89,2.0,0.4444444444444444,10,2,1,1,2,3,2,2,2,3,2
2.9,2.8,1.511111111111111,10,2,2,2,5,4,3,4,2,1,3
4.48,4.3,0.6777777777777777,10,4,5,3,5,5,4,5,3,5,4
2.04,2.5,1.3888888888888888,10,4,2,2,2,4,4,1,2,3,1
2.18,2.3,0.4555555555555555,10,2,2,2,3,2,3,2,3,1,3
3.26,2.6,0.48888888888888904,10,3,4,2,2,3,2,3,2,2,3
1.55,1.3,0.23333333333333334,10,1,1,2,1,2,1,1,1,1,2
3.66,3.8,0.6222222222222222,10,4,5,4,5,3,3,3,4,3,4
4.51,4.6,0.26666666666666666,10,5,4,5,5,5,5,4,5,4,4
1.35,1.2,0.17777777777777778,10,1,1,1,1,1,1,2,1,1,2
3.35,3.0,0.6666666666666666,10,4,2,4,2,3,3,3,2,4,3
3.27,3.1,0.7666666666666665,10,4,4,3,2,2,4,2,3,3,4
3.25,3.2,0.6222222222222222,10,2,3,4,4,3,2,4,3,4,3
3.63,4.2,0.8444444444444444,10,3,5,5,4,3,5,3,5,4,5
3.46,3.6,1.6,10,2,4,2,4,5,4,5,3,2,5
2.91,1.9,0.3222222222222223,10,2,2,2,1,3,2,1,2,2,2
1.29,1.0,0.0,10,1,1,1,1,1,1,1,1,1,1
1.81,1.6,0.2666666666666667,10,2,2,2,2,1,1,2,1,1,2
2.14,2.4,0.48888888888888904,10,2,1,2,3,3,2,3,3,3,2
4.98,5.0,0.0,10,5,5,5,5,5,5,5,5,5,5
4.64,4.4,0.48888888888888893,10,4,5,4,5,5,4,5,3,5,4
2.67,3.3,1.3444444444444443,10,5,3,3,3,3,3,5,3,4,1
1.59,1.8,0.8444444444444446,10,1,3,3,1,2,1,2,3,1,1
4.36,4.6,0.26666666666666666,10,5,5,5,5,5,4,4,4,5,4
3.25,3.0,1.1111111111111112,10,2,3,3,3,3,3,5,3,1,4
4.51,4.6,0.2666666666666667,10,5,5,5,4,5,5,5,4,4,4
3.34,3.2,1.5111111111111113,10,2,4,4,1,2,3,5,3,4,4
3.18,2.8,1.288888888888889,10,3,2,3,1,2,5,2,3,3,4
3.65,3.2,1.7333333333333334,10,2,3,4,3,1,3,5,5,2,4
2.3,2.6,0.7111111111111111,10,2,3,2,3,3,3,1,2,3,4
1.11,1.1,0.1,10,1,1,1,1,1,1,1,1,2,1
4.7,4.8,0.17777777777777773,10,5,4,5,5,5,4,5,5,5,5
4.24,4.4,0.9333333333333331,10,5,5,5,2,5,4,4,5,5,4
1.73,2.0,0.6666666666666666,10,1,3,2,1,2,2,2,1,3,3
1.94,2.1,0.9888888888888889,10,1,1,3,3,2,3,3,1,1,3
3.91,3.5,0.9444444444444444,10,5,2,3,3,3,3,4,3,5,4
4.62,4.8,0.17777777777777773,10,5,5,5,5,4,5,5,5,5,4
2.84,2.9,1.655555555555556,10,4,3,1,4,4,2,4,1,2,4
1.34,1.4,0.2666666666666667,10,1,2,2,1,1,1,2,1,2,1
3.64,3.4,0.48888888888888904,10,3,2,3,3,4,3,4,4,4,4
1.72,2.0,0.6666666666666666,10,3,3,1,3,1,2,2,2,1,2
4.6,4.5,0.5,10,4,5,5,5,3,5,4,4,5,5
2.49,2.9,0.9888888888888887,10,2,1,4,3,3,3,3,2,4,4
1.47,1.6,0.48888888888888904,10,2,2,2,3,1,1,1,2,1,1
1.39,1.4,0.2666666666666667,10,2,1,1,2,2,2,1,1,1,1
2.32,2.9,0.5444444444444445,10,2,3,3,4,3,3,3,2,2,4
1.53,1.7,0.23333333333333334,10,2,2,2,2,1,2,2,1,1,2
2.52,2.4,0.9333333333333331,10,3,3,3,2,2,1,2,4,1,3
4.8100000000000005,5.0,0.0,10,5,5,5,5,5,5,5,5,5,5
4.51,4.5,0.2777777777777778,10,4,5,4,5,5,5,4,4,5,4
2.65,2.6,0.48888888888888893,10,3,2,2,2,3,3,4,2,2,3
1.81,1.7,0.6777777777777778,10,2,1,1,1,1,3,2,2,1,3
2.6100000000000003,2.4,0.48888888888888893,10,2,2,2,2,3,2,2,3,4,2
1.44,1.3,0.23333333333333334,10,1,2,1,2,1,2,1,1,1,1
1.96,1.9,0.7666666666666665,10,3,3,2,1,1,1,1,2,2,3
1.35,1.4,0.48888888888888915,10,1,3,1,1,1,1,2,1,2,1
4.12,3.9,1.2111111111111112,10,3,5,2,3,4,5,5,5,3,4
3.02,2.7,0.4555555555555556,10,2,2,2,2,3,4,3,3,3,3
2.3,2.0,0.6666666666666666,10,1,2,3,2,3,2,1,1,3,2
4.75,4.9,0.09999999999999998,10,5,5,5,5,4,5,5,5,5,5
2.06,2.0,0.6666666666666666,10,2,1,1,2,2,2,4,2,2,2
3.74,4.0,0.6666666666666666,10,3,3,5,4,4,5,4,5,4,3
2.52,2.4,1.155555555555556,10,2,2,3,4,3,1,2,1,2,4
4.92,4.6,0.4888888888888888,10,4,5,5,5,4,3,5,5,5,5
4.68,4.5,0.5,10,4,5,3,5,5,4,5,5,5,4
2.36,2.1,0.7666666666666665,10,3,2,3,1,1,3,2,1,2,3
4.58,4.4,0.48888888888888893,10,5,5,4,4,5,5,5,4,4,3
4.46,4.6,0.26666666666666666,10,5,4,5,5,4,5,5,4,4,5
4.02,3.6,0.7111111111111112,10,5,4,3,4,4,3,3,4,2,4
2.39,2.3,0.8999999999999999,10,3,3,3,2,2,4,1,2,2,1
2.53,2.2,1.0666666666666667,10,2,2,1,3,3,3,1,1,4,2
1.58,2.2,0.39999999999999997,10,2,2,2,3,3,3,2,2,1,2
1.47,1.4,0.2666666666666667,10,2,1,2,2,1,1,1,2,1,1
2.66,3.0,0.4444444444444444,10,3,3,3,3,4,3,3,4,2,2
3.94,4.1,0.5444444444444444,10,4,5,3,4,3,4,5,5,4,4
1.78,2.0,0.8888888888888888,10,4,2,2,1,2,1,1,2,3,2
3.46,3.6,1.1555555555555554,10,5,3,5,4,5,3,2,3,3,3
2.01,1.8,0.4000000000000001,10,2,1,2,2,3,1,1,2,2,2
1.09,1.2,0.17777777777777778,10,1,1,1,1,1,1,1,2,1,2
1.31,1.4,0.2666666666666667,10,2,1,2,1,1,2,2,1,1,1
4.9,5.0,0.0,10,5,5,5,5,5,5,5,5,5,5
4.220000000000001,4.5,0.2777777777777778,10,4,4,5,4,4,5,5,5,5,4
4.76,4.8,0.17777777777777776,10,5,5,5,5,5,4,5,5,4,5
2.18,2.4,0.48888888888888893,10,2,2,2,3,2,2,4,2,3,2
4.5200000000000005,4.4,0.4888888888888888,10,5,4,3,5,4,4,5,5,5,4
1.4,1.7,0.45555555555555544,10,1,2,1,3,1,2,2,2,2,1
2.98,3.0,0.6666666666666666,10,2,2,4,2,3,3,4,3,3,4
1.13,1.1,0.09999999999999999,10,1,1,1,1,2,1,1,1,1,1
3.72,3.8,0.17777777777777776,10,4,4,4,4,4,4,4,4,3,3
1.16,1.1,0.09999999999999999,10,2,1,1,1,1,1,1,1,1,1
1.09,1.1,0.09999999999999999,10,1,1,1,1,1,1,2,1,1,1
4.89,5.0,0.0,10,5,5,5,5,5,5,5,5,5,5
3.61,3.7,1.5666666666666667,10,4,3,5,5,1,5,4,3,4,3
1.67,1.7,1.5666666666666664,10,1,1,1,1,1,4,2,1,4,1
1.6,1.7,0.6777777777777779,10,3,2,2,3,1,2,1,1,1,1
4.09,4.0,1.7777777777777777,10,5,5,4,5,3,5,5,4,3,1
3.21,3.0,0.6666666666666666,10,4,3,3,2,4,3,3,2,4,2
2.07,2.2,1.066666666666667,10,3,3,1,1,1,4,3,2,2,2
2.16,1.8,0.6222222222222222,10,1,1,2,3,2,3,1,2,1,2
1.88,1.5,0.2777777777777778,10,1,1,2,1,1,2,2,1,2,2
3.71,3.9,0.9888888888888892,10,5,5,5,4,4,4,3,4,2,3
3.62,3.2,1.0666666666666669,10,3,4,3,3,3,4,1,5,3,3
2.1,1.5,0.5,10,2,1,1,1,3,1,1,2,1,2
4.02,3.6,0.9333333333333336,10,3,3,4,5,3,4,3,4,5,2
2.05,1.9,0.5444444444444444,10,3,2,3,1,2,2,1,1,2,2
1.03,1.0,0.0,10,1,1,1,1,1,1,1,1,1,1
3.08,2.9,1.4333333333333331,10,1,1,5,3,3,3,3,3,3,4
4.12,4.4,0.4888888888888888,10,5,4,5,5,5,3,4,5,4,4
3.49,3.8,0.8444444444444444,10,4,3,4,4,4,5,3,2,4,5
4.51,4.6,0.4888888888888888,10,5,5,5,5,5,4,5,3,5,4
1.99,1.9,0.9888888888888889,10,2,2,4,3,2,1,2,1,1,1
4.62,4.8,0.17777777777777776,10,5,5,5,5,5,4,5,5,4,5
2.27,2.4,1.3777777777777775,10,1,2,2,3,5,3,2,3,2,1
2.03,1.7,0.45555555555555544,10,2,3,1,1,1,2,2,1,2,2
3.75,4.1,0.9888888888888889,10,5,5,4,5,3,5,3,3,5,3
3.93,4.3,0.4555555555555555,10,5,4,3,4,5,4,4,5,4,5
3.59,3.7,0.23333333333333334,10,4,4,3,4,3,4,3,4,4,4
2.7,2.3,0.8999999999999999,10,3,3,2,2,1,4,3,2,1,2
2.98,2.9,0.7666666666666666,10,2,2,3,3,3,3,3,5,2,3
4.26,4.1,0.7666666666666666,10,5,4,5,4,3,5,5,3,3,4
3.62,3.6,1.377777777777778,10,3,5,3,5,3,4,4,4,1,4
3.7,3.7,1.1222222222222222,10,5,4,3,3,4,5,3,3,2,5
2.92,2.7,1.5666666666666667,10,4,4,2,4,1,1,3,2,4,2
4.39,4.8,0.17777777777777773,10,4,5,5,5,5,5,5,5,5,4
4.3100000000000005,3.8,1.511111111111111,10,4,5,5,4,4,5,3,1,3,4
3.82,4.0,0.4444444444444444,10,4,4,3,4,4,5,4,3,4,5
4.5600000000000005,4.8,0.17777777777777773,10,5,4,5,4,5,5,5,5,5,5
4.1,4.3,0.4555555555555555,10,5,5,4,4,4,5,4,3,4,5
3.82,4.0,0.2222222222222222,10,4,4,4,4,4,4,4,3,4,5
4.65,4.9,0.09999999999999998,10,5,5,5,5,5,4,5,5,5,5
3.46,3.5,0.9444444444444444,10,4,4,2,3,3,4,2,4,4,5
3.55,4.2,0.39999999999999997,10,4,4,5,4,3,5,4,4,4,5
3.39,3.0,0.6666666666666666,10,4,3,2,2,3,4,4,3,3,2
4.970000000000001,4.9,0.09999999999999999,10,5,5,5,5,5,5,4,5,5,5
2.62,2.3,1.3444444444444443,10,3,2,1,2,3,4,1,1,2,4
1.33,1.8,0.8444444444444446,10,1,1,2,2,2,2,2,1,4,1
4.83,4.7,0.23333333333333334,10,5,5,4,4,5,5,5,5,4,5
4.69,4.6,0.4888888888888888,10,5,5,5,5,5,3,4,4,5,5
2.82,2.6,0.48888888888888904,10,2,4,3,2,2,2,2,3,3,3
1.29,1.3,0.23333333333333334,10,1,1,2,1,2,1,1,2,1,1
3.75,3.9,0.5444444444444443,10,3,3,4,3,5,5,4,4,4,4
3.46,3.5,0.9444444444444444,10,3,3,3,5,4,5,3,2,4,3
1.24,1.2,0.17777777777777784,10,2,1,1,1,2,1,1,1,1,1
1.94,2.1,0.9888888888888887,10,2,1,4,2,3,3,1,2,2,1
4.970000000000001,5.0,0.0,10,5,5,5,5,5,5,5,5,5,5
1.52,1.6,0.48888888888888893,10,1,2,1,1,1,2,1,2,2,3
2.89,3.1,0.9888888888888887,10,2,2,3,4,5,3,4,3,3,2
4.42,4.4,0.711111111111111,10,5,5,5,5,4,3,4,3,5,5
1.75,1.8,0.6222222222222222,10,3,2,2,1,2,1,1,2,1,3
4.55,4.7,0.23333333333333334,10,5,5,5,5,5,4,5,4,4,5
4.35,4.6,0.2666666666666667,10,5,4,5,4,5,5,5,5,4,4
3.78,3.6,1.3777777777777775,10,2,3,2,5,5,4,5,3,3,4
1.31,1.0,0.0,10,1,1,1,1,1,1,1,1,1,1
1.22,1.1,0.09999999999999999,10,1,1,1,1,1,2,1,1,1,1
1.68,2.1,1.655555555555556,10,2,1,1,5,2,3,3,1,1,2
3.66,3.4,1.3777777777777775,10,5,5,2,4,2,3,4,3,4,2
1.49,1.2,0.1777777777777778,10,1,1,2,1,1,1,1,1,2,1
4.75,4.8,0.17777777777777773,10,5,5,4,5,5,5,5,4,5,5
4.470000000000001,4.8,0.17777777777777773,10,4,5,5,5,5,5,4,5,5,5
3.96,3.9,0.7666666666666666,10,4,3,3,5,3,4,5,3,5,4
3.12,2.7,0.8999999999999999,10,1,4,2,2,4,3,2,3,3,3
4.94,5.0,0.0,10,5,5,5,5,5,5,5,5,5,5
4.45,4.2,0.8444444444444444,10,5,5,4,4,3,5,5,3,5,3
3.04,3.3,0.8999999999999999,10,2,4,3,5,4,3,3,4,2,3
2.88,2.0,1.3333333333333333,10,1,3,1,1,1,3,3,4,2,1
3.91,3.7,1.3444444444444443,10,3,4,2,5,5,3,5,4,2,4
3.93,4.0,0.4444444444444444,10,3,5,4,4,4,4,3,5,4,4
3.16,3.3,0.8999999999999999,10,2,3,3,2,4,4,5,4,3,3
3.3,3.3,1.5666666666666667,10,3,4,5,5,4,2,3,3,1,3
4.41,4.6,0.26666666666666666,10,4,4,4,5,5,5,4,5,5,5
3.09,2.6,0.7111111111111112,10,3,2,4,2,3,2,2,4,2,2
1.04,1.1,0.09999999999999999,10,1,1,1,2,1,1,1,1,1,1
4.75,4.9,0.09999999999999998,10,5,5,4,5,5,5,5,5,5,5
4.55,4.8,0.17777777777777773,10,5,5,4,5,5,5,5,4,5,5
3.01,2.8,0.6222222222222222,10,3,3,1,4,3,3,2,3,3,3
4.4,4.7,0.23333333333333334,10,4,5,5,4,5,5,5,4,5,5
3.17,3.6,0.7111111111111111,10,4,4,3,3,4,4,4,5,3,2
3.63,3.3,0.6777777777777777,10,2,4,3,4,2,4,4,3,4,3
3.98,3.6,0.9333333333333336,10,3,2,5,3,4,4,5,3,3,4
3.0,3.6,1.822222222222222,10,4,5,1,5,4,3,3,5,4,2
2.5,2.4,0.7111111111111112,10,2,1,3,3,3,2,2,4,2,2
4.58,4.4,0.48888888888888893,10,4,4,5,4,5,5,5,3,4,5
4.470000000000001,4.0,0.4444444444444444,10,3,4,4,5,4,4,5,4,3,4
4.73,4.5,0.2777777777777778,10,5,5,4,5,4,4,5,4,5,4
2.09,2.3,0.23333333333333334,10,3,3,2,2,3,2,2,2,2,2
3.86,3.7,0.6777777777777777,10,4,3,3,4,4,3,3,5,5,3
1.21,1.4,0.2666666666666667,10,1,1,2,2,1,2,2,1,1,1
3.15,2.9,1.4333333333333331,10,2,3,5,3,2,3,2,2,2,5
2.04,2.5,1.3888888888888888,10,2,3,4,5,2,2,2,1,2,2
2.36,1.9,0.7666666666666666,10,2,2,2,1,2,1,2,1,4,2
4.07,4.0,0.4444444444444444,10,4,3,5,4,5,4,3,4,4,4
3.09,3.5,0.7222222222222222,10,4,5,3,4,3,3,2,4,4,3
3.07,3.2,1.0666666666666669,10,1,4,4,4,3,3,4,2,3,4
2.5,2.4,0.7111111111111112,10,3,2,2,1,2,2,3,4,2,3
3.49,3.2,0.39999999999999997,10,3,3,4,3,3,4,3,2,4,3
1.02,1.1,0.09999999999999999,10,1,1,2,1,1,1,1,1,1,1
3.57,3.6,1.822222222222222,10,4,5,3,5,5,3,4,4,1,2
4.86,4.9,0.09999999999999998,10,5,5,4,5,5,5,5,5,5,5
1.64,1.7,0.6777777777777777,10,1,1,2,2,1,3,1,2,1,3
1.63,1.6,0.48888888888888893,10,2,2,2,1,1,1,1,2,1,3
1.89,2.1,0.5444444444444444,10,3,2,2,3,1,2,1,3,2,2
3.84,4.2,1.0666666666666669,10,5,3,5,5,4,5,2,4,4,5
1.75,1.7,0.4555555555555555,10,1,2,2,1,3,2,1,1,2,2
4.73,4.9,0.09999999999999996,10,4,5,5,5,5,5,5,5,5,5
4.48,4.4,0.48888888888888893,10,5,4,5,5,4,4,5,3,5,4
1.44,1.6,0.48888888888888904,10,3,2,2,1,1,1,1,1,2,2
1.87,2.0,0.8888888888888888,10,3,1,3,3,1,1,1,2,3,2
3.5,3.5,0.5,10,2,4,3,3,4,4,4,3,4,4
4.529999999999999,4.5,0.5,10,5,5,5,5,4,4,5,3,5,4
3.3,3.1,0.9888888888888887,10,3,3,2,5,4,4,2,3,2,3
3.09,3.0,0.8888888888888888,10,4,3,1,2,3,3,3,3,4,4
3.21,3.2,1.0666666666666669,10,4,3,5,2,4,4,2,2,3,3
3.95,4.3,0.4555555555555555,10,5,3,4,5,4,4,5,4,4,5
4.95,5.0,0.0,10,5,5,5,5,5,5,5,5,5,5
2.75,2.8,0.8444444444444444,10,4,2,4,2,3,4,2,3,2,2
1.02,1.2,0.1777777777777778,10,1,1,1,2,1,1,2,1,1,1
1.49,1.2,0.17777777777777784,10,2,1,1,1,1,1,1,1,2,1
3.57,4.1,1.211111111111111,10,5,5,5,4,4,3,5,3,5,2
2.78,2.8,1.0666666666666669,10,1,3,3,3,4,2,2,4,2,4
1.12,1.1,0.1,10,1,1,1,1,1,1,1,1,2,1
1.53,1.3,0.45555555555555544,10,3,2,1,1,1,1,1,1,1,1
4.19,4.1,0.7666666666666666,10,4,3,3,5,3,4,5,4,5,5
4.04,3.8,0.8444444444444444,10,5,4,4,3,4,4,3,5,4,2
2.81,2.4,1.3777777777777775,10,2,5,3,2,2,3,2,1,3,1
4.82,4.7,0.23333333333333334,10,4,5,5,5,5,5,4,5,4,5
3.13,3.4,0.9333333333333333,10,3,4,2,3,5,2,4,4,3,4
3.55,3.3,0.8999999999999999,10,4,2,3,4,3,3,2,5,3,4
3.24,3.9,0.32222222222222224,10,4,4,4,3,4,3,4,5,4,4
2.99,2.8,0.6222222222222222,10,4,2,2,2,2,4,3,3,3,3
1.71,1.5,0.2777777777777778,10,2,1,2,2,1,1,1,2,1,2
1.71,2.2,1.0666666666666669,10,1,1,4,3,1,2,2,2,3,3
2.68,2.5,1.3888888888888888,10,2,3,5,3,2,3,1,2,3,1
1.15,1.3,0.45555555555555544,10,1,3,1,1,1,1,1,1,1,2
1.65,1.6,0.2666666666666667,10,1,2,1,2,2,2,1,1,2,2
4.35,4.2,0.6222222222222222,10,4,4,5,5,4,3,5,5,3,4
2.09,1.6,0.2666666666666667,10,1,1,2,1,2,2,2,1,2,2
2.22,2.1,0.7666666666666665,10,3,2,1,3,1,1,2,2,3,3
4.02,4.0,0.8888888888888888,10,4,2,5,5,4,3,4,5,4,4
4.67,4.6,0.26666666666666666,10,5,5,4,5,5,4,5,4,4,5
4.54,4.6,0.4888888888888888,10,5,5,5,5,5,4,4,3,5,5
1.91,2.0,0.6666666666666666,10,2,1,3,1,2,2,2,3,3,1
3.47,3.4,0.7111111111111112,10,4,3,2,3,4,4,2,4,4,4
3.54,3.4,0.48888888888888904,10,3,2,4,3,4,4,3,4,3,4
3.21,3.3,1.1222222222222222,10,2,4,4,2,3,3,4,2,5,4
2.16,2.1,1.2111111111111112,10,2,2,1,1,2,2,5,2,2,2
2.33,2.2,0.8444444444444444,10,2,2,1,4,3,2,2,3,1,2
3.34,3.4,1.822222222222222,10,4,3,5,5,4,2,4,4,2,1
4.7700000000000005,4.7,0.23333333333333334,10,5,4,5,5,5,5,5,5,4,4
3.57,3.5,0.7222222222222222,10,5,4,2,3,4,4,3,4,3,3
4.29,4.5,0.2777777777777778,10,5,4,4,4,5,4,5,5,4,5
1.76,1.6,0.48888888888888904,10,1,1,2,3,1,2,1,2,1,2
3.26,3.3,0.4555555555555555,10,4,3,3,3,4,4,3,2,4,3
3.57,3.6,0.7111111111111111,10,3,3,3,3,4,3,3,4,5,5
1.29,1.3,0.23333333333333334,10,1,1,2,2,1,1,1,1,1,2
3.89,4.0,0.4444444444444444,10,4,4,4,3,5,5,4,3,4,4
2.13,2.1,0.9888888888888889,10,2,4,2,1,2,3,1,3,2,1
3.09,2.6,0.7111111111111112,10,2,3,2,2,4,3,1,3,3,3
1.58,1.9,0.7666666666666665,10,3,2,2,1,1,1,3,2,1,3
2.77,3.2,1.0666666666666669,10,4,3,2,4,3,4,3,2,5,2
4.74,4.6,0.26666666666666666,10,4,4,5,4,5,5,5,4,5,5
4.03,4.2,0.8444444444444444,10,5,4,3,4,5,5,5,3,3,5
1.47,1.8,1.0666666666666669,10,1,1,2,2,1,2,4,3,1,1
3.59,4.0,0.6666666666666666,10,4,5,3,4,3,5,3,4,4,5
1.67,1.9,0.5444444444444445,10,3,2,3,2,2,1,2,1,2,1
3.32,3.5,0.9444444444444444,10,4,2,3,4,3,4,5,2,4,4
3.81,3.7,0.4555555555555555,10,3,4,3,4,4,4,4,3,5,3
3.5,3.7,0.4555555555555555,10,4,3,3,4,3,4,3,4,5,4
2.82,3.0,1.5555555555555556,10,2,4,2,3,5,2,2,3,5,2
2.1,2.2,0.8444444444444444,10,1,2,3,4,2,1,2,2,3,2
1.29,1.2,0.1777777777777778,10,1,1,2,1,1,1,2,1,1,1
4.02,4.0,1.1111111111111112,10,5,3,4,4,2,5,5,4,5,3
3.71,3.3,1.3444444444444443,10,4,3,2,4,3,4,4,3,1,5
3.37,3.5,1.1666666666666667,10,5,5,2,3,2,4,3,4,3,4
1.53,1.6,0.48888888888888893,10,2,1,2,1,1,1,1,2,3,2
4.68,4.8,0.17777777777777773,10,5,5,4,5,5,5,4,5,5,5
3.35,2.9,0.9888888888888892,10,2,4,4,3,3,3,3,4,1,2
2.39,2.5,0.9444444444444444,10,3,2,1,3,3,1,4,3,2,3
3.75,3.9,0.9888888888888889,10,5,4,3,5,2,4,4,4,5,3
4.8,4.5,0.5,10,5,4,4,5,5,4,5,3,5,5
4.0600000000000005,4.1,0.7666666666666666,10,5,3,5,3,4,5,4,5,4,3
2.78,2.6,1.1555555555555557,10,2,1,2,3,5,2,3,3,2,3
4.12,4.0,0.6666666666666666,10,3,5,4,3,4,3,5,4,4,5
1.19,1.0,0.0,10,1,1,1,1,1,1,1,1,1,1
4.23,4.2,0.8444444444444444,10,4,5,5,4,4,5,2,5,4,4
4.25,3.9,1.4333333333333333,10,3,5,4,2,5,5,4,4,2,5
4.98,5.0,0.0,10,5,5,5,5,5,5,5,5,5,5
1.79,1.8,0.8444444444444444,10,1,1,3,1,2,3,3,1,2,1
2.13,1.8,0.4000000000000001,10,2,1,3,2,1,2,2,2,2,1
4.66,4.5,0.2777777777777778,10,5,4,5,4,4,5,5,5,4,4
4.59,4.6,0.4888888888888888,10,5,5,4,3,5,5,4,5,5,5
1.67,2.3,0.6777777777777777,10,2,3,2,2,2,1,2,2,4,3
1.02,1.0,0.0,10,1,1,1,1,1,1,1,1,1,1
3.25,4.1,0.7666666666666666,10,5,5,3,5,4,3,3,5,4,4
4.0,4.2,1.0666666666666667,10,5,4,5,2,5,3,5,4,5,4
1.4,1.7,0.4555555555555555,10,1,2,2,2,1,2,3,1,1,2
4.32,4.5,0.5,10,4,4,3,5,5,4,5,5,5,5
4.2700000000000005,4.4,1.1555555555555554,10,5,5,3,5,2,5,5,4,5,5
2.29,2.1,0.7666666666666665,10,1,2,3,3,3,1,2,3,1,2
1.74,1.7,0.4555555555555556,10,2,1,2,2,2,2,1,1,1,3
4.93,4.7,0.23333333333333334,10,5,5,5,4,5,4,5,5,5,4
1.03,1.0,0.0,10,1,1,1,1,1,1,1,1,1,1
5.0,5.0,0.0,10,5,5,5,5,5,5,5,5,5,5
3.86,3.7,0.4555555555555555,10,3,3,4,4,5,4,4,3,4,3
4.8,4.8,0.17777777777777776,10,5,5,5,5,5,4,5,5,5,4
1.91,2.0,0.8888888888888888,10,1,4,2,3,2,2,1,2,2,1
3.4,3.3,0.8999999999999999,10,5,3,3,3,2,4,4,3,4,2
3.01,3.4,1.6,10,5,4,5,2,1,3,4,4,3,3
4.13,3.7,1.788888888888889,10,3,5,3,5,5,1,3,4,3,5
3.61,3.7,0.8999999999999999,10,5,4,3,4,3,3,2,4,4,5
4.26,4.2,0.6222222222222222,10,5,3,5,4,4,4,3,5,5,4
4.64,4.7,0.23333333333333334,10,4,4,5,5,4,5,5,5,5,5
3.37,3.4,0.48888888888888904,10,3,4,3,3,4,5,3,3,3,3
2.48,1.9,0.5444444444444443,10,2,3,2,2,3,1,1,1,2,2
2.26,2.6,0.48888888888888904,10,3,2,2,3,4,2,3,3,2,2
1.57,1.6,0.2666666666666667,10,2,1,2,2,2,2,1,2,1,1
3.78,4.3,0.4555555555555555,10,4,4,5,3,4,4,5,5,4,5
2.5,2.4,0.9333333333333333,10,2,2,2,2,2,4,4,3,2,1
4.95,5.0,0.0,10,5,5,5,5,5,5,5,5,5,5
4.93,4.9,0.09999999999999999,10,5,5,5,5,5,5,5,5,4,5
4.83,5.0,0.0,10,5,5,5,5,5,5,5,5,5,5
3.26,3.3,0.6777777777777777,10,4,2,4,4,3,4,2,4,3,3
3.63,3.6,0.48888888888888904,10,4,4,5,3,4,3,4,3,3,3
1.93,1.8,0.4000000000000001,10,2,3,1,1,2,2,2,1,2,2
3.3600000000000003,3.4,0.9333333333333333,10,3,3,3,4,4,2,4,4,5,2
2.14,2.2,0.8444444444444444,10,2,3,2,3,2,1,1,2,4,2
2.34,2.5,0.5,10,4,3,2,2,3,3,2,2,2,2
4.4,4.8,0.17777777777777773,10,5,5,4,5,5,5,4,5,5,5
2.99,3.2,0.39999999999999997,10,3,3,4,2,3,4,3,3,3,4
2.8600000000000003,3.0,1.3333333333333333,10,3,3,4,3,1,3,2,2,5,4
4.7700000000000005,4.9,0.09999999999999999,10,5,5,5,5,5,5,5,5,5,4
4.3100000000000005,4.3,0.6777777777777777,10,4,5,3,4,5,4,5,5,5,3
2.45,2.7,1.1222222222222222,10,4,1,3,2,2,2,2,3,4,4
2.69,3.1,1.4333333333333333,10,3,4,5,4,4,1,2,3,3,2
3.87,3.9,0.7666666666666666,10,5,4,3,4,4,2,4,4,4,5
3.18,3.2,1.5111111111111115,10,3,2,2,5,4,2,5,4,2,3
1.31,1.3,0.45555555555555544,10,3,2,1,1,1,1,1,1,1,1
2.98,3.2,1.0666666666666669,10,4,3,4,3,4,4,1,2,3,4
1.54,1.7,0.6777777777777777,10,2,1,3,1,1,2,1,3,2,1
2.03,1.9,0.5444444444444444,10,2,2,1,3,2,2,3,1,1,2
3.2,4.1,0.9888888888888889,10,5,3,3,5,4,5,3,5,5,3
4.7,4.4,0.4888888888888888,10,5,4,5,3,5,4,4,5,5,4
3.8,3.7,1.1222222222222222,10,3,5,3,4,3,3,5,2,5,4
4.529999999999999,4.4,0.4888888888888888,10,5,3,4,4,5,5,5,4,4,5
1.12,1.2,0.1777777777777778,10,1,1,1,1,2,1,1,2,1,1
4.49,4.7,0.4555555555555555,10,5,5,3,5,5,5,5,5,5,4
3.85,3.7,0.4555555555555555,10,3,4,3,3,4,4,4,5,3,4
3.19,3.3,0.6777777777777777,10,4,4,4,4,3,4,3,2,2,3
3.2,3.3,0.8999999999999999,10,3,5,3,4,3,2,4,3,2,4
2.77,2.8,1.0666666666666669,10,1,4,3,4,4,2,2,2,3,3
2.01,1.7,0.6777777777777779,10,1,2,2,3,3,1,1,2,1,1
2.04,2.3,1.1222222222222222,10,4,1,4,2,2,2,2,3,2,1
3.58,4.1,0.5444444444444444,10,5,4,3,4,4,4,5,4,3,5
1.09,1.0,0.0,10,1,1,1,1,1,1,1,1,1,1
1.21,1.3,0.23333333333333334,10,1,1,1,2,2,2,1,1,1,1
3.3,3.6,0.7111111111111112,10,4,4,5,4,3,4,4,2,3,3
2.54,2.5,2.2777777777777777,10,2,1,1,5,1,3,5,2,3,2
4.43,4.1,0.5444444444444444,10,5,5,4,4,3,4,4,5,3,4
3.04,2.6,0.48888888888888904,10,3,3,3,2,1,3,3,2,3,3
4.3100000000000005,4.5,0.9444444444444444,10,5,4,5,5,5,2,5,5,4,5
4.26,4.2,0.6222222222222222,10,4,3,5,4,5,3,5,4,4,5
4.970000000000001,5.0,0.0,10,5,5,5,5,5,5,5,5,5,5
3.46,3.8,0.6222222222222222,10,3,4,5,4,5,3,4,3,3,4
1.68,1.8,0.6222222222222222,10,1,3,2,1,2,1,1,2,3,2
4.38,4.0,1.1111111111111112,10,5,4,2,4,3,5,4,5,3,5
3.47,3.3,1.5666666666666667,10,2,5,2,2,4,4,2,5,4,3
2.75,3.3,0.6777777777777777,10,3,4,2,4,4,4,3,4,2,3
2.59,2.5,0.7222222222222222,10,3,3,3,3,3,1,1,3,3,2
3.16,3.5,0.7222222222222222,10,3,4,5,3,3,5,3,3,3,3
1.2,1.3,0.23333333333333334,10,1,2,2,1,1,1,1,1,2,1
3.19,2.7,1.1222222222222222,10,3,1,2,4,2,3,2,4,4,2
3.12,3.4,0.7111111111111112,10,4,3,4,5,2,3,3,3,3,4
3.81,3.8,1.0666666666666669,10,4,4,4,4,2,2,5,4,4,5
2.84,2.8,0.8444444444444444,10,3,4,3,3,2,4,1,3,2,3
1.22,1.1,0.09999999999999999,10,1,1,1,1,1,1,1,2,1,1
2.55,2.4,0.7111111111111111,10,2,3,2,3,2,2,1,2,4,3
4.6,4.6,0.26666666666666666,10,5,4,5,5,5,4,5,5,4,4
4.88,4.8,0.17777777777777773,10,4,5,5,5,5,5,5,5,5,4
1.33,1.2,0.17777777777777784,10,2,2,1,1,1,1,1,1,1,1
4.0,3.8,1.0666666666666667,10,4,3,3,3,4,5,5,4,5,2
1.23,1.2,0.1777777777777778,10,1,1,1,1,2,1,1,2,1,1
3.02,3.5,0.7222222222222222,10,3,5,3,3,3,4,3,3,5,3
2.02,1.7,0.9000000000000001,10,2,1,1,1,1,3,3,3,1,1
1.93,1.9,0.3222222222222222,10,2,2,2,1,2,2,2,2,3,1
4.08,3.9,1.4333333333333333,10,4,4,5,5,3,2,5,4,5,2
1.14,1.1,0.09999999999999999,10,1,1,1,2,1,1,1,1,1,1
2.31,2.6,0.2666666666666667,10,3,2,3,2,3,3,3,2,2,3
1.52,1.4,0.2666666666666667,10,1,1,2,2,1,2,1,1,2,1
4.1,4.4,0.4888888888888888,10,5,3,5,4,4,4,4,5,5,5
1.6,1.3,0.23333333333333334,10,1,2,2,1,1,1,1,1,1,2
4.73,4.9,0.09999999999999998,10,5,5,4,5,5,5,5,5,5,5
3.44,3.2,1.288888888888889,10,2,5,4,4,2,4,4,2,3,2
3.3600000000000003,3.1,0.9888888888888889,10,3,3,3,3,4,4,4,4,1,2
1.36,1.2,0.1777777777777778,10,1,1,1,2,1,1,1,1,2,1
3.27,2.9,0.7666666666666668,10,4,4,3,3,3,3,2,3,1,3
3.2,3.2,0.39999999999999997,10,3,4,3,4,2,3,3,3,4,3
4.3100000000000005,4.4,1.1555555555555554,10,5,4,5,5,3,5,5,5,5,2
3.25,3.5,0.5,10,3,4,5,3,4,3,3,3,3,4
4.89,4.7,0.23333333333333334,10,5,4,5,4,5,5,5,5,4,5
1.93,1.6,0.7111111111111112,10,2,3,1,1,1,3,2,1,1,1
2.45,2.7,1.1222222222222222,10,2,2,5,3,4,2,3,2,2,2
4.48,4.8,0.39999999999999997,10,5,5,3,5,5,5,5,5,5,5
3.72,3.4,1.377777777777778,10,3,5,3,4,3,3,5,1,3,4
2.1,1.9,0.9888888888888887,10,2,2,4,2,2,1,1,1,1,3
1.75,1.7,0.6777777777777778,10,1,3,2,3,1,1,2,1,2,1
1.99,1.7,0.6777777777777778,10,3,1,2,3,2,1,1,2,1,1
4.49,4.5,0.5,10,5,5,5,5,5,3,4,4,5,4
3.54,3.7,0.6777777777777777,10,4,5,3,4,4,4,2,3,4,4
1.54,1.6,0.48888888888888893,10,1,2,1,1,2,2,3,1,1,2
3.45,3.0,1.3333333333333333,10,2,4,5,4,3,1,2,3,3,3
3.06,3.0,1.1111111111111112,10,1,3,3,3,3,4,5,3,3,2
3.83,4.1,0.7666666666666666,10,3,5,3,5,3,5,4,5,4,4
3.23,2.9,1.2111111111111112,10,2,3,3,2,1,3,3,5,3,4
2.01,1.9,0.7666666666666665,10,2,2,3,3,1,1,1,1,2,3
1.65,1.9,0.7666666666666666,10,3,1,1,2,3,3,1,2,1,2
2.56,2.3,0.23333333333333334,10,2,2,2,2,2,3,3,2,3,2
4.57,4.5,0.5,10,5,5,5,5,4,5,3,4,4,5
3.93,4.1,0.5444444444444444,10,4,4,5,4,3,4,4,5,5,3
4.99,5.0,0.0,10,5,5,5,5,5,5,5,5,5,5
1.98,2.7,0.8999999999999999,10,2,2,2,2,4,2,4,4,3,2
3.48,3.6,1.155555555555556,10,4,5,2,4,3,5,3,4,2,4
2.08,1.4,0.2666666666666667,10,1,1,1,1,2,1,2,2,2,1
3.58,3.5,0.7222222222222222,10,3,3,4,4,4,4,5,2,3,3
1.49,1.5,0.5,10,2,3,1,2,1,1,1,2,1,1
1.0,1.0,0.0,10,1,1,1,1,1,1,1,1,1,1
4.9,4.9,0.09999999999999999,10,5,5,5,5,5,5,5,4,5,5
3.23,3.2,0.6222222222222222,10,3,4,4,3,4,2,3,4,3,2
3.12,3.1,0.5444444444444445,10,2,3,3,2,3,4,3,3,4,4
1.0699999999999998,1.4,0.2666666666666667,10,1,1,1,2,2,1,1,2,1,2
4.75,4.9,0.09999999999999999,10,5,5,5,5,5,5,4,5,5,5
3.28,3.4,1.3777777777777775,10,4,5,3,2,5,2,2,4,4,3
3.07,2.8,1.7333333333333334,10,1,4,3,2,3,1,2,5,4,3
2.57,2.8,0.39999999999999997,10,2,2,3,3,3,3,3,3,4,2
1.58,1.6,0.48888888888888904,10,3,2,1,1,1,1,2,2,2,1
3.17,2.9,1.2111111111111112,10,2,2,1,4,4,2,4,3,4,3
2.75,2.5,0.9444444444444444,10,3,3,3,1,2,2,1,4,3,3
3.42,3.8,1.0666666666666669,10,5,4,4,3,3,5,2,4,3,5
4.65,4.8,0.17777777777777773,10,5,5,4,4,5,5,5,5,5,5
3.59,3.3,1.3444444444444443,10,4,3,5,4,1,2,4,3,4,3
4.02,4.0,0.4444444444444444,10,4,5,3,5,4,3,4,4,4,4
3.76,3.8,0.8444444444444444,10,4,5,4,2,5,3,4,3,4,4
4.83,5.0,0.0,10,5,5,5,5,5,5,5,5,5,5
2.74,2.0,1.1111111111111112,10,3,1,1,1,3,1,3,3,3,1
4.95,5.0,0.0,10,5,5,5,5,5,5,5,5,5,5
4.65,4.6,0.4888888888888888,10,5,5,5,5,5,5,3,4,4,5
2.02,2.6,1.822222222222222,10,1,2,4,5,1,2,3,2,2,4
4.58,5.0,0.0,10,5,5,5,5,5,5,5,5,5,5
3.26,3.4,0.2666666666666667,10,3,4,3,4,3,4,4,3,3,3
2.53,2.2,0.6222222222222222,10,2,2,1,4,2,2,2,2,3,2
2.09,1.8,0.6222222222222222,10,2,2,2,1,1,3,3,1,1,2
3.86,3.8,1.0666666666666669,10,4,2,3,5,5,3,4,3,4,5
3.53,3.7,0.4555555555555555,10,3,3,3,4,5,4,4,4,4,3
1.66,1.7,0.4555555555555556,10,1,1,1,2,2,2,2,3,2,1
2.05,1.8,0.8444444444444446,10,1,2,2,1,2,1,2,4,2,1
2.39,2.6,1.5999999999999999,10,3,2,3,3,1,2,5,2,4,1
2.43,2.1,0.7666666666666667,10,2,2,2,1,2,3,1,2,4,2
1.66,1.4,0.48888888888888904,10,1,1,1,2,3,2,1,1,1,1
1.31,1.2,0.17777777777777784,10,2,1,2,1,1,1,1,1,1,1
2.53,2.4,0.7111111111111112,10,2,2,4,2,2,2,2,4,2,2
1.74,1.7,0.4555555555555555,10,2,2,2,3,1,1,1,1,2,2
2.22,2.3,1.1222222222222222,10,3,1,2,1,2,3,3,3,1,4
4.0,4.3,0.23333333333333334,10,4,4,4,4,4,5,5,5,4,4
1.64,1.5,0.2777777777777778,10,1,2,1,1,1,2,2,2,1,2
2.33,2.4,0.48888888888888904,10,2,3,1,2,3,3,2,3,2,3
4.279999999999999,3.8,0.6222222222222222,10,4,4,4,3,5,3,3,4,3,5
3.64,3.4,0.9333333333333336,10,3,4,4,2,4,3,2,3,4,5
2.22,2.3,0.23333333333333334,10,3,2,2,3,2,2,3,2,2,2
1.08,1.1,0.09999999999999999,10,1,1,1,2,1,1,1,1,1,1
3.87,3.4,0.7111111111111112,10,2,3,4,4,3,2,4,4,4,4
4.93,5.0,0.0,10,5,5,5,5,5,5,5,5,5,5
1.5,1.7,0.23333333333333334,10,1,2,2,2,1,2,2,1,2,2
3.82,3.9,0.5444444444444444,10,3,5,4,5,4,4,3,4,4,3
4.279999999999999,4.2,0.6222222222222222,10,4,4,5,4,4,5,5,5,3,3
4.42,4.8,0.17777777777777776,10,5,5,5,5,5,4,4,5,5,5
3.88,3.9,0.5444444444444445,10,3,4,4,5,3,4,3,4,5,4
3.94,4.1,0.5444444444444444,10,3,4,4,5,4,5,3,4,5,4
4.16,4.2,0.8444444444444444,10,4,5,4,5,3,3,5,3,5,5
2.23,2.8,0.6222222222222222,10,3,2,2,3,2,4,3,4,2,3
4.7700000000000005,4.7,0.23333333333333334,10,5,4,4,4,5,5,5,5,5,5
1.65,1.3,0.45555555555555544,10,1,1,2,3,1,1,1,1,1,1
4.24,4.0,0.6666666666666666,10,4,4,3,3,5,3,5,4,5,4
2.2,2.7,1.1222222222222222,10,4,3,1,4,3,3,1,2,3,3
1.1800000000000002,1.2,0.1777777777777778,10,1,1,1,1,2,2,1,1,1,1
1.44,1.5,0.5,10,1,1,3,1,2,1,1,1,2,2
2.24,1.8,0.4,10,2,2,2,2,2,2,1,1,1,3
1.51,1.9,0.5444444444444445,10,2,3,2,2,1,1,2,1,2,3
3.79,3.7,0.4555555555555555,10,4,4,4,3,4,3,4,3,3,5
1.53,1.8,0.8444444444444444,10,1,1,3,1,2,1,3,3,2,1
3.58,3.2,1.5111111111111117,10,4,2,5,2,5,3,3,2,4,2
1.95,1.5,0.5,10,1,2,1,1,2,1,1,1,3,2
3.89,3.9,1.2111111111111112,10,3,5,4,5,5,4,3,2,5,3
1.71,1.8,0.6222222222222222,10,1,2,3,2,1,3,1,2,1,2
3.4,3.4,0.7111111111111111,10,3,4,3,3,4,3,4,2,3,5
3.93,4.0,1.1111111111111112,10,5,3,5,3,2,4,4,5,4,5
1.29,1.5,0.5,10,1,2,1,1,1,1,2,3,1,2
4.67,4.9,0.09999999999999999,10,5,5,5,5,5,5,5,5,5,4
3.27,3.5,1.1666666666666667,10,4,2,4,3,5,5,3,3,4,2
2.08,2.4,0.9333333333333333,10,3,1,3,2,2,1,4,3,2,3
2.69,2.9,0.7666666666666667,10,4,2,3,3,2,3,4,4,2,2
3.33,3.4,0.7111111111111114,10,5,2,4,3,4,4,3,3,3,3
1.57,1.5,0.2777777777777778,10,1,2,1,2,1,2,1,2,2,1
2.07,2.2,0.8444444444444444,10,1,2,2,1,3,4,2,2,3,2
2.65,2.6,0.48888888888888893,10,3,3,2,3,2,2,2,4,2,3
2.23,2.3,0.8999999999999999,10,2,3,1,2,2,3,2,4,3,1
4.14,4.2,1.0666666666666669,10,4,5,2,5,4,4,5,5,5,3
4.04,4.0,0.8888888888888888,10,3,3,5,5,5,4,5,3,3,4
2.55,2.4,0.9333333333333333,10,2,2,2,1,3,3,4,3,1,3
4.45,4.9,0.09999999999999999,10,5,5,5,5,5,5,5,4,5,5
4.5200000000000005,4.9,0.09999999999999996,10,5,4,5,5,5,5,5,5,5,5
2.97,2.8,0.8444444444444444,10,3,3,3,3,4,4,2,1,3,2
1.79,1.8,1.0666666666666669,10,2,1,1,2,1,4,3,2,1,1
3.28,3.1,1.4333333333333333,10,3,4,2,2,5,2,3,5,2,3
4.58,4.5,0.5,10,5,5,5,4,5,5,4,3,4,5
1.97,1.5,0.2777777777777778,10,2,1,1,2,2,2,1,2,1,1
3.46,4.0,1.3333333333333333,10,1,4,4,5,4,5,4,4,5,4
2.99,2.7,0.23333333333333334,10,3,2,3,3,3,3,2,3,2,3
1.29,1.2,0.4,10,1,1,1,1,1,1,1,3,1,1
4.09,3.9,1.2111111111111112,10,4,4,1,4,5,5,4,4,4,4
4.76,4.6,0.4888888888888888,10,4,5,5,5,5,5,4,3,5,5
2.02,1.7,0.9000000000000001,10,1,3,1,3,1,2,3,1,1,1
1.7,1.7,0.45555555555555544,10,1,1,2,3,1,2,2,2,2,1
3.12,2.8,1.5111111111111113,10,3,3,2,5,4,2,2,2,1,4
1.1,1.1,0.1,10,1,1,1,1,1,1,1,1,1,2
3.81,3.6,1.3777777777777775,10,3,2,5,4,2,5,4,3,5,3
2.26,2.0,0.6666666666666666,10,3,2,1,1,1,3,2,3,2,2
3.21,3.2,1.288888888888889,10,3,4,5,2,4,4,2,2,4,2
1.81,1.7,0.6777777777777777,10,1,3,2,2,1,1,3,2,1,1
1.52,1.4,0.2666666666666667,10,1,2,1,1,1,2,2,1,1,2
1.77,1.9,0.5444444444444443,10,2,3,1,1,3,2,1,2,2,2
2.56,2.9,0.7666666666666666,10,2,3,4,3,4,2,3,2,4,2
1.75,2.0,0.2222222222222222,10,3,2,2,2,2,2,2,2,2,1
4.3100000000000005,4.4,0.26666666666666666,10,5,4,5,4,4,4,5,5,4,4
1.49,1.7,0.6777777777777778,10,2,2,1,1,1,2,3,3,1,1
2.6100000000000003,2.4,0.2666666666666667,10,3,2,2,3,2,2,3,2,3,2
1.27,1.1,0.09999999999999999,10,1,1,1,1,1,1,2,1,1,1
4.94,4.8,0.17777777777777773,10,4,5,5,5,4,5,5,5,5,5
4.46,4.8,0.17777777777777773,10,4,5,5,4,5,5,5,5,5,5
4.470000000000001,4.7,0.23333333333333334,10,5,5,4,5,5,4,5,4,5,5
1.16,1.1,0.09999999999999999,10,2,1,1,1,1,1,1,1,1,1
4.970000000000001,5.0,0.0,10,5,5,5,5,5,5,5,5,5,5
2.53,2.8,0.6222222222222222,10,4,2,3,2,2,3,2,4,3,3
2.78,3.3,0.8999999999999999,10,3,2,4,4,3,3,2,3,5,4
2.08,2.2,1.0666666666666669,10,2,3,2,4,3,1,1,1,2,3
1.57,1.4,0.48888888888888893,10,1,2,1,1,1,1,1,3,1,2
1.78,1.5,0.9444444444444444,10,4,1,1,1,1,1,1,1,2,2
1.51,1.9,0.9888888888888887,10,4,2,3,1,1,2,2,2,1,1
2.97,2.5,0.5,10,2,4,3,2,3,3,2,2,2,2
4.1,4.2,0.8444444444444444,10,4,5,3,5,5,4,3,5,3,5
4.4,4.5,0.5,10,4,3,5,5,5,4,4,5,5,5
3.12,3.1,0.7666666666666665,10,2,3,3,5,3,3,4,3,2,3
4.48,4.6,0.26666666666666666,10,4,5,5,5,4,5,5,4,5,4
4.7700000000000005,4.7,0.23333333333333334,10,5,5,5,5,4,4,5,5,4,5
1.0699999999999998,1.1,0.09999999999999999,10,1,1,1,2,1,1,1,1,1,1
2.08,1.6,0.48888888888888904,10,1,3,2,1,2,2,1,1,1,2
4.43,4.1,0.3222222222222222,10,5,4,4,4,3,5,4,4,4,4
3.55,3.6,0.7111111111111112,10,3,4,4,3,4,3,2,5,4,4
4.73,4.6,0.2666666666666667,10,5,4,5,4,5,5,5,4,5,4
2.06,1.9,0.5444444444444445,10,2,2,3,3,2,1,2,2,1,1
4.25,4.1,0.3222222222222222,10,4,4,4,4,3,5,4,4,4,5
1.64,1.7,0.4555555555555556,10,1,2,2,2,1,2,1,2,3,1
3.3600000000000003,3.2,1.0666666666666669,10,3,2,4,5,3,4,4,3,2,2
2.17,2.0,0.2222222222222222,10,2,2,2,3,1,2,2,2,2,2
1.45,1.3,0.23333333333333334,10,1,1,1,1,2,1,1,2,2,1
4.48,4.7,0.4555555555555555,10,5,5,5,4,3,5,5,5,5,5
1.99,1.8,0.6222222222222222,10,1,2,1,2,2,2,1,3,1,3
4.7,4.7,0.23333333333333334,10,5,4,5,4,5,5,5,5,5,4
3.85,4.2,1.0666666666666669,10,5,5,2,3,5,4,4,5,4,5
4.2,4.3,0.6777777777777777,10,3,3,5,5,5,5,4,4,4,5
2.18,2.7,1.5666666666666667,10,2,4,1,4,2,4,4,2,3,1
4.2700000000000005,4.5,0.5,10,4,5,5,5,4,5,5,3,5,4
3.05,2.6,0.7111111111111112,10,4,3,3,3,2,3,2,2,1,3
2.75,3.1,1.877777777777778,10,3,3,5,4,5,4,2,2,1,2
4.57,4.3,0.4555555555555555,10,3,5,5,4,4,4,4,5,4,5
2.84,3.1,1.877777777777778,10,2,2,3,5,5,3,2,2,2,5
1.65,1.4,0.48888888888888893,10,1,1,1,1,1,2,2,1,3,1
1.17,1.1,0.1,10,1,1,1,1,1,1,1,1,1,2
4.36,4.9,0.09999999999999999,10,5,5,5,5,5,5,4,5,5,5
2.81,3.1,0.9888888888888889,10,2,3,3,3,2,2,3,5,4,4
3.21,3.2,1.5111111111111113,10,4,1,3,5,4,3,4,2,2,4
2.47,2.2,0.6222222222222222,10,2,2,4,2,2,2,2,3,1,2
2.63,2.8,0.8444444444444444,10,3,2,2,1,4,3,3,3,3,4
2.6,2.5,1.3888888888888888,10,3,1,4,3,3,3,2,1,1,4
1.13,1.1,0.09999999999999999,10,1,1,1,1,1,2,1,1,1,1
4.94,4.9,0.09999999999999999,10,5,5,5,5,5,5,5,5,5,4
3.32,3.6,1.822222222222222,10,5,2,4,3,4,1,3,4,5,5
2.73,2.9,1.2111111111111112,10,1,3,5,3,3,2,3,4,2,3
2.56,2.6,1.3777777777777778,10,2,3,1,4,4,2,1,2,4,3
1.89,1.4,0.2666666666666667,10,1,1,2,1,1,2,2,2,1,1
2.72,3.0,1.1111111111111112,10,4,2,4,3,2,4,3,4,1,3
4.39,4.2,1.0666666666666669,10,2,3,5,5,4,4,5,5,4,5
4.98,5.0,0.0,10,5,5,5,5,5,5,5,5,5,5
4.17,3.8,0.8444444444444444,10,2,3,4,4,4,5,4,3,4,5
4.26,4.6,0.2666666666666667,10,4,4,5,4,5,5,5,5,5,4
3.59,3.3,1.3444444444444443,10,4,3,4,2,3,1,4,3,5,4
1.94,1.9,0.32222222222222235,10,3,1,2,2,2,2,2,1,2,2
3.79,4.0,0.6666666666666666,10,4,3,5,5,4,3,5,4,3,4
2.3,2.1,0.32222222222222224,10,2,2,2,2,3,1,2,2,2,3
4.89,5.0,0.0,10,5,5,5,5,5,5,5,5,5,5
2.31,2.4,0.9333333333333333,10,3,2,2,4,2,4,2,2,1,2
1.68,1.8,0.6222222222222222,10,1,1,3,2,2,2,3,1,1,2
1.72,1.5,0.2777777777777778,10,2,1,2,1,1,2,2,2,1,1
4.71,4.5,0.2777777777777778,10,4,4,5,5,5,4,4,5,5,4
2.35,2.6,0.9333333333333333,10,4,3,2,4,2,2,1,2,3,3
2.45,2.1,0.5444444444444444,10,2,3,3,1,2,2,1,2,2,3
1.81,1.6,0.7111111111111112,10,1,1,3,3,1,1,2,2,1,1
4.279999999999999,4.4,0.4888888888888888,10,5,5,3,5,5,4,4,4,4,5
1.4,1.5,0.5,10,3,1,1,2,1,1,1,1,2,2
4.86,4.9,0.09999999999999996,10,5,4,5,5,5,5,5,5,5,5
4.02,3.9,0.9888888888888889,10,4,5,5,4,2,4,3,4,5,3
1.27,1.6,0.48888888888888904,10,1,1,2,2,3,2,2,1,1,1
4.14,4.5,0.2777777777777778,10,5,5,5,5,4,4,4,5,4,4
2.39,2.6,0.9333333333333336,10,3,3,2,3,4,3,1,3,1,3
2.4,2.4,0.48888888888888904,10,3,3,1,2,2,3,3,2,2,3
4.84,4.9,0.09999999999999996,10,5,4,5,5,5,5,5,5,5,5
2.14,2.3,1.3444444444444443,10,4,3,2,1,1,1,2,2,4,3
2.44,2.3,1.1222222222222222,10,2,3,2,3,4,3,1,1,3,1
3.19,3.0,1.3333333333333333,10,3,1,2,5,2,4,4,3,3,3
4.16,4.3,0.23333333333333334,10,4,5,4,4,4,5,4,4,4,5
3.69,3.5,0.9444444444444444,10,5,4,4,2,4,3,4,2,4,3
2.99,2.7,0.8999999999999999,10,3,4,4,2,2,1,3,2,3,3
4.4,4.5,0.5,10,5,5,4,5,4,4,5,5,3,5
4.43,4.0,0.6666666666666666,10,4,5,3,4,3,5,4,4,5,3
1.21,1.2,0.1777777777777778,10,1,1,2,1,1,1,1,2,1,1
4.59,4.8,0.17777777777777773,10,5,4,5,5,4,5,5,5,5,5
2.35,2.1,0.7666666666666666,10,2,3,2,1,2,4,2,1,2,2
3.03,3.2,1.0666666666666667,10,4,1,4,3,4,4,3,4,2,3
3.34,3.7,1.788888888888889,10,1,4,4,5,4,5,3,4,5,2
4.67,4.8,0.17777777777777773,10,4,5,5,5,5,4,5,5,5,5
1.27,1.3,0.45555555555555544,10,3,1,1,1,1,2,1,1,1,1
2.27,2.6,0.9333333333333333,10,3,3,3,3,3,1,3,2,1,4
1.02,1.0,0.0,10,1,1,1,1,1,1,1,1,1,1
1.35,1.4,0.2666666666666667,10,1,1,2,2,1,2,2,1,1,1
3.8,3.8,0.6222222222222222,10,4,3,4,4,3,3,5,4,5,3
4.55,4.4,0.26666666666666666,10,4,4,4,4,5,5,5,5,4,4
3.09,2.7,1.1222222222222222,10,2,3,4,4,2,1,2,3,2,4
3.37,3.4,1.6,10,4,4,3,4,3,3,1,2,5,5
4.54,4.3,0.6777777777777777,10,4,4,5,4,5,5,3,3,5,5
4.61,4.9,0.09999999999999999,10,5,5,5,5,5,5,5,4,5,5
4.54,4.8,0.17777777777777773,10,5,5,5,4,5,5,5,5,5,4
2.13,1.6,0.9333333333333333,10,1,1,2,1,1,4,2,1,1,2
1.06,1.0,0.0,10,1,1,1,1,1,1,1,1,1,1
3.67,3.8,0.8444444444444444,10,5,4,5,3,4,3,2,4,4,4
4.43,4.8,0.17777777777777773,10,5,5,5,5,4,4,5,5,5,5
2.69,2.4,1.6000000000000003,10,2,2,4,3,2,2,1,2,1,5
1.15,1.1,0.09999999999999999,10,1,1,1,1,1,1,1,2,1,1
2.65,2.4,0.2666666666666667,10,3,3,2,2,2,3,2,3,2,2
4.49,4.0,0.6666666666666666,10,5,3,3,4,5,4,4,4,3,5
1.41,1.7,0.4555555555555555,10,1,2,1,1,2,2,1,3,2,2
3.79,3.8,0.39999999999999997,10,3,4,4,4,3,4,5,3,4,4
3.58,3.3,1.1222222222222222,10,4,1,3,3,3,4,5,3,4,3
4.03,3.8,1.5111111111111113,10,5,3,5,4,4,5,2,3,5,2
2.95,3.2,1.0666666666666669,10,3,4,4,2,3,4,4,1,3,4
1.57,1.5,0.5,10,2,1,1,1,1,1,2,3,2,1
3.99,4.4,0.48888888888888893,10,5,4,5,4,4,5,3,5,4,5
1.56,1.6,0.48888888888888893,10,1,1,1,2,2,1,1,2,2,3
2.94,3.1,1.2111111111111112,10,3,2,2,4,2,4,5,4,2,3
4.83,4.8,0.17777777777777773,10,5,4,5,5,5,5,5,4,5,5
3.39,3.7,0.8999999999999999,10,5,3,3,4,4,3,5,4,2,4
2.35,2.5,1.1666666666666667,10,3,2,1,3,4,3,2,4,1,2
3.34,2.8,0.6222222222222222,10,3,3,3,2,3,4,4,2,2,2
2.55,2.5,1.6111111111111112,10,4,4,2,1,3,1,4,1,3,2
3.24,3.6,1.1555555555555557,10,2,4,2,5,5,3,4,3,4,4
2.39,2.0,0.4444444444444444,10,2,1,2,2,1,2,3,2,2,3
2.95,3.4,0.7111111111111112,10,4,4,2,4,3,3,4,4,4,2
1.16,1.2,0.17777777777777784,10,2,1,1,1,2,1,1,1,1,1
3.26,3.3,0.6777777777777777,10,4,3,2,2,3,4,4,4,4,3
4.220000000000001,4.4,0.9333333333333333,10,5,5,5,3,3,5,5,5,5,3
2.33,1.6,0.2666666666666667,10,2,1,1,2,1,2,2,2,2,1
3.41,3.2,1.2888888888888892,10,1,3,4,3,5,3,2,4,4,3
3.85,4.3,0.8999999999999999,10,5,5,4,5,5,4,2,4,4,5
4.88,4.8,0.17777777777777773,10,4,5,5,5,5,5,4,5,5,5
1.9,1.7,0.6777777777777777,10,1,2,1,3,2,1,3,1,2,1
2.4,2.5,1.1666666666666667,10,3,3,3,4,1,2,2,2,1,4
3.49,3.1,0.5444444444444444,10,3,3,3,2,2,3,4,4,3,4
3.9,4.0,0.4444444444444444,10,4,4,4,5,4,4,4,5,3,3
2.67,2.7,0.8999999999999999,10,3,3,4,2,2,3,3,4,1,2
3.74,3.3,0.4555555555555555,10,3,4,3,3,4,3,3,4,2,4
3.52,4.3,0.4555555555555555,10,4,5,5,5,4,3,4,5,4,4
1.38,1.5,0.5,10,1,1,2,2,2,3,1,1,1,1
1.34,1.3,0.23333333333333334,10,1,1,1,1,2,1,2,1,1,2
3.85,3.7,1.1222222222222222,10,3,3,5,5,4,2,3,4,5,3
3.55,4.0,0.4444444444444444,10,4,4,5,4,5,3,4,4,3,4
4.43,4.6,0.4888888888888888,10,5,5,5,3,4,4,5,5,5,5
3.59,3.8,1.511111111111111,10,4,4,3,4,4,3,5,5,5,1
3.07,3.2,1.5111111111111113,10,4,5,3,3,3,2,1,3,3,5
4.82,4.6,0.2666666666666667,10,5,4,5,4,5,5,5,4,4,5
4.94,5.0,0.0,10,5,5,5,5,5,5,5,5,5,5
3.48,3.6,1.3777777777777778,10,2,3,5,4,3,5,4,5,2,3
4.21,4.0,1.3333333333333333,10,5,5,4,4,4,4,4,5,1,4
3.97,3.8,0.17777777777777773,10,4,4,3,4,3,4,4,4,4,4
2.7,2.5,0.7222222222222222,10,1,3,3,2,3,3,3,3,3,1
4.7700000000000005,4.8,0.17777777777777773,10,5,5,5,5,4,5,5,5,5,4
1.12,1.2,0.1777777777777778,10,1,1,1,1,1,2,1,2,1,1
3.43,3.7,0.8999999999999999,10,5,4,3,5,3,4,2,3,4,4
2.92,3.1,1.655555555555556,10,2,2,4,5,2,3,2,2,5,4
4.25,4.1,0.9888888888888889,10,5,5,5,3,3,3,4,5,3,5
3.14,3.6,0.9333333333333333,10,3,5,2,3,3,5,4,4,4,3
2.94,2.6,1.1555555555555554,10,1,5,3,2,3,2,2,2,3,3
3.27,3.1,0.5444444444444443,10,3,4,3,2,4,4,2,3,3,3
1.43,1.6,0.9333333333333333,10,1,1,1,1,2,1,2,1,2,4
3.74,4.2,0.6222222222222222,10,4,5,5,4,5,3,4,3,4,5
2.76,2.9,1.4333333333333333,10,4,3,5,2,2,2,3,3,4,1
2.35,2.1,0.9888888888888887,10,1,2,4,3,2,3,1,2,2,1
3.33,2.6,0.48888888888888904,10,2,3,2,3,4,2,2,2,3,3
1.04,1.0,0.0,10,1,1,1,1,1,1,1,1,1,1
1.23,1.0,0.0,10,1,1,1,1,1,1,1,1,1,1
1.41,1.3,0.23333333333333334,10,1,1,2,2,1,1,1,1,1,2
4.34,4.5,0.5,10,4,5,4,5,3,5,5,5,4,5
1.95,2.1,0.7666666666666666,10,3,2,1,2,1,3,3,2,3,1
3.19,3.3,0.6777777777777777,10,3,4,3,3,3,3,2,3,5,4
4.3100000000000005,4.0,0.6666666666666666,10,3,3,4,5,4,5,5,4,3,4
2.85,2.8,1.2888888888888888,10,4,2,2,3,1,3,3,2,3,5
3.94,4.0,0.6666666666666666,10,5,5,3,4,3,4,5,3,4,4
4.61,4.6,0.2666666666666667,10,5,4,4,5,4,5,5,5,4,5
1.12,1.1,0.1,10,1,1,1,1,1,1,1,1,1,2
3.65,2.9,0.7666666666666666,10,3,2,3,3,4,3,1,4,3,3
1.4,1.8,1.0666666666666669,10,4,1,1,2,2,1,2,1,1,3
1.94,2.0,0.6666666666666666,10,3,2,2,3,1,1,3,2,2,1
3.73,3.9,0.9888888888888887,10,4,3,2,5,4,4,4,3,5,5
1.85,1.7,0.6777777777777777,10,1,1,1,2,2,3,1,2,3,1
1.37,1.6,0.7111111111111112,10,1,1,2,3,1,3,1,2,1,1
3.58,3.4,0.7111111111111111,10,3,4,4,3,4,3,3,3,5,2
2.07,2.2,0.8444444444444444,10,3,3,2,2,1,4,2,2,1,2
2.62,2.7,1.3444444444444443,10,2,4,3,3,2,2,1,3,2,5
1.4,1.3,0.23333333333333334,10,2,1,1,1,2,1,1,1,2,1
1.09,1.1,0.09999999999999999,10,1,1,1,2,1,1,1,1,1,1
1.0699999999999998,1.0,0.0,10,1,1,1,1,1,1,1,1,1,1
3.94,4.1,0.5444444444444444,10,4,4,5,4,4,4,5,5,3,3
3.16,3.0,1.5555555555555556,10,2,4,5,3,1,4,2,2,3,4
3.64,3.9,1.2111111111111112,10,4,3,5,5,5,3,2,4,3,5
4.69,4.6,0.4888888888888887,10,3,5,4,4,5,5,5,5,5,5
4.24,4.5,0.5,10,5,4,5,5,5,5,4,3,5,4
4.64,4.8,0.17777777777777776,10,5,5,5,5,5,5,5,5,4,4
4.96,5.0,0.0,10,5,5,5,5,5,5,5,5,5,5
3.7,3.6,0.9333333333333333,10,5,3,3,5,4,4,4,3,2,3
3.85,3.5,0.7222222222222222,10,4,3,3,4,2,3,4,3,4,5
1.02,1.1,0.09999999999999999,10,1,1,1,1,1,1,1,2,1,1
1.38,1.2,0.17777777777777778,10,1,1,1,1,1,1,2,1,1,2
1.51,1.5,0.5,10,3,2,1,2,1,1,1,1,2,1
2.31,2.5,0.9444444444444444,10,4,3,2,2,2,2,2,1,4,3
4.8100000000000005,4.7,0.23333333333333334,10,5,4,5,5,4,4,5,5,5,5
1.65,1.6,0.2666666666666667,10,2,2,1,2,1,2,2,1,1,2
3.83,3.5,1.3888888888888888,10,3,1,4,5,4,3,3,3,5,4
4.11,4.1,0.5444444444444444,10,5,5,3,4,4,5,4,4,4,3
2.59,2.4,1.3777777777777778,10,1,3,3,2,2,4,1,3,4,1
1.89,2.3,1.5666666666666667,10,1,1,4,3,1,3,2,4,1,3
3.24,3.3,1.5666666666666667,10,2,5,3,3,4,5,4,1,3,3
1.45,1.7,0.8999999999999999,10,2,1,1,2,1,4,2,1,2,1
4.12,3.8,0.8444444444444444,10,4,3,4,2,4,5,4,3,5,4
3.34,3.2,0.6222222222222222,10,3,3,3,3,5,3,3,3,4,2
4.57,5.0,0.0,10,5,5,5,5,5,5,5,5,5,5
4.92,4.9,0.09999999999999996,10,4,5,5,5,5,5,5,5,5,5
1.77,1.8,0.6222222222222223,10,2,1,2,1,2,1,3,2,3,1
2.79,2.4,1.6,10,3,4,4,1,2,2,2,4,1,1
2.01,2.2,0.6222222222222222,10,2,3,2,3,2,3,1,3,1,2
2.17,2.2,1.288888888888889,10,3,4,1,1,3,1,2,3,1,3
4.59,4.5,0.5,10,3,5,4,5,4,5,5,5,5,4
2.4,2.0,0.2222222222222222,10,2,2,1,2,2,2,2,2,2,3
2.76,2.6,0.9333333333333333,10,3,2,3,4,2,2,3,1,2,4
2.38,2.7,0.6777777777777777,10,3,2,3,3,2,3,3,1,4,3
4.18,4.0,0.4444444444444444,10,4,4,4,4,3,5,4,3,4,5
1.96,2.1,0.5444444444444444,10,2,1,3,2,2,1,3,2,2,3
4.66,4.6,0.2666666666666667,10,4,4,5,5,5,4,5,5,4,5
2.91,3.2,0.39999999999999997,10,3,4,4,3,3,2,3,4,3,3
1.01,1.0,0.0,10,1,1,1,1,1,1,1,1,1,1
3.46,3.2,1.5111111111111113,10,4,3,2,5,5,2,2,2,3,4
3.19,3.1,1.211111111111111,10,2,3,3,3,3,5,3,4,4,1
3.99,3.8,1.2888888888888888,10,5,4,2,5,4,2,5,4,3,4
3.66,3.1,0.9888888888888887,10,3,3,4,3,5,4,2,2,2,3
1.38,1.7,0.6777777777777777,10,1,3,2,1,1,1,3,2,2,1
1.94,2.3,0.6777777777777777,10,3,2,3,2,2,2,2,1,4,2
2.07,2.3,0.8999999999999999,10,2,2,2,3,4,3,3,2,1,1
1.98,2.6,1.3777777777777778,10,1,3,2,4,2,1,4,4,2,3
3.45,2.9,0.7666666666666667,10,4,3,3,3,2,3,3,3,1,4
4.64,4.9,0.09999999999999996,10,5,4,5,5,5,5,5,5,5,5
1.21,1.5,0.2777777777777778,10,1,2,1,2,2,1,1,1,2,2
4.03,4.1,0.7666666666666666,10,5,3,5,5,3,3,4,4,4,5
4.87,5.0,0.0,10,5,5,5,5,5,5,5,5,5,5
3.06,3.6,1.1555555555555557,10,2,5,3,4,4,4,2,3,4,5
4.02,3.9,0.3222222222222223,10,3,4,4,5,4,4,3,4,4,4
2.79,2.4,0.48888888888888904,10,3,1,3,2,3,2,2,3,2,3
3.8,4.4,0.4888888888888888,10,5,5,4,3,4,5,5,4,5,4
3.09,3.6,0.7111111111111114,10,4,2,4,5,4,4,3,3,4,3
4.87,5.0,0.0,10,5,5,5,5,5,5,5,5,5,5
3.98,4.2,0.39999999999999997,10,4,4,4,5,5,3,5,4,4,4
3.77,4.2,0.8444444444444444,10,4,5,5,2,4,4,5,5,4,4
3.5,3.5,0.9444444444444444,10,2,5,4,4,4,2,4,4,3,3
3.99,4.0,0.4444444444444444,10,4,5,5,4,4,3,4,4,4,3
2.46,2.3,0.8999999999999999,10,2,3,1,2,2,4,1,3,2,3
4.25,4.3,0.4555555555555555,10,4,3,5,5,4,4,4,4,5,5
3.05,3.3,0.8999999999999999,10,3,2,3,5,4,3,4,4,3,2
3.55,3.5,1.1666666666666667,10,2,5,4,5,3,2,3,4,3,4
3.34,3.1,0.7666666666666665,10,2,4,4,4,2,4,2,3,3,3
2.31,2.4,0.9333333333333333,10,1,2,2,1,3,3,4,2,3,3
1.19,1.2,0.17777777777777784,10,2,1,2,1,1,1,1,1,1,1
4.64,4.5,0.2777777777777778,10,5,4,4,4,5,5,5,5,4,4
3.59,3.7,0.8999999999999999,10,2,4,4,3,5,4,3,5,3,4
3.5,3.8,0.8444444444444444,10,2,5,4,3,4,3,4,4,4,5
2.24,2.4,1.6,10,3,2,3,3,1,1,1,5,2,3
4.73,5.0,0.0,10,5,5,5,5,5,5,5,5,5,5
4.2,4.2,0.39999999999999997,10,4,4,3,5,4,4,4,5,5,4
2.06,2.1,0.9888888888888889,10,3,1,1,2,1,3,3,1,3,3
4.09,4.1,0.7666666666666666,10,3,3,5,3,5,4,4,5,5,4
1.68,1.5,0.5,10,1,1,3,1,1,2,1,2,1,2
2.11,2.4,0.48888888888888893,10,3,2,3,2,2,2,3,3,3,1
3.71,4.0,1.1111111111111112,10,2,4,5,3,3,4,5,5,5,4
1.77,1.7,0.8999999999999999,10,2,2,4,2,2,1,1,1,1,1
1.8,1.9,0.7666666666666665,10,3,2,3,1,1,1,3,2,1,2
2.8600000000000003,2.8,1.5111111111111113,10,2,3,4,1,2,4,2,2,3,5
4.58,4.4,0.2666666666666667,10,5,5,4,4,4,4,4,5,5,4
1.7,2.3,0.8999999999999999,10,2,4,2,4,2,1,2,2,2,2
1.58,1.7,1.1222222222222222,10,2,1,1,2,1,3,1,1,4,1
2.2,2.3,0.8999999999999999,10,1,2,4,3,2,1,2,2,3,3
4.23,4.5,0.7222222222222222,10,5,5,3,5,5,3,5,4,5,5
2.78,2.3,0.8999999999999999,10,3,2,3,3,2,4,1,2,2,1
1.31,1.3,0.45555555555555544,10,1,3,1,1,1,2,1,1,1,1
2.72,2.2,0.8444444444444444,10,2,1,2,3,2,1,2,2,4,3
1.76,1.7,0.4555555555555556,10,2,2,2,1,1,1,2,2,3,1
4.08,4.4,0.4888888888888888,10,4,3,4,5,4,5,5,5,4,5
3.96,4.1,0.9888888888888889,10,5,3,3,5,5,5,4,5,3,3
3.72,3.3,0.4555555555555556,10,3,4,4,4,3,4,3,2,3,3
3.77,3.5,0.7222222222222222,10,5,3,3,4,4,4,2,3,4,3
3.79,3.9,0.5444444444444445,10,4,4,4,4,3,5,3,4,5,3
2.82,2.6,0.7111111111111112,10,2,3,4,3,2,2,2,4,2,2
2.99,2.9,1.8777777777777775,10,3,3,2,5,2,2,1,5,2,4
3.03,3.2,1.0666666666666667,10,4,2,2,4,3,3,5,2,4,3
1.72,1.5,0.5,10,1,3,1,1,1,2,2,2,1,1
1.66,1.3,0.23333333333333334,10,2,1,1,2,2,1,1,1,1,1
1.76,2.2,0.6222222222222222,10,3,1,3,2,2,2,2,1,3,3
4.279999999999999,4.3,0.6777777777777777,10,4,4,4,3,3,5,5,5,5,5
1.49,1.3,0.23333333333333334,10,1,1,1,2,1,1,1,2,1,2
4.62,4.6,0.26666666666666666,10,5,5,4,5,4,4,4,5,5,5
3.29,2.9,1.2111111111111112,10,3,3,3,2,2,3,1,5,4,3
2.52,2.4,0.48888888888888893,10,3,2,2,3,2,3,3,2,3,1
4.24,4.6,0.26666666666666666,10,4,5,5,5,4,5,4,5,5,4
2.63,2.6,0.48888888888888904,10,2,2,3,3,4,3,2,2,2,3
2.94,3.4,1.1555555555555557,10,3,3,4,3,2,5,4,3,5,2
3.85,3.6,0.9333333333333333,10,4,4,3,3,3,2,3,5,4,5
1.53,1.2,0.17777777777777784,10,2,1,1,2,1,1,1,1,1,1
4.84,4.9,0.09999999999999999,10,5,5,5,5,5,5,5,5,4,5
1.31,1.3,0.23333333333333334,10,1,2,2,2,1,1,1,1,1,1
3.98,4.1,0.7666666666666666,10,5,5,4,3,4,3,5,5,3,4
3.91,4.0,0.4444444444444444,10,5,4,3,5,3,4,4,4,4,4
1.84,1.9,0.9888888888888889,10,1,2,1,3,2,2,4,1,1,2
3.99,3.7,1.1222222222222222,10,4,4,5,2,2,5,4,4,4,3
4.3100000000000005,4.5,0.5,10,5,5,4,5,4,4,5,5,3,5
1.11,1.0,0.0,10,1,1,1,1,1,1,1,1,1,1
1.1800000000000002,1.3,0.23333333333333334,10,2,1,1,1,1,1,2,1,1,2
1.31,1.5,0.2777777777777778,10,1,2,1,2,2,2,2,1,1,1
1.29,1.3,0.23333333333333334,10,2,1,1,1,2,2,1,1,1,1
1.66,1.9,0.5444444444444443,10,2,1,1,2,3,3,1,2,2,2
3.64,3.4,0.9333333333333333,10,3,3,3,4,2,5,4,2,4,4
1.44,1.3,0.45555555555555544,10,3,1,2,1,1,1,1,1,1,1
3.13,3.3,1.1222222222222222,10,4,2,2,3,4,4,4,2,3,5
2.16,2.4,0.9333333333333333,10,4,2,3,3,3,2,1,1,2,3
3.22,3.1,0.7666666666666665,10,2,3,4,2,4,2,4,4,3,3
4.11,3.9,0.5444444444444444,10,4,4,4,2,5,4,4,4,4,4
4.45,4.5,0.5,10,5,5,3,4,4,5,5,5,5,4
1.59,1.8,1.0666666666666669,10,2,2,1,3,1,4,1,1,1,2
1.29,1.1,0.09999999999999999,10,1,1,2,1,1,1,1,1,1,1
3.43,3.3,0.4555555555555555,10,3,3,3,3,3,3,3,3,4,5
1.86,1.8,0.6222222222222223,10,1,3,3,1,1,1,2,2,2,2
4.25,4.4,0.48888888888888893,10,5,5,4,5,5,4,3,5,4,4
4.1,4.3,0.6777777777777777,10,4,5,3,5,5,5,4,4,3,5
2.73,3.0,1.1111111111111112,10,3,3,2,2,2,3,4,5,2,4
3.37,2.8,1.0666666666666667,10,3,3,3,4,2,2,2,4,4,1
1.93,2.5,0.7222222222222222,10,2,2,3,1,3,4,2,3,3,2
1.47,1.3,0.23333333333333334,10,1,1,1,2,1,1,2,1,1,2
2.87,2.9,0.9888888888888889,10,3,1,3,3,4,2,3,4,4,2
1.76,2.2,0.39999999999999997,10,2,2,2,2,1,2,2,3,3,3
2.3,2.6,0.2666666666666667,10,3,3,2,2,3,3,2,3,2,3
3.15,3.3,0.6777777777777777,10,2,4,3,3,2,4,3,4,4,4
4.14,4.3,0.6777777777777777,10,3,4,4,3,4,5,5,5,5,5
3.02,2.9,1.6555555555555557,10,1,3,3,3,2,5,3,5,2,2
1.11,1.1,0.09999999999999999,10,1,1,1,1,1,1,2,1,1,1
1.93,1.5,0.5,10,2,1,3,1,1,2,2,1,1,1
3.67,3.8,1.2888888888888892,10,4,4,5,3,2,2,4,5,5,4
4.18,4.1,0.3222222222222222,10,4,5,4,4,4,4,3,4,4,5
2.05,2.0,0.4444444444444444,10,1,1,3,2,2,2,2,3,2,2
1.75,1.8,0.6222222222222223,10,2,3,1,3,2,2,1,2,1,1
2.48,2.3,0.4555555555555555,10,1,3,3,2,2,2,2,2,3,3
4.07,3.9,0.9888888888888889,10,4,5,3,2,4,3,5,5,4,4
2.89,3.1,0.9888888888888889,10,2,2,3,4,3,3,2,3,4,5
1.39,1.3,0.23333333333333328,10,1,1,1,1,1,1,2,2,2,1
2.53,2.6,0.7111111111111112,10,2,3,3,3,1,2,4,3,2,3
2.53,2.4,0.48888888888888904,10,3,3,2,2,1,3,3,2,2,3
4.9,5.0,0.0,10,5,5,5,5,5,5,5,5,5,5
4.95,4.9,0.09999999999999999,10,5,5,5,5,5,5,4,5,5,5
4.18,4.3,0.4555555555555555,10,4,4,5,3,4,5,5,4,5,4
4.08,4.0,0.8888888888888888,10,4,5,4,5,5,2,3,4,4,4
3.15,3.3,1.1222222222222222,10,3,2,4,4,5,2,4,2,3,4
2.5,2.6,1.5999999999999999,10,5,2,3,3,3,1,2,4,2,1
4.17,4.2,1.0666666666666669,10,2,4,5,5,3,5,5,5,4,4
1.93,2.1,0.9888888888888889,10,2,2,4,2,1,2,3,1,3,1
3.86,3.8,0.6222222222222222,10,4,4,4,2,4,4,4,4,5,3
2.42,2.6,0.2666666666666667,10,3,2,2,3,3,3,3,3,2,2
1.78,1.8,0.8444444444444446,10,1,1,1,3,3,1,1,3,2,2
4.2700000000000005,4.5,0.2777777777777778,10,4,5,5,5,5,4,4,5,4,4
2.8600000000000003,3.0,0.6666666666666666,10,4,3,3,2,3,4,3,2,4,2
3.23,3.8,0.8444444444444444,10,3,4,2,3,4,4,5,4,4,5
4.220000000000001,4.2,0.6222222222222222,10,4,5,3,4,3,5,5,4,4,5
1.16,1.2,0.17777777777777784,10,1,2,1,1,1,1,1,2,1,1
1.2,1.5,0.2777777777777778,10,1,2,2,2,1,1,2,1,2,1
3.99,4.3,0.6777777777777777,10,4,4,4,5,5,3,3,5,5,5
2.8,2.2,1.0666666666666669,10,3,3,2,3,2,1,4,1,2,1
3.91,3.2,0.8444444444444444,10,4,4,4,2,2,4,4,3,3,2
3.08,3.4,0.7111111111111111,10,3,4,3,3,3,4,5,3,4,2
2.15,2.1,0.3222222222222222,10,2,2,3,2,3,2,2,2,1,2
3.72,3.6,0.7111111111111112,10,3,3,5,4,4,3,4,4,4,2
4.76,4.8,0.17777777777777773,10,5,5,4,5,5,5,4,5,5,5
1.7,1.6,0.7111111111111111,10,2,1,1,1,1,1,1,2,3,3
1.93,1.7,0.8999999999999999,10,2,1,1,1,1,1,1,3,3,3
3.74,3.9,0.9888888888888889,10,3,4,4,4,4,5,5,5,3,2
2.34,2.3,0.8999999999999999,10,2,3,1,1,2,4,2,3,3,2
2.03,1.6,0.2666666666666667,10,2,2,1,2,1,1,2,2,1,2
1.25,1.2,0.17777777777777784,10,1,2,2,1,1,1,1,1,1,1
2.14,2.2,0.8444444444444444,10,2,2,1,3,1,2,3,4,2,2
2.55,2.9,0.9888888888888887,10,2,3,3,4,4,2,3,3,4,1
1.26,1.2,0.1777777777777778,10,1,1,1,1,2,1,2,1,1,1
3.17,3.1,0.7666666666666667,10,3,3,3,3,3,3,2,4,2,5
3.18,3.0,0.8888888888888888,10,3,3,3,5,2,4,3,2,2,3
4.9,4.9,0.09999999999999998,10,5,5,4,5,5,5,5,5,5,5
1.22,1.1,0.09999999999999999,10,1,2,1,1,1,1,1,1,1,1
4.88,4.9,0.09999999999999999,10,5,5,5,5,5,5,5,5,5,4
2.03,2.4,0.7111111111111112,10,3,2,3,2,2,4,2,2,3,1
1.95,1.8,0.8444444444444448,10,2,4,1,2,2,1,1,2,2,1
4.99,5.0,0.0,10,5,5,5,5,5,5,5,5,5,5
1.46,1.7,0.23333333333333334,10,1,2,1,2,2,2,2,1,2,2
3.08,2.8,1.0666666666666669,10,2,3,3,2,2,1,3,4,4,4
1.88,1.5,0.2777777777777778,10,1,1,2,2,1,2,2,2,1,1
4.03,4.1,0.7666666666666666,10,3,4,3,4,5,3,5,5,5,4
4.2,4.2,0.6222222222222222,10,3,4,4,5,3,5,4,5,5,4
3.2,3.6,1.8222222222222224,10,4,3,5,4,5,5,2,1,3,4
2.25,2.5,0.7222222222222222,10,3,3,2,3,1,2,2,2,3,4
3.27,3.2,0.8444444444444444,10,3,2,3,4,4,2,4,4,4,2
3.93,3.8,0.8444444444444444,10,4,2,3,4,4,3,5,5,4,4
1.91,2.1,0.9888888888888892,10,3,1,2,2,2,2,1,3,4,1
1.12,1.3,0.23333333333333328,10,1,1,1,1,1,2,2,2,1,1
3.06,2.6,1.1555555555555557,10,3,2,3,4,1,2,3,3,1,4
2.31,2.1,0.5444444444444445,10,2,1,3,3,2,2,2,1,3,2
2.97,3.5,0.2777777777777778,10,4,3,4,4,3,3,4,3,3,4
1.69,1.7,0.6777777777777777,10,1,1,2,3,1,2,1,1,2,3
1.77,2.0,0.6666666666666666,10,3,3,2,1,1,2,1,3,2,2
3.57,3.9,0.9888888888888889,10,5,3,4,4,5,5,4,3,2,4
3.45,4.3,0.4555555555555555,10,3,4,4,4,5,5,5,4,4,5
1.27,1.4,0.2666666666666667,10,1,2,1,1,2,1,2,1,2,1
1.47,1.8,0.4000000000000001,10,2,1,2,2,2,1,1,2,3,2
2.88,2.7,1.1222222222222222,10,2,4,2,4,1,2,2,3,4,3
5.0,5.0,0.0,10,5,5,5,5,5,5,5,5,5,5
4.59,4.7,0.23333333333333334,10,5,5,5,5,5,5,5,4,4,4
3.49,4.2,0.39999999999999997,10,5,4,4,4,3,5,4,4,4,5
2.76,2.9,0.5444444444444444,10,3,3,3,3,3,4,3,1,3,3
1.97,1.9,0.5444444444444445,10,1,3,2,1,2,2,2,2,1,3
2.75,2.7,2.011111111111111,10,4,1,5,3,3,4,3,2,1,1
2.22,1.9,0.3222222222222223,10,1,2,2,2,1,2,3,2,2,2
1.75,2.0,0.6666666666666666,10,2,2,3,3,2,1,2,1,3,1
2.74,3.0,0.8888888888888888,10,2,3,4,4,2,2,3,4,4,2
3.7,3.7,1.3444444444444443,10,4,5,3,5,2,4,5,4,3,2
4.1,3.6,0.7111111111111112,10,4,4,4,3,2,4,5,3,3,4
1.9,1.6,0.48888888888888904,10,3,1,2,1,1,1,2,2,1,2
3.15,3.4,0.48888888888888904,10,4,4,3,2,3,4,4,4,3,3
2.49,2.2,0.6222222222222222,10,1,2,3,2,3,1,2,2,3,3
1.96,1.5,0.2777777777777778,10,1,2,1,2,1,2,1,2,2,1
4.93,4.9,0.09999999999999999,10,5,5,5,5,5,5,5,5,4,5
3.89,3.4,1.1555555555555557,10,4,4,3,3,3,4,3,4,1,5
1.5,1.5,0.5,10,1,1,1,2,1,2,3,1,2,1
2.17,2.2,0.39999999999999997,10,3,2,2,2,2,3,2,2,3,1
3.27,3.2,0.39999999999999997,10,3,4,3,3,4,3,3,4,2,3
3.22,3.2,1.5111111111111113,10,5,3,2,1,4,4,4,3,2,4
2.75,2.4,0.7111111111111112,10,3,3,4,3,2,2,1,2,2,2
4.68,4.8,0.17777777777777773,10,4,5,5,5,4,5,5,5,5,5
1.69,2.0,0.6666666666666666,10,2,1,2,2,4,2,2,2,2,1
1.54,1.5,0.2777777777777778,10,2,1,2,1,1,2,1,2,2,1
2.54,2.5,0.5,10,2,2,3,3,2,3,2,2,4,2
2.96,2.9,0.9888888888888889,10,3,1,5,2,3,3,3,3,3,3
4.05,4.2,0.6222222222222222,10,4,3,5,3,5,4,5,5,4,4
4.32,4.4,0.26666666666666666,10,5,5,4,4,5,5,4,4,4,4
4.3100000000000005,4.2,0.39999999999999997,10,5,5,4,4,4,5,4,3,4,4
3.38,2.6,1.1555555555555554,10,3,4,2,3,1,1,3,3,2,4
2.02,2.2,0.39999999999999997,10,3,2,2,3,2,2,2,2,1,3
1.02,1.0,0.0,10,1,1,1,1,1,1,1,1,1,1
4.9,4.8,0.17777777777777773,10,5,5,5,5,4,5,4,5,5,5
3.5,3.7,0.4555555555555555,10,4,3,5,4,4,4,3,3,3,4
3.77,3.6,0.7111111111111111,10,3,4,4,3,4,3,5,4,2,4
3.73,3.9,0.7666666666666665,10,3,2,4,4,4,4,4,5,4,5
2.53,2.4,0.9333333333333333,10,3,1,1,3,2,4,2,3,2,3
4.98,5.0,0.0,10,5,5,5,5,5,5,5,5,5,5
3.19,3.0,0.6666666666666666,10,3,4,2,3,4,3,3,2,2,4
2.88,3.0,0.6666666666666666,10,3,2,2,3,3,4,4,2,3,4
2.32,2.4,0.48888888888888904,10,3,3,2,1,3,3,2,3,2,2
2.13,1.9,0.3222222222222223,10,2,1,2,3,1,2,2,2,2,2
1.91,1.7,0.45555555555555544,10,1,1,3,1,2,1,2,2,2,2
2.66,3.0,1.3333333333333333,10,1,2,3,2,5,3,4,4,3,3
3.99,4.0,0.4444444444444444,10,3,4,5,4,5,4,4,4,3,4
1.3,1.2,0.1777777777777778,10,1,1,2,1,1,2,1,1,1,1
3.84,3.5,1.1666666666666667,10,3,2,2,5,3,5,4,3,4,4
2.27,2.4,0.7111111111111114,10,2,4,1,2,2,3,2,2,3,3
2.2,2.6,0.9333333333333336,10,2,3,4,4,3,3,2,2,2,1
2.68,2.9,0.9888888888888889,10,3,2,3,2,3,3,4,4,4,1
2.44,2.2,0.6222222222222222,10,1,2,4,2,2,3,2,2,2,2
3.41,3.3,0.8999999999999999,10,4,3,4,4,3,4,4,3,1,3
2.64,2.6,0.9333333333333333,10,4,3,4,3,3,2,2,1,2,2
3.98,4.5,0.2777777777777778,10,5,4,4,4,4,5,5,5,5,4
1.64,1.6,0.48888888888888904,10,2,1,2,3,1,1,2,1,1,2
3.76,3.6,1.3777777777777775,10,4,4,4,3,3,3,1,5,4,5
3.21,3.3,1.1222222222222222,10,2,2,4,4,3,3,4,4,2,5
4.37,4.0,0.6666666666666666,10,3,5,5,4,4,3,4,3,5,4
4.779999999999999,4.9,0.09999999999999998,10,5,5,5,5,4,5,5,5,5,5
4.8100000000000005,5.0,0.0,10,5,5,5,5,5,5,5,5,5,5
1.02,1.0,0.0,10,1,1,1,1,1,1,1,1,1,1
3.46,3.9,0.3222222222222222,10,4,4,4,4,4,5,4,3,3,4
2.97,3.0,1.1111111111111112,10,2,4,4,2,4,3,3,4,3,1
3.31,3.1,1.4333333333333336,10,5,1,4,2,3,3,3,4,2,4
4.04,3.9,0.5444444444444445,10,3,4,4,4,3,5,3,4,4,5
3.4,3.7,0.6777777777777777,10,4,4,4,4,5,2,3,4,3,4
4.38,4.4,0.2666666666666667,10,4,4,4,5,5,4,4,5,4,5
4.3,4.5,0.2777777777777778,10,5,5,5,4,4,4,5,4,4,5
4.64,4.4,0.48888888888888893,10,5,5,5,5,4,4,4,4,3,5
3.46,3.7,0.6777777777777777,10,3,4,4,3,4,2,5,4,4,4
2.23,2.0,1.3333333333333333,10,2,2,1,4,4,2,1,2,1,1
2.88,3.5,2.0555555555555554,10,3,2,5,2,4,4,4,5,1,5
1.77,1.8,0.8444444444444446,10,1,1,2,2,4,2,1,2,1,2
1.55,1.4,0.2666666666666667,10,1,2,2,2,1,1,1,2,1,1
2.32,2.0,0.8888888888888888,10,3,3,1,1,3,1,1,3,2,2
1.71,1.5,0.2777777777777778,10,1,2,2,1,1,2,1,2,2,1
2.0,2.2,0.39999999999999997,10,2,2,1,3,2,3,2,2,3,2
1.48,1.6,0.2666666666666667,10,1,2,2,1,2,1,2,1,2,2
3.32,2.7,0.6777777777777777,10,3,3,2,1,4,3,3,3,3,2
2.89,2.8,1.0666666666666669,10,4,3,3,4,2,3,1,4,2,2
4.3100000000000005,3.9,1.2111111111111112,10,5,5,3,4,4,3,5,5,3,2
4.98,5.0,0.0,10,5,5,5,5,5,5,5,5,5,5
2.6,2.2,1.288888888888889,10,2,2,2,1,4,1,1,3,2,4
3.59,3.6,1.3777777777777775,10,3,3,1,4,5,4,5,4,4,3
1.75,1.5,0.2777777777777778,10,2,2,2,1,1,1,1,2,2,1
2.71,3.0,0.2222222222222222,10,3,2,4,3,3,3,3,3,3,3
4.8,4.7,0.23333333333333334,10,5,4,5,4,5,5,5,4,5,5
4.86,5.0,0.0,10,5,5,5,5,5,5,5,5,5,5
3.33,3.8,1.0666666666666669,10,4,5,4,5,5,2,3,4,3,3
3.3600000000000003,3.6,0.9333333333333333,10,4,3,5,4,3,5,4,3,2,3
3.61,4.0,0.6666666666666666,10,4,5,3,4,5,3,4,3,4,5
2.13,1.8,0.4000000000000001,10,2,1,2,2,2,1,2,1,3,2
3.99,4.5,0.5,10,5,5,4,5,4,5,5,3,4,5
2.08,2.3,1.3444444444444443,10,2,2,3,1,2,2,2,5,3,1
2.21,2.5,0.7222222222222222,10,2,3,3,2,3,4,2,3,2,1
2.13,2.5,1.1666666666666667,10,2,1,2,4,3,1,2,3,4,3
3.7,3.7,0.8999999999999999,10,4,4,5,5,3,3,3,4,2,4
2.79,2.8,1.288888888888889,10,1,3,3,1,3,4,2,4,3,4
4.51,4.2,0.8444444444444444,10,5,5,4,5,4,4,4,5,2,4
4.62,4.7,0.4555555555555555,10,4,5,5,5,5,5,5,5,3,5
2.03,2.2,1.2888888888888888,10,2,2,2,3,2,1,2,2,1,5
4.42,4.5,0.2777777777777778,10,5,4,5,4,4,5,4,5,5,4
3.88,3.9,0.5444444444444444,10,5,3,3,4,3,5,4,4,4,4
3.12,3.3,0.8999999999999999,10,3,4,4,2,3,3,4,5,2,3
2.63,2.6,0.7111111111111112,10,2,3,3,3,1,3,2,2,3,4
4.73,4.7,0.4555555555555555,10,5,5,5,5,5,3,5,5,4,5
4.99,5.0,0.0,10,5,5,5,5,5,5,5,5,5,5
4.03,3.7,1.1222222222222222,10,3,5,5,4,3,5,3,3,4,2
1.83,2.2,0.17777777777777773,10,2,2,3,2,2,2,2,2,2,3
1.99,2.4,1.8222222222222224,10,1,2,4,3,3,1,4,4,1,1
1.25,1.2,0.1777777777777778,10,1,1,1,1,2,1,1,1,2,1
3.3600000000000003,3.2,1.0666666666666667,10,3,3,3,3,1,3,4,4,3,5
4.01,3.7,0.8999999999999999,10,3,3,5,4,2,4,5,4,4,3
3.1,2.5,0.9444444444444444,10,1,3,1,3,3,2,3,4,2,3
1.41,1.5,0.2777777777777778,10,1,1,1,2,2,2,2,2,1,1
1.87,2.1,1.2111111111111112,10,1,4,4,2,2,2,1,2,2,1
1.68,1.6,0.7111111111111112,10,1,3,2,1,1,2,1,3,1,1
4.57,4.8,0.17777777777777773,10,4,5,5,5,5,5,4,5,5,5
1.19,1.6,0.48888888888888904,10,2,1,1,3,2,1,1,2,2,1
4.02,4.0,0.2222222222222222,10,4,4,4,3,4,4,5,4,4,4
1.94,1.9,0.5444444444444445,10,1,1,3,2,2,2,2,3,2,1
4.5,4.6,0.2666666666666667,10,5,4,4,5,4,5,5,5,4,5
3.01,3.2,1.5111111111111113,10,4,4,1,2,4,5,2,3,3,4
2.89,2.8,0.39999999999999997,10,3,3,3,3,3,2,2,3,2,4
3.5,3.7,0.6777777777777777,10,4,3,4,4,3,2,4,5,4,4
1.46,1.3,0.23333333333333328,10,1,1,1,1,1,2,2,2,1,1
1.55,1.5,0.2777777777777778,10,1,1,2,2,1,2,2,1,1,2
2.63,2.2,1.288888888888889,10,2,1,3,1,2,2,2,4,4,1
4.16,4.2,0.6222222222222222,10,4,3,4,5,4,5,5,3,5,4
1.05,1.0,0.0,10,1,1,1,1,1,1,1,1,1,1
1.79,2.1,0.3222222222222223,10,2,2,2,1,2,3,3,2,2,2
3.24,3.0,1.1111111111111112,10,2,4,3,4,3,3,1,4,4,2
2.28,2.4,1.1555555555555557,10,1,4,2,2,4,3,2,2,3,1
2.48,2.2,0.8444444444444444,10,3,4,2,2,2,1,2,2,3,1
3.56,3.3,1.3444444444444443,10,3,4,2,4,4,5,3,3,1,4
4.32,4.6,0.4888888888888888,10,5,5,3,4,5,5,5,5,4,5
4.84,4.9,0.09999999999999999,10,5,5,5,5,5,5,5,5,5,4
4.470000000000001,4.8,0.17777777777777773,10,5,4,5,5,5,5,5,5,5,4
1.05,1.0,0.0,10,1,1,1,1,1,1,1,1,1,1
2.64,2.0,1.1111111111111112,10,4,1,1,1,3,1,2,2,2,3
2.88,2.9,1.4333333333333333,10,3,4,2,1,3,2,3,4,2,5
2.16,2.8,0.8444444444444444,10,3,4,2,4,2,3,3,3,1,3
1.51,1.5,0.7222222222222222,10,3,1,1,3,1,1,1,1,1,2
2.8,2.7,2.011111111111111,10,4,1,1,1,4,2,3,3,5,3
3.37,3.2,0.8444444444444444,10,3,3,3,4,3,5,4,2,3,2
4.970000000000001,4.8,0.17777777777777773,10,5,4,4,5,5,5,5,5,5,5
4.7700000000000005,5.0,0.0,10,5,5,5,5,5,5,5,5,5,5
4.58,4.6,0.26666666666666666,10,5,5,4,5,4,5,4,5,5,4
1.22,1.4,0.2666666666666667,10,1,1,2,1,2,2,1,2,1,1
2.19,2.0,0.6666666666666666,10,3,3,2,1,2,1,2,1,3,2
2.05,2.0,0.6666666666666666,10,1,1,2,1,3,2,3,2,2,3
2.06,2.7,1.3444444444444443,10,2,3,3,1,1,4,3,4,2,4
2.8,2.9,1.2111111111111112,10,3,2,3,3,4,3,3,2,1,5
4.82,4.8,0.17777777777777773,10,5,5,5,4,5,5,5,5,5,4
2.66,2.6,0.7111111111111114,10,1,3,3,2,4,2,3,2,3,3
2.77,2.8,1.9555555555555557,10,1,5,5,2,3,1,2,3,3,3
3.88,3.9,1.4333333333333336,10,2,2,4,3,4,5,5,4,5,5
2.15,2.4,1.1555555555555557,10,4,2,2,2,1,3,4,2,1,3
3.52,3.1,0.7666666666666666,10,4,4,3,4,3,2,4,2,2,3
4.88,4.9,0.09999999999999999,10,5,5,5,5,5,5,4,5,5,5
3.4,3.2,1.0666666666666669,10,4,4,2,2,5,3,2,3,3,4
4.32,4.7,0.23333333333333334,10,5,4,5,4,5,5,5,5,5,4
3.07,2.6,1.822222222222222,10,3,2,4,5,1,2,4,2,2,1
1.52,2.0,0.8888888888888888,10,3,2,2,2,1,2,1,2,4,1
2.79,2.8,1.288888888888889,10,4,3,4,2,2,1,4,4,2,2
2.98,3.3,1.1222222222222222,10,5,4,4,3,2,4,4,2,2,3
3.17,3.0,0.4444444444444444,10,3,4,3,3,3,3,3,2,2,4
1.5,1.3,0.23333333333333334,10,1,1,1,1,2,1,2,2,1,1
1.67,1.5,0.5,10,1,1,1,3,1,2,1,1,2,2
2.84,3.5,0.2777777777777778,10,4,4,4,4,3,4,3,3,3,3
4.93,4.8,0.17777777777777773,10,5,5,4,4,5,5,5,5,5,5
1.22,1.1,0.09999999999999999,10,1,1,1,1,1,1,1,2,1,1
2.7,3.0,0.8888888888888888,10,3,1,3,3,3,3,4,4,2,4
1.49,1.4,0.2666666666666667,10,1,1,1,1,2,2,2,1,1,2
1.46,1.4,0.48888888888888904,10,1,1,1,3,2,1,2,1,1,1
3.16,3.3,0.6777777777777777,10,2,3,3,4,3,3,5,3,4,3
1.74,2.0,1.1111111111111112,10,1,1,1,3,2,2,2,4,1,3
1.37,1.3,0.23333333333333334,10,1,1,1,1,2,1,1,1,2,2
4.01,4.3,0.8999999999999999,10,5,5,5,4,4,5,5,4,2,4
3.54,3.6,0.48888888888888904,10,3,3,4,5,3,4,3,4,4,3
2.97,4.0,0.4444444444444444,10,4,5,4,3,4,4,4,5,4,3
3.52,3.2,1.0666666666666667,10,3,3,3,4,2,4,2,4,2,5
2.22,2.3,0.23333333333333334,10,2,2,2,3,3,2,2,3,2,2
3.78,3.7,1.1222222222222222,10,5,2,5,3,5,4,3,3,3,4
4.44,4.6,0.2666666666666667,10,5,5,5,4,4,5,5,4,4,5
1.36,1.6,0.48888888888888904,10,1,1,2,3,1,2,1,1,2,2
4.6,4.8,0.39999999999999997,10,3,5,5,5,5,5,5,5,5,5
3.97,3.6,1.1555555555555554,10,5,3,3,5,5,3,2,3,3,4
3.0,3.5,0.7222222222222222,10,3,3,3,2,4,3,4,4,5,4
3.41,3.6,0.7111111111111112,10,5,3,4,4,2,4,4,4,3,3
4.51,4.8,0.17777777777777776,10,5,5,5,5,5,4,5,5,4,5
2.2,2.3,0.4555555555555555,10,2,2,1,2,2,3,3,3,3,2
1.42,1.1,0.1,10,1,1,1,1,1,1,1,1,1,2
1.43,1.3,0.45555555555555544,10,3,1,1,1,1,1,1,1,1,2
4.48,4.0,0.8888888888888888,10,4,3,4,3,5,3,5,5,3,5
1.32,1.4,0.2666666666666667,10,2,2,1,1,1,1,2,1,2,1
3.13,3.1,0.7666666666666665,10,2,3,5,3,3,4,3,3,2,3
3.33,3.6,0.48888888888888904,10,4,4,4,3,2,4,4,3,4,4
2.06,2.7,1.1222222222222222,10,2,4,5,3,3,2,2,2,2,2
1.2,1.2,0.17777777777777784,10,2,1,1,1,1,1,2,1,1,1
4.720000000000001,5.0,0.0,10,5,5,5,5,5,5,5,5,5,5
1.14,1.1,0.09999999999999999,10,1,1,1,1,2,1,1,1,1,1
4.93,5.0,0.0,10,5,5,5,5,5,5,5,5,5,5
4.6,4.7,0.23333333333333334,10,5,5,5,4,4,5,5,4,5,5
3.03,2.9,0.5444444444444444,10,4,3,2,2,3,4,2,3,3,3
1.25,1.1,0.09999999999999999,10,2,1,1,1,1,1,1,1,1,1
4.33,4.3,0.4555555555555555,10,5,4,5,4,3,4,4,5,5,4
2.2,2.5,1.8333333333333333,10,2,3,1,5,3,1,2,1,3,4
3.51,3.4,0.48888888888888904,10,3,3,3,4,5,4,3,3,3,3
4.64,4.7,0.23333333333333334,10,5,5,5,4,5,5,4,4,5,5
2.1,2.3,0.6777777777777777,10,2,3,1,2,3,3,2,3,3,1
2.46,2.4,0.48888888888888904,10,2,1,3,3,2,3,3,2,2,3
3.29,3.4,1.3777777777777773,10,4,5,1,4,2,3,4,4,4,3
4.76,4.6,0.26666666666666666,10,4,4,5,5,5,4,4,5,5,5
2.35,2.0,0.2222222222222222,10,2,2,2,2,2,2,2,2,3,1
4.24,4.4,0.9333333333333333,10,5,5,5,5,5,3,3,3,5,5
4.48,4.7,0.4555555555555555,10,5,5,5,5,5,3,4,5,5,5
2.51,2.3,0.6777777777777777,10,2,4,2,2,2,3,1,3,2,2
4.76,4.8,0.17777777777777773,10,4,5,5,5,5,5,5,5,4,5
1.45,1.6,0.2666666666666667,10,1,2,1,1,2,1,2,2,2,2
1.15,1.1,0.1,10,1,1,1,1,1,1,1,1,1,2
1.9,2.3,0.4555555555555555,10,3,1,2,3,3,2,2,2,2,3
1.84,1.6,0.48888888888888893,10,1,2,1,2,2,2,1,1,3,1
2.07,2.4,1.822222222222222,10,3,2,1,4,2,5,2,1,3,1
3.08,3.3,1.3444444444444443,10,2,4,4,5,2,2,5,3,3,3
1.51,1.5,0.5,10,2,1,1,2,2,1,1,1,3,1
3.84,4.0,0.4444444444444444,10,4,3,4,4,4,3,4,5,4,5
4.75,5.0,0.0,10,5,5,5,5,5,5,5,5,5,5
3.48,3.3,0.8999999999999999,10,4,2,3,5,3,3,4,4,2,3
3.81,4.2,0.6222222222222222,10,4,3,3,4,4,4,5,5,5,5
4.42,4.2,0.6222222222222222,10,4,5,5,4,5,3,3,4,4,5
1.27,1.6,0.48888888888888904,10,2,1,3,2,1,2,2,1,1,1
2.25,2.6,1.6,10,3,3,3,2,2,1,1,4,5,2
2.3,2.2,1.066666666666667,10,2,3,1,4,2,1,1,3,3,2
2.26,2.4,0.2666666666666667,10,2,2,3,3,3,2,3,2,2,2
4.26,4.2,0.8444444444444444,10,5,4,3,5,3,5,5,5,3,4
1.43,1.1,0.09999999999999999,10,2,1,1,1,1,1,1,1,1,1
4.26,4.1,0.7666666666666666,10,4,5,4,5,4,4,2,5,4,4
2.2,1.7,0.6777777777777777,10,1,3,1,2,2,1,1,1,2,3
4.34,4.2,0.39999999999999997,10,4,4,4,4,5,5,5,3,4,4
4.12,4.3,0.8999999999999999,10,5,4,5,4,5,5,5,2,4,4
1.94,2.0,0.2222222222222222,10,2,2,2,2,2,1,2,2,2,3
4.58,4.4,0.9333333333333331,10,5,5,5,2,5,4,4,5,4,5
3.85,3.6,0.9333333333333333,10,5,4,4,5,3,3,2,3,4,3
3.76,4.1,0.5444444444444444,10,5,5,4,4,3,4,3,4,4,5
2.65,2.8,1.288888888888889,10,3,5,2,3,2,3,3,1,4,2
4.5200000000000005,4.7,0.23333333333333334,10,5,5,4,5,5,5,5,4,5,4
1.7,1.5,0.5,10,2,2,1,1,1,2,3,1,1,1
2.07,2.0,1.1111111111111112,10,1,4,1,1,2,3,2,1,2,3
3.94,4.0,0.4444444444444444,10,4,4,5,4,4,4,3,3,5,4
1.16,1.1,0.09999999999999999,10,1,1,1,2,1,1,1,1,1,1
1.37,1.3,0.23333333333333334,10,1,1,1,2,2,1,1,2,1,1
4.34,4.4,0.48888888888888893,10,5,4,5,5,5,4,3,5,4,4
1.0699999999999998,1.1,0.09999999999999999,10,1,1,1,1,1,2,1,1,1,1
3.78,3.6,0.9333333333333336,10,3,2,4,3,5,3,4,3,5,4
1.77,2.1,0.5444444444444445,10,2,2,3,3,1,2,2,2,1,3
3.65,3.3,0.8999999999999999,10,2,4,2,3,3,5,3,4,4,3
4.4,4.4,0.26666666666666666,10,4,4,5,5,4,5,5,4,4,4
3.0,3.2,1.511111111111111,10,2,2,4,2,5,5,2,3,4,3
2.24,2.1,0.9888888888888887,10,3,1,4,2,3,2,2,1,2,1
1.92,2.3,0.6777777777777777,10,4,3,1,2,2,2,2,2,3,2
4.970000000000001,5.0,0.0,10,5,5,5,5,5,5,5,5,5,5
4.59,4.4,0.48888888888888893,10,4,5,5,4,4,5,5,4,3,5
2.44,1.8,0.6222222222222223,10,1,2,2,2,3,3,2,1,1,1
3.93,3.7,0.8999999999999999,10,4,3,5,5,3,4,3,2,4,4
3.89,4.2,0.39999999999999997,10,4,5,4,4,4,4,3,5,4,5
4.73,4.6,0.26666666666666666,10,5,4,4,5,4,5,5,4,5,5
2.48,2.6,1.5999999999999999,10,1,5,2,2,3,4,3,1,3,2
2.15,2.2,0.6222222222222222,10,3,1,2,4,2,2,2,2,2,2
1.79,1.9,0.7666666666666665,10,2,1,3,3,1,3,1,1,2,2
4.83,4.8,0.17777777777777773,10,5,4,5,5,5,5,4,5,5,5
3.61,4.0,0.8888888888888888,10,4,2,4,4,5,5,4,5,3,4
2.6100000000000003,2.4,0.9333333333333336,10,3,4,2,3,3,3,1,2,2,1
2.8600000000000003,2.9,0.7666666666666666,10,2,2,4,2,3,4,4,3,3,2
2.88,3.6,1.5999999999999996,10,1,5,3,3,5,4,3,5,3,4
1.92,2.1,0.5444444444444444,10,3,3,2,1,2,1,2,2,3,2
3.55,3.8,0.6222222222222222,10,3,4,3,4,4,4,5,3,3,5
2.4,2.5,1.1666666666666667,10,3,4,2,2,3,4,3,2,1,1
4.79,4.9,0.09999999999999998,10,5,5,5,4,5,5,5,5,5,5
3.32,2.9,2.1,10,4,2,5,3,1,5,2,1,3,3
4.0600000000000005,4.3,0.8999999999999999,10,5,4,5,5,5,4,4,4,2,5
3.14,2.7,1.3444444444444443,10,4,5,3,2,3,2,3,2,2,1
3.51,3.2,1.5111111111111115,10,4,4,1,1,4,4,4,3,4,3
4.5200000000000005,4.6,0.26666666666666666,10,4,5,5,5,4,5,4,4,5,5
1.84,1.8,0.4000000000000001,10,1,2,2,2,2,1,2,3,1,2
2.66,2.7,0.23333333333333334,10,2,2,3,3,3,2,3,3,3,3
3.07,3.0,0.8888888888888888,10,3,3,3,4,3,3,4,4,1,2
3.72,4.4,0.48888888888888893,10,5,5,4,5,4,4,5,4,5,3
3.91,3.5,0.9444444444444444,10,5,2,4,2,4,4,3,3,4,4
3.24,3.4,1.155555555555556,10,2,2,3,4,5,3,3,4,3,5
2.04,2.3,0.8999999999999999,10,1,3,2,2,1,3,2,3,4,2
3.97,3.7,0.6777777777777777,10,3,4,5,3,4,4,3,5,3,3
1.0699999999999998,1.0,0.0,10,1,1,1,1,1,1,1,1,1,1
4.66,4.6,0.26666666666666666,10,5,4,5,4,5,5,4,4,5,5
3.78,3.3,1.5666666666666667,10,3,3,4,3,5,3,1,2,4,5
3.52,4.2,0.6222222222222222,10,5,5,4,4,5,3,3,4,4,5
4.720000000000001,4.9,0.09999999999999998,10,5,5,5,5,5,4,5,5,5,5
1.09,1.1,0.09999999999999999,10,2,1,1,1,1,1,1,1,1,1
4.04,4.4,0.48888888888888893,10,5,4,4,5,5,4,5,4,3,5
3.56,3.2,1.0666666666666667,10,2,3,2,3,4,5,4,2,4,3
3.06,2.6,1.3777777777777778,10,2,1,3,4,3,4,4,2,1,2
4.03,3.8,1.7333333333333334,10,2,5,3,5,3,5,5,5,3,2
3.06,2.7,0.4555555555555555,10,3,2,2,2,3,3,3,3,2,4
1.98,2.0,0.6666666666666666,10,1,1,3,2,1,3,2,2,2,3
2.73,2.5,1.1666666666666667,10,2,3,5,3,3,2,2,1,2,2
1.84,2.4,0.9333333333333333,10,2,3,3,2,3,1,1,2,3,4
2.21,2.1,0.9888888888888887,10,3,3,4,2,1,2,1,2,2,1
2.6,2.6,1.155555555555556,10,2,3,4,4,2,2,2,4,2,1
4.02,4.2,0.39999999999999997,10,4,4,4,5,3,5,5,4,4,4
4.86,4.9,0.09999999999999998,10,5,5,5,5,4,5,5,5,5,5
2.51,2.5,1.3888888888888888,10,2,4,2,5,2,2,2,1,3,2
1.25,1.3,0.23333333333333334,10,1,2,1,2,1,2,1,1,1,1
3.42,3.9,0.3222222222222223,10,4,4,4,4,4,5,3,4,3,4
1.45,1.5,0.7222222222222222,10,1,1,1,3,1,3,2,1,1,1
4.08,4.0,0.6666666666666666,10,3,5,3,4,4,4,5,5,4,3
3.2,3.6,1.3777777777777778,10,3,1,3,5,4,4,4,5,3,4
1.88,1.9,0.7666666666666666,10,2,2,1,3,1,2,1,1,3,3
3.78,3.7,0.4555555555555555,10,3,4,3,4,4,5,3,4,3,4
4.57,4.7,0.8999999999999999,10,5,5,2,5,5,5,5,5,5,5
1.03,1.0,0.0,10,1,1,1,1,1,1,1,1,1,1
1.49,1.2,0.1777777777777778,10,1,1,1,1,1,2,1,1,1,2
2.81,3.0,1.3333333333333333,10,3,2,5,1,3,4,3,3,4,2
1.53,1.5,0.5,10,2,1,2,2,1,3,1,1,1,1
2.12,1.4,0.48888888888888893,10,2,1,1,1,1,1,1,2,3,1
1.66,1.6,0.48888888888888904,10,2,1,3,1,2,1,2,2,1,1
4.25,4.1,0.7666666666666666,10,5,3,4,5,5,5,3,4,3,4
1.28,1.3,0.23333333333333334,10,1,1,1,1,1,2,2,1,1,2
4.57,4.5,0.5,10,3,5,5,5,4,5,5,4,5,4
2.94,2.9,0.7666666666666666,10,2,3,2,2,2,3,3,4,4,4
2.48,2.8,1.0666666666666667,10,4,2,3,2,4,4,3,1,2,3
4.220000000000001,4.4,0.711111111111111,10,3,5,5,4,5,4,5,5,5,3
1.61,1.7,0.6777777777777778,10,3,2,1,1,3,1,1,2,1,2
4.32,4.2,0.8444444444444444,10,4,4,5,4,5,4,5,2,4,5
3.34,2.9,0.9888888888888889,10,2,4,1,3,3,4,4,3,2,3
3.08,3.3,0.4555555555555555,10,4,3,3,4,4,3,3,3,4,2
1.42,1.5,0.5,10,1,1,1,3,1,1,2,1,2,2
3.53,3.0,0.8888888888888888,10,2,3,2,3,2,3,5,4,3,3
3.5,3.4,2.0444444444444443,10,1,3,4,4,1,4,5,3,5,4
4.64,4.4,0.711111111111111,10,5,3,4,5,3,5,5,5,4,5
2.09,2.4,0.9333333333333333,10,3,3,4,3,1,3,2,1,2,2
3.59,4.0,0.8888888888888888,10,4,4,2,5,5,5,3,4,4,4
3.18,3.0,0.6666666666666666,10,2,3,3,4,4,3,4,3,2,2
3.13,2.4,0.48888888888888904,10,3,2,3,3,1,3,3,2,2,2
4.01,4.1,0.5444444444444444,10,4,4,3,5,4,5,3,4,4,5
2.02,1.8,1.7333333333333336,10,3,1,1,2,5,2,1,1,1,1
1.36,1.5,0.5,10,1,1,2,3,2,1,1,1,2,1
1.57,1.8,0.4,10,2,2,1,2,2,1,2,2,3,1
4.69,4.5,0.5,10,5,4,5,5,3,5,4,5,4,5
1.76,2.0,1.3333333333333333,10,3,1,1,1,4,1,3,2,1,3
3.91,4.2,1.0666666666666669,10,5,5,4,4,3,5,2,4,5,5
3.84,3.7,0.8999999999999999,10,3,3,2,3,4,5,4,4,4,5
4.86,4.9,0.09999999999999996,10,4,5,5,5,5,5,5,5,5,5
4.529999999999999,5.0,0.0,10,5,5,5,5,5,5,5,5,5,5
4.34,4.4,0.711111111111111,10,5,5,5,5,3,4,5,4,3,5
3.05,2.4,1.1555555555555557,10,2,3,1,2,4,4,2,1,2,3
1.25,1.4,0.2666666666666667,10,1,1,2,2,2,2,1,1,1,1
1.4,1.1,0.09999999999999999,10,1,1,1,2,1,1,1,1,1,1
1.42,1.2,0.1777777777777778,10,1,1,1,2,2,1,1,1,1,1
2.69,3.0,0.4444444444444444,10,2,4,3,2,3,3,3,3,3,4
2.76,3.3,1.7888888888888888,10,3,4,2,5,5,2,5,2,2,3
1.79,2.1,0.5444444444444445,10,2,2,3,1,2,3,2,2,3,1
2.8600000000000003,3.1,1.8777777777777775,10,1,2,4,3,4,2,3,5,2,5
3.24,3.3,0.4555555555555555,10,3,4,2,4,3,4,4,3,3,3
2.62,2.1,0.9888888888888889,10,1,2,2,1,3,2,4,3,2,1
1.8,1.6,0.48888888888888904,10,3,2,2,1,1,2,1,1,2,1
2.52,2.4,0.7111111111111112,10,2,2,3,3,4,3,2,2,2,1
2.54,2.4,1.1555555555555554,10,2,3,2,2,2,5,2,2,3,1
1.14,1.2,0.17777777777777778,10,1,1,1,1,1,1,2,2,1,1
1.56,1.6,0.2666666666666667,10,2,1,2,2,2,2,1,1,2,1
2.6100000000000003,2.9,1.2111111111111112,10,2,2,4,3,2,2,3,2,5,4
4.58,4.6,0.26666666666666666,10,5,4,4,5,4,4,5,5,5,5
4.39,4.3,0.8999999999999999,10,5,5,4,3,5,3,5,5,3,5
1.78,2.0,0.4444444444444444,10,2,3,1,3,2,2,2,2,2,1
2.54,2.7,1.1222222222222222,10,2,2,3,4,4,2,4,2,1,3
3.55,3.5,1.1666666666666667,10,4,5,3,2,4,5,4,3,3,2
3.3600000000000003,3.2,0.6222222222222222,10,4,4,4,2,3,2,3,3,3,4
2.48,2.3,0.8999999999999999,10,1,3,1,1,3,3,2,3,3,3
1.99,2.0,0.2222222222222222,10,1,2,2,2,2,2,2,2,2,3
3.7,3.5,0.9444444444444444,10,3,2,5,2,4,3,4,4,4,4
3.54,3.1,1.4333333333333333,10,5,2,3,4,4,2,1,3,4,3
2.27,2.6,0.48888888888888893,10,2,3,2,2,3,3,2,2,4,3
4.07,3.8,0.39999999999999997,10,3,5,3,4,3,4,4,4,4,4
4.62,4.6,0.26666666666666666,10,5,5,4,4,4,5,4,5,5,5
2.35,2.6,1.377777777777778,10,2,2,1,3,2,2,2,4,5,3
4.13,3.7,1.3444444444444443,10,4,1,4,4,4,5,3,3,5,4
4.9,5.0,0.0,10,5,5,5,5,5,5,5,5,5,5
1.06,1.1,0.09999999999999999,10,1,1,1,1,1,1,1,2,1,1
1.75,1.8,0.8444444444444447,10,4,2,1,1,1,2,2,2,1,2
3.98,4.2,0.6222222222222222,10,4,5,5,5,4,4,3,4,3,5
1.91,1.9,1.2111111111111112,10,2,2,4,1,1,3,1,1,3,1
2.0,1.9,0.5444444444444444,10,2,2,2,2,2,3,3,1,1,1
3.99,3.8,0.8444444444444444,10,4,5,5,3,4,4,2,3,4,4
3.67,3.7,0.8999999999999999,10,4,4,5,4,2,5,3,4,3,3
2.9,2.7,0.8999999999999999,10,3,1,3,3,2,4,4,2,3,2
1.84,1.5,0.2777777777777778,10,2,1,1,1,1,2,2,2,1,2
3.3600000000000003,4.0,0.6666666666666666,10,4,5,3,3,4,4,3,4,5,5
1.87,2.0,0.8888888888888888,10,3,2,2,1,1,4,1,2,2,2
1.55,1.2,0.1777777777777778,10,1,1,1,1,1,2,1,1,2,1
3.18,3.3,1.3444444444444443,10,3,5,4,3,1,4,4,2,4,3
1.74,1.9,0.7666666666666665,10,2,2,2,4,1,2,1,1,2,2
1.24,1.2,0.17777777777777784,10,2,1,1,1,1,1,1,1,1,2
1.9,1.8,0.4000000000000001,10,2,1,2,2,1,2,2,1,3,2
1.76,1.8,0.6222222222222223,10,2,1,2,1,2,3,1,2,3,1
2.52,3.0,0.8888888888888888,10,3,3,3,2,2,4,3,2,3,5
2.6,2.5,1.1666666666666667,10,1,4,2,2,4,3,3,1,2,3
1.46,1.1,0.09999999999999999,10,1,1,1,1,2,1,1,1,1,1
3.84,3.8,0.6222222222222222,10,3,4,3,5,3,4,5,4,3,4
4.720000000000001,5.0,0.0,10,5,5,5,5,5,5,5,5,5,5
4.48,4.4,0.9333333333333333,10,5,5,5,5,3,3,5,5,3,5
2.34,2.3,0.6777777777777777,10,2,1,3,3,3,2,1,3,2,3
1.08,1.1,0.09999999999999999,10,1,1,1,1,1,2,1,1,1,1
1.68,1.9,0.5444444444444445,10,1,2,1,2,2,1,3,2,2,3
3.92,4.1,1.2111111111111112,10,4,3,5,5,4,3,2,5,5,5
2.96,3.3,0.6777777777777777,10,3,4,3,2,3,2,4,4,4,4
4.9,5.0,0.0,10,5,5,5,5,5,5,5,5,5,5
1.56,1.9,0.5444444444444445,10,2,1,2,3,2,3,2,1,2,1
2.17,1.8,0.6222222222222222,10,2,2,1,3,2,2,1,1,1,3
1.02,1.0,0.0,10,1,1,1,1,1,1,1,1,1,1
4.720000000000001,4.9,0.09999999999999999,10,5,5,5,5,5,5,4,5,5,5
2.35,2.9,2.322222222222222,10,5,1,3,3,3,3,1,5,1,4
3.95,3.9,0.9888888888888887,10,3,2,4,3,4,5,5,5,4,4
3.61,3.8,1.288888888888889,10,3,3,5,5,5,5,2,3,4,3
2.39,2.0,0.8888888888888888,10,2,1,2,1,2,4,3,2,2,1
2.16,2.7,0.4555555555555555,10,2,2,3,4,3,3,3,3,2,2
2.01,2.2,1.0666666666666667,10,2,1,2,1,3,4,3,1,3,2
3.25,3.1,1.8777777777777775,10,5,5,4,2,3,2,1,3,2,4
3.88,3.9,0.7666666666666666,10,4,4,2,4,4,5,3,4,5,4
2.51,2.5,1.3888888888888888,10,3,3,4,3,1,3,1,2,4,1
3.87,3.7,1.3444444444444443,10,3,4,4,2,4,5,5,3,5,2
2.81,2.8,2.177777777777778,10,2,2,3,2,1,4,1,5,3,5
1.73,1.6,0.48888888888888893,10,1,1,2,1,2,1,1,2,2,3
3.04,3.0,0.6666666666666666,10,3,4,3,2,3,4,4,2,3,2
4.89,4.9,0.09999999999999998,10,5,5,5,5,5,4,5,5,5,5
3.81,3.6,0.7111111111111112,10,3,3,4,3,4,2,4,4,4,5
4.779999999999999,4.6,0.26666666666666666,10,5,5,5,5,5,4,4,5,4,4
1.83,1.7,0.4555555555555555,10,2,1,1,2,1,2,1,2,2,3
3.43,3.3,0.6777777777777777,10,3,2,4,3,3,4,4,4,4,2
4.75,4.7,0.23333333333333334,10,5,5,4,5,5,5,4,5,5,4
1.9,1.8,0.4000000000000001,10,2,2,2,3,1,1,2,1,2,2
2.82,2.9,0.9888888888888887,10,3,1,4,3,3,2,4,2,4,3
2.96,2.9,0.9888888888888889,10,4,2,2,3,5,2,3,3,2,3
3.14,2.9,1.211111111111111,10,4,3,2,2,4,2,2,2,3,5
3.16,3.6,1.3777777777777773,10,4,4,5,5,2,2,5,3,3,3
4.63,4.4,0.4888888888888888,10,5,4,5,5,3,4,4,5,4,5
2.84,2.9,1.4333333333333333,10,2,3,4,3,4,2,1,3,2,5
4.779999999999999,4.6,0.26666666666666666,10,4,5,4,4,4,5,5,5,5,5
3.66,3.4,0.9333333333333333,10,2,3,4,5,3,3,2,4,4,4
3.07,2.8,0.8444444444444444,10,3,4,3,2,1,2,4,3,3,3
2.8,3.0,0.4444444444444444,10,3,3,4,3,3,4,3,2,2,3
1.57,1.8,0.8444444444444447,10,1,2,2,2,1,2,4,1,1,2
1.66,1.5,0.5,10,1,1,2,1,3,2,2,1,1,1
3.67,3.9,0.7666666666666665,10,5,3,3,5,4,4,5,3,3,4
3.49,3.8,0.8444444444444444,10,4,4,3,5,4,4,4,5,2,3
2.53,2.4,0.2666666666666667,10,3,3,2,2,2,3,2,2,2,3
2.44,2.5,0.7222222222222222,10,2,3,2,3,2,2,4,1,3,3
4.76,4.7,0.23333333333333334,10,5,5,4,5,5,4,5,5,5,4
1.59,1.3,0.4555555555555555,10,1,1,1,1,2,1,3,1,1,1
4.7700000000000005,5.0,0.0,10,5,5,5,5,5,5,5,5,5,5
4.41,4.7,0.23333333333333334,10,5,4,5,5,4,5,5,4,5,5
4.5,4.7,0.4555555555555555,10,4,5,5,5,5,5,5,5,3,5
4.79,4.8,0.17777777777777773,10,5,4,5,5,5,5,5,5,5,4
4.74,4.8,0.17777777777777773,10,4,5,5,4,5,5,5,5,5,5
2.36,2.4,0.9333333333333333,10,3,2,3,2,3,3,2,4,1,1
1.74,1.9,0.5444444444444445,10,2,1,2,3,2,3,2,1,1,2
2.5,2.7,2.2333333333333334,10,1,5,1,2,2,2,3,5,4,2
3.39,3.2,0.39999999999999997,10,4,3,4,3,2,3,3,3,4,3
2.4,2.6,0.7111111111111111,10,2,2,3,3,3,3,3,2,1,4
4.91,4.9,0.09999999999999998,10,5,5,5,5,5,4,5,5,5,5
2.22,2.7,1.1222222222222222,10,1,2,4,4,2,4,3,2,3,2
3.04,3.6,0.7111111111111112,10,4,4,3,3,5,4,3,2,4,4
2.21,2.2,0.6222222222222222,10,2,3,2,3,3,2,1,2,3,1
3.31,2.8,1.7333333333333334,10,2,4,3,1,5,4,2,1,3,3
4.79,4.6,0.26666666666666666,10,5,5,4,5,5,4,4,5,4,5
3.68,3.5,0.9444444444444444,10,3,2,4,4,4,4,2,4,3,5
2.0,1.7,0.6777777777777777,10,3,1,1,2,1,2,1,2,1,3
4.75,4.8,0.17777777777777773,10,5,5,4,4,5,5,5,5,5,5
3.52,3.3,0.6777777777777777,10,3,4,4,4,3,2,4,3,4,2
3.74,3.4,1.3777777777777778,10,5,3,4,5,4,2,4,3,2,2
2.9,2.3,0.8999999999999999,10,2,3,2,3,1,4,2,1,2,3
2.9,2.5,0.2777777777777778,10,2,3,3,2,2,3,3,2,2,3
3.31,3.3,0.8999999999999999,10,2,3,5,2,4,3,4,3,3,4
1.03,1.0,0.0,10,1,1,1,1,1,1,1,1,1,1
2.77,2.9,2.3222222222222224,10,2,4,4,1,3,5,4,1,1,4
1.6,1.4,0.2666666666666667,10,1,2,1,1,2,1,1,2,2,1
4.14,4.1,0.3222222222222222,10,4,3,4,4,5,4,4,5,4,4
3.44,3.6,0.7111111111111111,10,4,4,3,4,3,4,4,2,5,3
2.35,2.2,1.2888888888888888,10,2,2,2,1,3,1,2,2,5,2
2.73,2.4,1.377777777777778,10,4,1,2,4,1,2,2,4,2,2
4.4,4.5,0.5,10,4,5,5,4,4,5,3,5,5,5
3.46,3.8,1.288888888888889,10,3,3,3,5,2,5,5,4,5,3
4.98,5.0,0.0,10,5,5,5,5,5,5,5,5,5,5
3.93,3.8,0.6222222222222222,10,5,4,3,5,3,4,3,4,3,4
3.4,3.0,1.1111111111111112,10,2,2,4,2,5,3,2,3,3,4
4.65,4.8,0.17777777777777773,10,4,5,5,5,5,5,4,5,5,5
1.78,1.9,0.5444444444444443,10,3,2,2,1,1,3,2,1,2,2
2.16,2.3,0.8999999999999999,10,2,2,1,1,3,2,3,3,2,4
1.11,1.0,0.0,10,1,1,1,1,1,1,1,1,1,1
3.28,3.2,1.0666666666666667,10,2,3,4,3,5,2,4,2,4,3
2.38,2.9,1.211111111111111,10,4,3,2,4,4,2,4,2,3,1
4.2700000000000005,4.1,0.32222222222222224,10,4,5,4,4,4,5,4,4,4,3
3.96,3.8,0.6222222222222222,10,3,4,5,4,4,4,4,2,4,4
2.65,2.8,0.39999999999999997,10,3,2,3,2,3,3,4,3,3,2
1.29,1.3,0.4555555555555555,10,1,1,1,1,1,2,1,1,1,3
2.01,1.8,0.4000000000000001,10,2,1,2,2,2,1,2,2,3,1
3.99,3.8,0.39999999999999997,10,5,3,4,4,3,3,4,4,4,4
2.71,3.3,1.5666666666666667,10,4,1,4,4,5,4,2,4,3,2
4.51,4.7,0.4555555555555555,10,5,5,5,5,5,5,5,3,4,5
2.12,1.9,0.9888888888888889,10,2,1,4,1,2,1,3,2,1,2
2.76,3.5,1.1666666666666667,10,4,4,2,2,3,4,5,5,3,3
1.85,1.9,0.7666666666666665,10,2,1,2,1,1,1,3,3,3,2
1.19,1.0,0.0,10,1,1,1,1,1,1,1,1,1,1
4.23,4.4,0.711111111111111,10,5,5,5,4,4,3,5,5,5,3
2.07,1.9,0.9888888888888889,10,1,2,1,2,2,1,1,4,3,2
4.82,4.7,0.23333333333333334,10,4,4,5,5,4,5,5,5,5,5
3.19,3.4,1.1555555555555554,10,4,4,2,4,2,5,3,4,2,4
3.29,4.0,0.8888888888888888,10,5,5,5,3,3,5,3,4,3,4
4.66,4.7,0.23333333333333334,10,5,5,4,5,5,4,5,4,5,5
3.7,3.7,0.8999999999999999,10,4,3,4,2,4,4,3,5,3,5
4.11,4.3,0.6777777777777777,10,5,5,5,3,4,5,3,5,4,4
4.74,4.9,0.09999999999999999,10,5,5,5,5,5,5,5,5,4,5
2.12,2.2,0.6222222222222222,10,3,3,2,2,3,3,1,2,2,1
1.76,1.8,0.4000000000000001,10,2,1,2,2,1,2,3,2,2,1
4.23,3.8,0.39999999999999997,10,4,5,4,4,3,3,3,4,4,4
5.0,5.0,0.0,10,5,5,5,5,5,5,5,5,5,5
2.81,3.1,1.2111111111111112,10,4,2,3,2,3,4,2,2,5,4
3.64,3.3,0.6777777777777777,10,3,4,4,4,4,3,3,2,2,4
3.58,3.8,0.8444444444444444,10,5,3,3,3,3,4,5,4,5,3
3.58,3.9,1.2111111111111112,10,3,5,2,5,4,3,5,4,3,5
3.58,3.6,1.1555555555555554,10,4,3,5,2,5,3,3,5,3,3
4.34,4.2,0.6222222222222222,10,4,5,4,4,4,5,5,3,3,5
4.88,4.6,0.4888888888888887,10,3,5,5,4,4,5,5,5,5,5
4.76,4.7,0.23333333333333334,10,5,4,5,5,5,5,5,4,4,5
4.2,4.2,0.39999999999999997,10,4,4,5,3,4,4,4,5,4,5
3.63,3.7,0.6777777777777777,10,3,5,5,3,4,4,3,3,3,4
2.04,2.8,1.0666666666666667,10,3,2,3,2,3,3,1,3,3,5
1.63,1.9,0.7666666666666665,10,3,2,2,3,1,1,2,1,3,1
1.96,2.0,0.4444444444444444,10,2,2,2,2,2,3,1,2,3,1
4.35,4.5,0.2777777777777778,10,4,4,5,4,4,5,4,5,5,5
4.58,4.8,0.17777777777777773,10,5,5,4,5,5,4,5,5,5,5
4.26,3.9,1.2111111111111112,10,5,4,5,2,5,2,4,4,4,4
2.54,2.7,0.4555555555555555,10,3,3,3,2,3,4,3,2,2,2
3.64,3.0,2.0,10,4,4,5,4,2,3,1,4,2,1
3.45,3.7,0.6777777777777777,10,4,3,4,4,4,3,4,2,4,5
2.35,2.3,0.8999999999999999,10,3,1,2,2,1,3,4,2,2,3
2.44,2.4,0.48888888888888904,10,3,2,1,3,2,3,3,3,2,2
1.38,1.3,0.23333333333333334,10,1,1,2,1,1,1,2,2,1,1
2.45,2.2,0.6222222222222222,10,2,3,2,3,3,3,2,1,2,1
3.72,3.3,1.5666666666666667,10,3,3,2,1,3,4,3,4,5,5
3.38,3.6,0.48888888888888893,10,4,3,4,3,3,4,3,5,4,3
4.13,4.5,0.2777777777777778,10,5,5,5,5,4,4,4,5,4,4
2.58,2.7,0.4555555555555555,10,3,2,3,2,3,2,3,3,4,2
2.69,2.8,1.0666666666666669,10,3,3,4,4,1,4,3,2,2,2
2.48,2.8,1.0666666666666667,10,3,4,2,3,2,4,3,2,4,1
3.0,3.0,1.3333333333333333,10,4,1,3,3,5,2,3,3,2,4
4.6,4.7,0.4555555555555555,10,5,5,3,5,4,5,5,5,5,5
3.98,4.0,1.1111111111111112,10,5,4,4,5,5,3,3,5,4,2
1.22,1.1,0.09999999999999999,10,1,1,1,1,1,1,1,2,1,1
1.78,1.4,0.2666666666666667,10,2,2,1,1,1,1,1,2,2,1
3.83,4.0,0.6666666666666666,10,4,3,4,4,3,3,5,5,4,5
3.47,3.6,1.1555555555555557,10,4,3,2,5,2,5,3,4,4,4
3.06,3.1,1.2111111111111112,10,4,2,4,3,4,3,1,4,2,4
4.7700000000000005,4.8,0.17777777777777773,10,5,5,5,5,4,5,4,5,5,5
2.41,2.1,0.7666666666666666,10,2,3,2,1,2,4,2,2,2,1
2.55,2.9,1.211111111111111,10,2,3,3,1,3,4,3,5,2,3
1.54,1.7,1.1222222222222222,10,3,1,2,1,4,2,1,1,1,1
3.77,4.0,1.1111111111111112,10,4,5,3,5,2,4,5,3,5,4
3.12,3.4,0.48888888888888904,10,3,2,3,3,3,4,4,4,4,4
3.61,4.2,1.0666666666666669,10,5,5,4,4,2,5,5,3,4,5
3.13,3.5,1.6111111111111112,10,5,3,4,1,4,5,4,3,2,4
4.5600000000000005,4.6,0.26666666666666666,10,5,4,5,5,5,4,5,5,4,4
1.15,1.0,0.0,10,1,1,1,1,1,1,1,1,1,1
3.35,3.4,1.155555555555556,10,3,4,3,5,3,4,3,4,4,1
1.63,2.1,0.5444444444444445,10,1,2,3,3,2,3,2,2,1,2
2.72,2.0,0.4444444444444444,10,1,2,2,1,3,3,2,2,2,2
1.1800000000000002,1.3,0.23333333333333334,10,1,1,1,2,1,1,2,2,1,1
3.18,3.4,1.6,10,3,4,2,4,5,4,3,3,5,1
1.54,1.3,0.23333333333333334,10,1,1,1,1,2,1,1,1,2,2
1.29,1.4,0.2666666666666667,10,1,2,1,2,1,2,2,1,1,1
2.94,3.2,0.6222222222222222,10,3,2,3,4,4,2,3,3,4,4
4.39,4.3,0.8999999999999999,10,4,4,2,4,5,5,5,4,5,5
4.470000000000001,4.4,0.4888888888888888,10,4,3,4,5,4,5,5,5,5,4
4.38,4.4,0.4888888888888888,10,5,3,4,4,4,5,5,5,4,5
3.25,3.7,0.8999999999999999,10,2,4,3,3,5,5,4,3,4,4
1.42,1.5,0.5,10,1,2,1,1,1,1,2,1,3,2
4.79,4.7,0.23333333333333334,10,5,5,4,5,4,5,4,5,5,5
4.89,4.8,0.17777777777777773,10,4,5,5,5,5,4,5,5,5,5
1.33,1.4,0.2666666666666667,10,1,1,2,1,1,2,1,2,2,1
4.5600000000000005,4.7,0.23333333333333334,10,4,5,4,5,5,4,5,5,5,5
1.64,2.0,0.6666666666666666,10,2,2,1,3,3,1,2,3,2,1
1.61,1.9,0.7666666666666666,10,1,2,2,3,2,3,3,1,1,1
2.19,2.2,0.8444444444444444,10,3,1,3,3,3,1,3,2,2,1
4.470000000000001,4.2,0.8444444444444444,10,4,5,5,2,4,5,4,4,4,5
1.48,1.7,1.122222222222222,10,1,1,1,1,1,1,4,2,3,2
3.61,3.5,0.9444444444444444,10,4,4,3,4,3,5,4,2,2,4
3.74,4.1,0.7666666666666666,10,3,3,4,3,5,5,4,5,4,5
3.1100000000000003,3.0,0.8888888888888888,10,3,4,2,3,2,4,2,4,2,4
1.89,2.3,1.788888888888889,10,2,2,5,4,3,2,1,2,1,1
1.29,1.5,0.5,10,1,2,1,1,1,2,2,3,1,1
1.04,1.0,0.0,10,1,1,1,1,1,1,1,1,1,1
1.5,1.5,0.2777777777777778,10,1,1,1,2,1,2,2,1,2,2
2.15,2.1,0.9888888888888889,10,2,1,3,2,2,4,3,1,1,2
2.85,2.5,1.1666666666666667,10,3,3,1,4,3,1,2,2,2,4
3.58,3.6,0.7111111111111114,10,2,4,5,3,3,3,4,4,4,4
1.44,1.3,0.23333333333333334,10,2,1,2,2,1,1,1,1,1,1
4.84,4.8,0.17777777777777773,10,5,5,5,4,5,5,4,5,5,5
1.75,1.8,0.6222222222222222,10,3,2,1,1,2,2,1,1,3,2
4.4,4.5,0.2777777777777778,10,5,5,4,4,4,4,5,5,4,5
3.88,3.4,0.2666666666666667,10,3,4,3,4,4,3,3,3,4,3
1.92,1.4,0.2666666666666667,10,1,1,2,1,1,2,2,1,2,1
2.05,1.8,0.6222222222222223,10,3,2,2,3,2,1,1,2,1,1
2.41,2.4,0.9333333333333333,10,3,2,1,3,3,2,4,2,1,3
2.27,2.2,0.17777777777777773,10,2,2,3,2,2,2,3,2,2,2
2.63,2.9,1.2111111111111112,10,5,2,2,3,4,2,2,2,3,4
2.22,2.2,0.6222222222222222,10,2,1,2,2,2,3,3,1,3,3
4.19,4.5,0.2777777777777778,10,4,5,4,5,5,5,4,5,4,4
1.83,2.1,0.7666666666666666,10,3,2,3,3,1,2,2,3,1,1
1.3,1.4,0.2666666666666667,10,1,1,1,2,1,2,2,2,1,1
4.66,4.5,0.2777777777777778,10,4,4,4,5,5,4,5,5,5,4
2.64,2.6,0.7111111111111114,10,1,2,3,4,3,2,3,2,3,3
2.51,3.6,1.5999999999999999,10,3,3,5,5,5,1,4,3,3,4
3.27,3.2,1.0666666666666667,10,4,3,5,4,2,3,4,2,2,3
4.0,4.1,0.9888888888888887,10,4,3,4,5,4,5,5,4,5,2
4.26,4.5,0.2777777777777778,10,4,5,4,4,4,5,5,5,5,4
2.92,3.1,0.5444444444444444,10,3,4,2,2,3,4,3,3,4,3
3.41,3.0,0.8888888888888888,10,3,3,4,4,3,1,3,4,3,2
4.09,3.6,0.7111111111111112,10,4,3,4,3,4,2,4,5,3,4
2.68,2.6,1.822222222222222,10,2,1,2,4,3,5,4,2,2,1
1.39,1.2,0.17777777777777778,10,1,1,1,1,1,1,2,1,1,2
4.03,3.9,0.9888888888888889,10,2,4,4,4,5,3,3,4,5,5
3.75,3.7,1.1222222222222222,10,4,5,5,3,2,4,4,4,2,4
3.16,3.3,1.3444444444444443,10,4,2,5,3,3,3,2,5,2,4
3.04,2.7,0.4555555555555555,10,3,3,2,3,2,2,3,3,2,4
2.09,1.6,0.48888888888888904,10,1,2,1,1,3,1,2,1,2,2
2.49,2.5,0.5,10,3,2,3,3,2,4,2,2,2,2
2.76,3.1,0.5444444444444443,10,2,3,5,3,3,3,3,3,3,3
4.08,3.7,0.6777777777777777,10,4,4,3,5,4,2,3,4,4,4
2.77,2.4,0.9333333333333333,10,3,2,2,3,3,1,3,1,2,4
4.6,4.3,1.1222222222222222,10,5,5,3,5,5,5,4,5,4,2
2.03,2.4,0.9333333333333333,10,3,3,2,2,2,3,1,3,4,1
4.48,4.4,0.4888888888888888,10,5,4,4,5,3,5,5,4,4,5
3.01,2.9,1.6555555555555557,10,3,4,2,1,5,3,3,1,3,4
3.03,1.9,0.7666666666666665,10,2,2,2,2,4,1,1,1,2,2
4.68,4.6,0.4888888888888888,10,5,4,5,4,5,5,3,5,5,5
2.53,2.3,1.1222222222222222,10,1,3,4,2,2,3,1,3,1,3
4.37,4.4,0.4888888888888888,10,3,4,5,4,4,5,5,5,4,5
1.22,1.0,0.0,10,1,1,1,1,1,1,1,1,1,1
2.5,2.4,0.48888888888888893,10,3,2,3,3,2,2,1,2,3,3
1.86,1.8,0.6222222222222222,10,1,1,2,1,1,2,3,2,3,2
1.61,1.7,0.23333333333333334,10,2,2,2,2,1,1,2,2,1,2
2.66,2.4,0.48888888888888893,10,2,2,2,2,3,2,2,2,3,4
4.55,4.3,0.4555555555555556,10,5,5,4,4,4,5,5,3,4,4
1.54,1.5,0.5,10,2,3,1,1,1,1,1,2,1,2
1.38,1.2,0.17777777777777784,10,1,2,2,1,1,1,1,1,1,1
1.76,2.1,1.2111111111111112,10,2,3,1,1,4,2,3,3,1,1
3.59,3.4,1.5999999999999999,10,3,3,4,1,3,2,5,4,5,4
1.13,1.2,0.17777777777777778,10,1,1,1,1,1,1,2,2,1,1
2.17,2.5,1.1666666666666667,10,1,4,3,3,2,2,2,4,1,3
1.67,1.7,0.23333333333333334,10,1,2,2,2,1,2,2,2,1,2
3.43,3.6,0.7111111111111112,10,4,3,3,5,3,3,5,3,3,4
2.4,2.2,0.6222222222222222,10,2,3,1,3,3,1,2,2,2,3
1.65,1.6,0.48888888888888893,10,2,1,2,1,1,3,2,1,2,1
1.87,2.0,0.8888888888888888,10,1,3,3,1,1,2,3,1,2,3
4.29,4.2,1.066666666666667,10,2,4,3,4,5,5,5,5,5,4
2.2,2.1,0.9888888888888889,10,3,2,1,2,4,2,3,1,2,1
3.99,3.9,0.5444444444444445,10,3,5,4,3,3,4,4,4,5,4
4.62,5.0,0.0,10,5,5,5,5,5,5,5,5,5,5
1.13,1.1,0.09999999999999999,10,1,1,2,1,1,1,1,1,1,1
2.31,2.7,0.4555555555555555,10,4,3,2,2,3,3,2,3,3,2
4.8100000000000005,4.8,0.17777777777777773,10,5,5,5,4,5,4,5,5,5,5
1.47,1.5,0.5,10,1,2,2,2,1,1,1,3,1,1
4.19,4.7,0.4555555555555555,10,5,4,5,5,5,3,5,5,5,5
4.49,4.8,0.17777777777777773,10,5,5,5,4,5,4,5,5,5,5
4.09,4.0,1.3333333333333333,10,5,3,4,5,3,5,5,2,3,5
1.2,1.4,0.48888888888888904,10,1,1,2,3,1,1,2,1,1,1
2.56,2.4,0.9333333333333333,10,3,2,1,4,3,3,3,1,2,2
4.41,4.5,0.5,10,4,5,4,5,5,5,5,4,5,3
1.71,1.6,0.7111111111111111,10,2,2,1,1,1,1,1,3,1,3
4.57,5.0,0.0,10,5,5,5,5,5,5,5,5,5,5
1.28,1.5,0.5,10,1,2,1,3,1,2,1,1,2,1
3.62,3.5,0.2777777777777778,10,3,4,3,3,4,4,3,4,4,3
3.89,3.9,0.32222222222222224,10,4,3,4,4,4,5,4,3,4,4
1.83,1.6,0.48888888888888904,10,1,1,2,1,3,2,2,1,1,2
3.9,4.1,0.5444444444444444,10,4,4,5,3,4,5,5,3,4,4
4.3,4.1,0.9888888888888889,10,5,3,3,3,5,3,5,4,5,5
3.82,4.0,0.6666666666666666,10,4,5,4,5,2,4,4,4,4,4
4.25,4.7,0.23333333333333334,10,4,5,5,5,5,5,4,5,4,5
1.26,1.3,0.23333333333333334,10,1,2,2,1,1,2,1,1,1,1
1.95,1.9,0.5444444444444445,10,3,1,1,2,2,2,3,2,2,1
1.34,1.2,0.17777777777777784,10,2,1,2,1,1,1,1,1,1,1
4.48,4.5,0.5,10,5,5,5,3,5,5,4,4,5,4
4.54,4.3,0.23333333333333334,10,4,4,4,4,4,5,5,4,5,4
4.4,4.5,0.2777777777777778,10,5,4,4,4,5,5,4,4,5,5
2.42,2.7,0.8999999999999999,10,2,3,2,4,2,3,3,3,1,4
2.83,2.5,1.6111111111111112,10,3,2,2,1,1,4,3,2,2,5
4.02,3.6,1.5999999999999999,10,3,5,3,3,4,3,1,4,5,5
4.84,4.8,0.17777777777777776,10,5,5,5,5,5,5,4,4,5,5
4.5600000000000005,4.7,0.23333333333333334,10,5,4,5,4,5,5,5,5,4,5
3.21,3.0,0.2222222222222222,10,3,3,3,3,3,3,2,4,3,3
3.51,3.9,0.5444444444444445,10,5,4,5,3,4,4,4,4,3,3
4.3100000000000005,4.5,0.2777777777777778,10,5,5,4,5,4,5,4,4,5,4
2.77,2.2,1.5111111111111108,10,4,1,1,1,3,4,2,3,2,1
4.64,4.6,0.26666666666666666,10,5,4,5,5,4,5,4,5,5,4
4.529999999999999,4.7,0.4555555555555555,10,5,5,5,5,3,5,5,5,5,4
3.01,2.7,0.4555555555555555,10,2,2,4,3,3,2,2,3,3,3
1.78,1.7,0.6777777777777777,10,1,1,1,1,3,2,3,2,1,2
2.59,2.7,0.4555555555555555,10,2,4,3,2,3,2,3,2,3,3
1.02,1.0,0.0,10,1,1,1,1,1,1,1,1,1,1
3.21,3.3,0.8999999999999999,10,4,4,3,3,4,1,3,3,4,4
1.31,1.1,0.09999999999999999,10,1,2,1,1,1,1,1,1,1,1
4.29,4.6,0.2666666666666667,10,4,5,5,4,5,5,4,5,4,5
3.09,3.4,1.3777777777777778,10,4,4,4,2,4,3,3,5,1,4
4.37,4.2,0.8444444444444444,10,4,4,2,5,4,5,5,4,5,4
2.18,2.7,1.1222222222222222,10,4,3,2,2,4,4,3,1,2,2
1.44,1.4,0.48888888888888904,10,1,2,1,3,1,1,2,1,1,1
1.72,1.7,0.4555555555555555,10,1,2,2,2,3,1,2,2,1,1
1.44,1.3,0.23333333333333334,10,1,1,1,1,2,1,2,1,1,2
2.67,3.1,0.3222222222222222,10,4,3,4,3,3,3,3,3,3,2
2.84,2.8,1.0666666666666669,10,3,3,4,2,4,2,3,1,4,2
1.63,1.5,0.2777777777777778,10,2,2,2,1,1,2,1,1,1,2
1.26,1.3,0.23333333333333334,10,1,1,1,2,1,1,2,1,2,1
3.18,3.4,0.7111111111111111,10,4,4,4,3,3,3,2,5,3,3
3.15,3.4,0.7111111111111112,10,3,3,3,5,4,4,2,3,3,4
4.14,3.9,0.7666666666666665,10,3,3,4,5,3,5,3,5,4,4
3.39,3.7,2.011111111111111,10,3,5,5,3,2,5,5,4,4,1
4.529999999999999,4.3,0.8999999999999999,10,5,5,5,3,5,3,5,3,4,5
3.96,4.3,0.4555555555555555,10,4,4,4,3,5,4,5,4,5,5
1.43,1.5,0.5,10,3,1,1,1,1,1,2,1,2,2
4.2,4.5,0.9444444444444444,10,5,5,5,5,2,4,5,5,4,5
4.220000000000001,4.2,0.6222222222222222,10,4,5,4,5,5,3,4,5,4,3
3.96,3.7,1.788888888888889,10,5,1,3,4,4,4,4,5,2,5
3.52,3.6,0.2666666666666667,10,3,3,4,4,4,4,4,3,3,4
2.31,2.2,1.0666666666666667,10,3,1,1,3,2,1,2,3,4,2
1.83,1.9,0.5444444444444446,10,1,3,2,2,2,2,3,2,1,1
4.26,4.4,0.711111111111111,10,5,4,5,3,5,5,5,5,4,3
4.32,4.6,0.2666666666666667,10,4,4,5,5,4,5,5,5,4,5
1.51,1.4,0.2666666666666667,10,2,2,1,1,1,1,1,1,2,2
2.0,1.6,0.7111111111111112,10,3,1,1,3,1,1,2,1,1,2
1.12,1.0,0.0,10,1,1,1,1,1,1,1,1,1,1
4.83,4.9,0.09999999999999998,10,5,5,5,4,5,5,5,5,5,5
3.74,3.5,1.3888888888888888,10,4,2,4,4,5,2,2,5,3,4
1.59,1.8,1.066666666666667,10,4,3,2,2,2,1,1,1,1,1
2.95,3.2,1.5111111111111113,10,2,2,5,3,3,1,4,4,4,4
2.19,2.5,1.1666666666666667,10,3,2,5,3,2,1,2,2,2,3
2.96,3.0,0.8888888888888888,10,4,3,3,3,4,4,3,1,2,3
3.06,3.6,0.9333333333333333,10,5,5,4,2,4,3,3,3,3,4
2.51,2.2,0.6222222222222222,10,2,1,2,2,3,4,2,2,2,2
4.95,5.0,0.0,10,5,5,5,5,5,5,5,5,5,5
1.24,1.3,0.45555555555555544,10,3,1,1,1,1,1,1,2,1,1
4.54,4.4,0.4888888888888888,10,5,5,4,5,5,3,4,4,4,5
1.7,1.8,0.6222222222222222,10,3,1,1,3,2,1,2,2,1,2
4.03,4.3,0.6777777777777777,10,5,4,4,5,3,3,4,5,5,5
2.32,2.2,1.0666666666666667,10,1,3,2,2,1,1,2,3,3,4
3.39,3.7,0.6777777777777777,10,4,5,5,3,3,3,4,3,4,3
3.3,3.2,0.6222222222222222,10,3,3,3,3,2,4,3,5,3,3
1.3,1.2,0.1777777777777778,10,1,1,1,2,1,1,1,1,2,1
4.96,5.0,0.0,10,5,5,5,5,5,5,5,5,5,5
2.87,2.9,0.7666666666666666,10,3,3,3,3,3,4,1,4,3,2
4.87,4.8,0.39999999999999997,10,5,5,5,3,5,5,5,5,5,5
2.38,2.3,1.3444444444444443,10,2,2,1,3,2,5,1,3,2,2
1.99,1.6,0.48888888888888893,10,1,1,2,1,1,1,2,3,2,2
3.1,3.6,0.9333333333333333,10,4,3,5,3,4,5,3,4,2,3
4.19,4.2,0.17777777777777773,10,4,4,5,4,5,4,4,4,4,4
1.77,1.6,0.48888888888888893,10,2,1,1,1,1,2,2,3,1,2
1.87,2.4,0.7111111111111112,10,3,2,2,2,3,3,4,2,1,2
1.99,1.7,0.6777777777777778,10,1,3,1,2,3,1,1,2,1,2
1.46,1.7,1.1222222222222222,10,1,1,1,2,3,2,1,1,4,1
2.5,2.6,0.7111111111111112,10,3,3,2,3,4,1,2,3,3,2
2.9,3.4,0.9333333333333336,10,4,5,3,3,4,2,2,4,4,3
4.1,4.2,0.8444444444444444,10,4,4,5,5,4,4,5,2,4,5
2.67,2.7,0.8999999999999999,10,1,3,3,4,4,3,2,3,2,2
4.58,4.6,0.4888888888888888,10,5,5,5,3,5,5,5,5,4,4
3.92,3.9,0.5444444444444443,10,4,4,5,3,3,5,3,4,4,4
2.18,2.0,0.6666666666666666,10,3,2,2,3,2,3,1,1,1,2
4.29,4.5,0.5,10,5,4,4,3,5,5,4,5,5,5
1.49,1.4,0.2666666666666667,10,2,1,1,1,2,2,2,1,1,1
4.51,4.5,0.5,10,5,5,5,5,5,4,3,4,4,5
4.2,4.1,0.3222222222222222,10,4,4,5,4,5,3,4,4,4,4
3.1,3.1,0.5444444444444445,10,2,3,4,3,2,3,3,4,3,4
2.96,2.5,0.5,10,2,3,2,1,3,3,3,2,3,3
2.03,2.0,0.2222222222222222,10,2,1,2,3,2,2,2,2,2,2
2.88,2.6,0.9333333333333331,10,3,2,3,3,2,4,2,4,1,2
4.89,4.7,0.23333333333333334,10,5,5,5,5,5,4,4,5,4,5
2.71,3.1,0.32222222222222224,10,4,3,3,3,3,4,3,2,3,3
2.92,3.2,1.288888888888889,10,5,2,3,1,4,4,3,4,3,3
1.71,1.7,0.45555555555555544,10,1,1,2,3,1,1,2,2,2,2
4.18,4.3,0.6777777777777777,10,5,3,5,3,5,4,5,4,5,4
3.34,3.0,1.1111111111111112,10,4,3,1,4,2,4,2,3,3,4
2.03,1.7,0.6777777777777777,10,3,1,2,1,1,2,1,3,1,2
2.01,2.0,0.8888888888888888,10,2,1,2,1,2,2,2,4,1,3
2.03,1.7,0.4555555555555556,10,1,1,2,2,2,2,1,2,3,1
4.0600000000000005,4.0,1.1111111111111112,10,3,5,5,5,4,4,4,5,3,2
3.58,4.0,0.6666666666666666,10,4,4,5,5,5,4,4,3,3,3
2.3,2.1,0.5444444444444444,10,2,2,3,3,1,2,3,1,2,2
4.21,4.1,0.7666666666666666,10,3,5,5,5,4,3,5,4,4,3
3.05,2.9,0.9888888888888889,10,3,3,4,2,3,4,2,4,1,3
2.76,2.8,1.5111111111111113,10,5,3,1,3,3,1,3,4,3,2
3.84,3.7,1.5666666666666667,10,5,4,5,5,4,3,3,4,1,3
1.9,2.1,0.9888888888888889,10,3,2,1,4,1,3,2,2,1,2
3.1,3.1,0.7666666666666665,10,4,4,3,2,4,2,2,3,4,3
2.41,2.1,0.7666666666666666,10,3,3,1,2,2,1,2,3,1,3
4.07,4.4,0.4888888888888888,10,4,4,3,4,5,5,5,4,5,5
2.92,2.7,1.3444444444444443,10,1,1,3,2,3,4,2,3,4,4
2.88,3.0,2.0,10,1,4,3,4,4,4,4,1,1,4
1.95,1.9,0.9888888888888889,10,3,2,1,1,2,2,2,1,1,4
1.48,1.6,0.48888888888888893,10,1,2,2,1,2,3,1,2,1,1
4.17,4.3,0.4555555555555555,10,4,5,5,5,5,4,4,4,4,3
4.42,4.1,0.5444444444444444,10,3,3,4,4,4,5,5,4,5,4
1.6,1.1,0.09999999999999999,10,1,1,1,1,2,1,1,1,1,1
1.08,1.1,0.09999999999999999,10,1,2,1,1,1,1,1,1,1,1
1.39,1.4,0.2666666666666667,10,2,1,2,1,1,1,2,1,1,2
4.21,3.9,0.5444444444444445,10,5,3,3,4,3,4,5,4,4,4
3.47,3.1,0.7666666666666666,10,3,2,4,3,4,4,2,2,4,3
3.52,3.3,0.8999999999999999,10,4,5,3,4,4,3,3,3,2,2
1.64,1.5,0.2777777777777778,10,1,1,1,2,2,2,1,1,2,2
2.53,2.6,1.3777777777777778,10,3,1,4,2,2,3,4,2,1,4
2.79,2.6,1.1555555555555557,10,3,4,3,1,1,3,2,4,2,3
1.88,1.7,0.6777777777777777,10,3,2,2,1,2,1,1,1,3,1
3.56,3.6,0.9333333333333333,10,5,3,3,5,3,3,3,5,3,3
1.62,1.4,0.2666666666666667,10,2,2,1,2,1,1,1,2,1,1
1.72,1.2,0.17777777777777784,10,2,1,1,1,1,1,2,1,1,1
1.5,1.2,0.17777777777777784,10,2,1,1,1,1,1,1,1,1,2
1.36,1.2,0.1777777777777778,10,1,1,2,1,1,1,1,1,1,2
3.69,3.5,1.3888888888888888,10,4,5,2,5,2,4,2,4,4,3
2.85,2.7,1.3444444444444443,10,5,1,2,2,3,4,2,3,2,3
2.3,1.7,1.1222222222222222,10,4,3,1,1,1,1,2,2,1,1
2.7,2.5,1.1666666666666667,10,3,3,1,2,5,3,2,2,2,2
1.52,1.7,0.6777777777777778,10,3,1,3,1,2,1,1,2,1,2
2.74,2.8,1.288888888888889,10,4,2,4,3,3,4,3,1,3,1
4.23,3.9,0.32222222222222224,10,4,4,4,5,4,3,4,3,4,4
1.6,1.8,0.6222222222222223,10,2,3,1,2,1,1,3,1,2,2
1.6,1.7,0.4555555555555555,10,2,1,1,1,2,2,3,2,1,2
3.05,3.2,1.0666666666666667,10,3,3,4,4,3,4,4,2,4,1
4.87,4.7,0.23333333333333334,10,5,5,4,4,5,5,4,5,5,5
1.51,1.9,0.7666666666666666,10,2,1,1,2,2,1,3,3,1,3
4.61,4.8,0.17777777777777776,10,5,5,5,5,5,5,4,4,5,5
1.27,1.2,0.1777777777777778,10,1,1,1,1,1,2,1,1,2,1
4.6,4.5,0.7222222222222222,10,5,5,5,5,3,5,5,4,5,3
4.12,4.6,0.2666666666666667,10,4,4,5,5,5,5,4,5,4,5
4.03,4.0,0.8888888888888888,10,3,2,4,5,5,4,5,4,4,4
3.81,4.0,0.6666666666666666,10,4,4,4,5,4,3,5,3,3,5
2.82,3.0,0.8888888888888888,10,2,4,3,2,4,4,3,2,2,4
2.17,2.7,0.8999999999999999,10,2,3,3,4,2,3,2,1,4,3
4.95,4.8,0.39999999999999997,10,3,5,5,5,5,5,5,5,5,5
1.75,1.6,0.48888888888888904,10,2,1,1,3,2,2,1,1,2,1
4.64,4.6,0.26666666666666666,10,4,5,5,5,4,4,5,4,5,5
2.68,3.2,0.6222222222222222,10,3,2,4,4,3,3,4,3,4,2
4.26,4.2,0.8444444444444444,10,5,3,5,5,5,5,3,4,3,4
3.83,3.6,0.7111111111111112,10,5,4,3,4,2,4,4,4,3,3
4.1,4.1,0.5444444444444444,10,3,3,4,4,4,5,5,5,4,4
2.82,3.0,0.8888888888888888,10,1,4,3,3,3,4,2,4,3,3
1.37,1.2,0.17777777777777784,10,1,2,1,1,1,1,1,2,1,1
2.67,2.6,1.3777777777777778,10,2,3,3,2,3,5,3,1,3,1
3.57,3.8,1.0666666666666667,10,5,3,5,4,4,3,3,2,5,4
3.52,3.1,0.3222222222222223,10,3,4,4,3,3,2,3,3,3,3
4.3,4.3,0.6777777777777777,10,5,4,5,5,3,5,4,4,5,3
1.85,2.1,0.7666666666666666,10,4,2,2,1,1,3,2,2,2,2
2.84,2.9,1.877777777777778,10,4,4,2,3,1,1,5,3,2,4
2.12,2.9,1.2111111111111112,10,3,3,4,3,2,5,3,1,2,3
3.83,3.6,0.7111111111111112,10,3,4,5,2,4,4,3,4,3,4
1.61,1.6,0.48888888888888904,10,1,2,1,3,2,1,2,2,1,1
3.09,3.6,1.6000000000000003,10,5,4,4,2,3,4,4,5,1,4
2.6,2.8,0.6222222222222222,10,4,2,3,3,4,2,2,3,2,3
4.64,4.8,0.39999999999999997,10,5,5,5,5,5,5,3,5,5,5
3.93,3.8,1.5111111111111113,10,5,2,3,5,2,4,3,4,5,5
1.42,1.1,0.1,10,1,1,1,1,1,1,1,1,2,1
4.58,4.0,0.6666666666666666,10,5,4,4,5,4,4,2,4,4,4
3.06,3.0,0.8888888888888888,10,2,4,4,4,2,3,4,2,2,3
1.94,2.0,0.8888888888888888,10,2,3,1,1,4,1,2,2,2,2
4.51,4.8,0.17777777777777773,10,5,4,5,5,5,5,5,5,5,4
1.83,1.7,0.6777777777777777,10,1,2,1,1,3,1,1,3,2,2
1.97,2.3,1.3444444444444443,10,2,2,1,1,4,1,3,3,4,2
3.19,2.8,0.6222222222222222,10,4,2,3,3,2,2,2,3,3,4
2.02,1.8,0.6222222222222222,10,2,2,3,1,1,1,1,2,2,3
2.01,1.6,0.7111111111111112,10,2,1,3,1,3,2,1,1,1,1
4.88,5.0,0.0,10,5,5,5,5,5,5,5,5,5,5
4.2700000000000005,4.4,0.26666666666666666,10,4,5,5,5,4,4,5,4,4,4
1.19,1.1,0.1,10,1,1,1,1,1,1,1,1,2,1
1.76,1.6,0.48888888888888904,10,2,3,2,1,2,1,1,1,2,1
4.2700000000000005,4.8,0.17777777777777773,10,4,5,5,4,5,5,5,5,5,5
1.83,1.9,0.3222222222222223,10,1,2,2,2,2,2,3,2,1,2
4.44,4.8,0.39999999999999997,10,5,5,3,5,5,5,5,5,5,5
4.44,4.3,0.8999999999999999,10,3,3,3,4,5,5,5,5,5,5
1.67,1.4,0.2666666666666667,10,2,1,1,1,2,1,2,2,1,1
3.96,4.6,0.2666666666666667,10,5,5,5,4,4,4,5,5,5,4
2.81,2.8,1.5111111111111113,10,3,3,3,1,1,3,2,5,3,4
3.84,3.4,0.48888888888888893,10,4,4,4,3,4,3,3,4,2,3
2.2,2.5,0.9444444444444444,10,3,1,3,2,3,4,2,3,3,1
2.58,2.7,0.8999999999999999,10,3,2,5,3,3,2,2,2,3,2
4.88,4.8,0.17777777777777773,10,4,5,5,5,5,4,5,5,5,5
4.5600000000000005,4.4,0.4888888888888888,10,3,5,5,5,5,5,4,4,4,4
1.91,2.3,0.6777777777777777,10,3,2,3,1,2,1,3,3,2,3
4.98,4.9,0.09999999999999998,10,5,5,5,5,5,4,5,5,5,5
1.71,1.6,0.2666666666666667,10,1,2,2,1,1,2,2,1,2,2
1.63,1.6,0.2666666666666667,10,1,2,1,1,2,1,2,2,2,2
1.76,1.6,0.48888888888888904,10,3,1,1,2,1,1,1,2,2,2
3.3,2.7,0.8999999999999999,10,2,3,1,2,2,4,3,4,3,3
3.93,3.7,0.6777777777777778,10,3,4,4,3,3,3,5,3,4,5
2.8600000000000003,3.1,0.7666666666666666,10,4,3,4,2,3,2,4,4,2,3
3.1,3.4,0.9333333333333333,10,2,3,4,2,4,5,3,4,4,3
2.22,2.4,0.7111111111111112,10,3,2,3,1,2,2,2,2,3,4
3.82,4.1,0.5444444444444444,10,4,5,3,3,5,4,4,4,5,4
4.9,5.0,0.0,10,5,5,5,5,5,5,5,5,5,5
3.69,3.9,0.9888888888888889,10,3,5,4,4,2,5,3,5,4,4
3.32,3.2,1.288888888888889,10,3,2,2,5,5,3,3,3,4,2
2.06,1.9,0.5444444444444443,10,2,2,2,3,3,1,1,1,2,2
4.3,4.0,1.1111111111111112,10,5,4,2,4,4,3,3,5,5,5
4.0600000000000005,4.0,1.5555555555555556,10,5,2,5,3,5,5,4,4,5,2
1.55,1.8,0.6222222222222223,10,3,3,2,2,1,1,2,2,1,1
4.73,4.4,0.9333333333333331,10,5,2,5,4,5,5,5,4,4,5
2.1,1.8,0.6222222222222222,10,3,2,3,2,1,1,2,1,2,1
2.82,2.5,0.9444444444444444,10,2,2,3,2,4,1,3,2,4,2
2.81,2.5,1.3888888888888888,10,1,3,4,2,4,2,4,2,1,2
3.71,3.6,0.7111111111111114,10,2,5,4,3,4,4,4,3,3,4
1.92,2.2,0.39999999999999997,10,3,2,2,1,2,3,2,3,2,2
4.03,3.9,0.7666666666666666,10,5,4,5,4,4,2,4,4,4,3
1.01,1.0,0.0,10,1,1,1,1,1,1,1,1,1,1
1.26,1.2,0.17777777777777784,10,1,2,1,1,1,1,1,2,1,1
1.09,1.1,0.09999999999999999,10,1,1,1,2,1,1,1,1,1,1
2.66,2.7,0.4555555555555555,10,3,3,2,2,3,2,2,3,4,3
2.53,2.7,0.4555555555555555,10,3,3,2,3,3,2,2,2,3,4
4.1,4.4,0.48888888888888893,10,5,5,5,5,4,4,4,4,3,5
3.16,3.5,1.1666666666666667,10,2,2,2,4,5,4,4,4,4,4
1.83,1.8,0.4000000000000001,10,2,1,1,2,3,2,1,2,2,2
3.28,3.0,0.6666666666666666,10,4,3,3,2,2,3,2,3,4,4
3.46,3.6,1.3777777777777778,10,2,2,3,3,5,4,5,5,3,4
2.01,2.1,0.5444444444444444,10,2,2,2,1,3,3,3,2,1,2
3.95,3.6,1.1555555555555554,10,3,5,4,2,5,3,5,3,3,3
1.14,1.5,0.5,10,1,3,1,1,1,2,1,2,2,1
3.18,3.3,0.4555555555555555,10,3,3,3,3,4,4,4,2,4,3
3.46,3.4,1.5999999999999999,10,3,4,5,1,3,4,2,5,3,4
4.7,4.6,0.4888888888888887,10,3,5,4,4,5,5,5,5,5,5
2.84,2.9,0.3222222222222222,10,3,3,3,2,3,2,3,3,3,4
4.76,4.9,0.09999999999999998,10,5,5,5,5,5,4,5,5,5,5
1.75,1.6,0.7111111111111112,10,1,1,3,1,1,1,3,2,2,1
4.1,4.1,0.9888888888888887,10,5,3,4,2,4,4,4,5,5,5
1.26,1.2,0.17777777777777778,10,1,1,1,1,1,1,1,1,2,2
2.52,2.4,0.7111111111111112,10,3,2,4,1,3,2,2,2,2,3
2.03,2.3,1.5666666666666667,10,1,2,2,2,1,2,4,2,5,2
1.59,1.7,0.4555555555555555,10,1,2,2,1,2,1,3,2,2,1
1.28,1.3,0.23333333333333334,10,1,1,2,1,1,1,2,1,1,2
4.63,4.5,0.2777777777777778,10,4,4,5,5,4,5,5,5,4,4
1.02,1.0,0.0,10,1,1,1,1,1,1,1,1,1,1
2.58,2.5,1.1666666666666667,10,4,3,2,2,1,3,4,3,1,2
3.21,3.7,1.1222222222222222,10,5,3,4,2,3,4,5,3,5,3
2.37,2.2,1.0666666666666669,10,2,3,2,4,2,3,3,1,1,1
4.39,4.4,0.48888888888888893,10,5,5,4,4,4,4,3,5,5,5
2.98,3.7,0.4555555555555555,10,4,4,4,3,3,4,4,5,3,3
3.28,3.4,0.48888888888888893,10,4,4,3,4,3,3,4,4,2,3
1.25,1.3,0.23333333333333334,10,1,1,1,2,1,2,1,1,2,1
3.93,4.1,1.4333333333333331,10,5,5,2,3,5,5,3,5,5,3
3.12,2.3,0.4555555555555555,10,3,2,2,3,2,3,2,2,1,3
4.14,4.5,0.5,10,5,4,5,3,5,5,5,4,4,5
1.89,1.2,0.17777777777777784,10,2,1,1,1,1,1,1,2,1,1
3.17,2.5,0.9444444444444444,10,1,2,3,2,3,4,2,2,4,2
1.26,1.2,0.1777777777777778,10,1,1,1,1,1,2,1,1,1,2
4.57,4.7,0.23333333333333334,10,5,4,5,5,4,4,5,5,5,5
4.09,3.9,0.9888888888888889,10,4,3,3,4,4,5,2,5,4,5
2.6100000000000003,2.5,0.7222222222222222,10,4,2,2,3,3,1,2,3,3,2
2.41,2.6,0.7111111111111112,10,3,3,4,3,2,3,2,3,1,2
2.08,2.6,0.9333333333333333,10,3,2,1,4,2,4,2,3,2,3
4.7,5.0,0.0,10,5,5,5,5,5,5,5,5,5,5
1.73,1.5,0.2777777777777778,10,1,2,2,1,1,1,1,2,2,2
1.53,1.4,0.48888888888888915,10,3,1,1,1,1,2,1,2,1,1
3.28,3.2,1.9555555555555562,10,1,5,2,3,5,3,3,2,3,5
4.71,4.9,0.09999999999999998,10,5,5,4,5,5,5,5,5,5,5
1.98,2.2,0.8444444444444444,10,2,4,1,2,2,2,3,2,1,3
2.57,2.4,1.1555555555555557,10,2,3,3,3,1,3,1,4,3,1
3.98,3.7,0.4555555555555555,10,4,5,3,4,3,4,3,3,4,4
3.67,3.5,0.7222222222222222,10,2,3,4,3,3,5,4,4,3,4
2.41,2.4,0.7111111111111112,10,2,2,2,1,3,3,2,4,3,2
3.18,3.4,0.9333333333333333,10,4,3,3,5,4,4,2,3,2,4
3.89,4.3,0.4555555555555555,10,5,3,5,4,5,4,4,4,5,4
4.17,4.3,0.4555555555555555,10,4,4,4,5,4,5,5,3,4,5
4.39,4.8,0.17777777777777773,10,5,5,5,5,4,5,5,4,5,5
4.93,5.0,0.0,10,5,5,5,5,5,5,5,5,5,5
1.68,1.1,0.09999999999999999,10,2,1,1,1,1,1,1,1,1,1
2.74,2.5,0.2777777777777778,10,3,3,3,3,2,3,2,2,2,2
4.58,4.6,0.26666666666666666,10,5,5,4,4,4,4,5,5,5,5
3.35,3.5,0.9444444444444444,10,3,2,3,4,3,3,5,4,5,3
1.98,1.9,0.9888888888888889,10,2,1,2,4,2,1,1,2,3,1
2.52,3.1,0.7666666666666666,10,4,4,3,4,3,4,2,3,2,2
2.71,2.9,1.4333333333333331,10,4,4,4,4,2,1,3,3,1,3
1.77,2.3,0.6777777777777777,10,2,2,4,2,2,2,3,1,3,2
2.77,2.6,1.822222222222222,10,4,1,2,5,4,2,2,1,3,2
1.44,1.3,0.23333333333333334,10,1,2,1,1,2,1,1,1,1,2
3.05,2.9,0.5444444444444444,10,3,3,3,4,3,2,2,2,4,3
4.82,5.0,0.0,10,5,5,5,5,5,5,5,5,5,5
2.56,2.5,0.2777777777777778,10,2,2,3,2,3,3,3,3,2,2
2.17,1.8,0.1777777777777778,10,2,2,2,2,2,1,2,1,2,2
3.87,4.0,0.8888888888888888,10,4,5,3,5,4,2,4,5,4,4
4.45,4.6,0.26666666666666666,10,4,4,5,5,5,4,5,4,5,5
4.59,4.6,0.2666666666666667,10,5,5,4,4,4,5,5,5,4,5
4.970000000000001,5.0,0.0,10,5,5,5,5,5,5,5,5,5,5
3.89,4.2,0.6222222222222222,10,4,5,4,4,5,5,4,3,5,3
1.91,1.8,1.0666666666666669,10,1,1,2,2,3,2,1,1,4,1
2.95,2.6,0.9333333333333333,10,3,3,3,3,1,4,3,3,1,2
3.58,3.2,0.8444444444444444,10,4,2,4,2,4,4,3,2,3,4
3.51,3.6,1.1555555555555557,10,2,2,4,4,4,5,3,5,4,3
4.86,4.7,0.23333333333333334,10,5,4,5,5,5,4,4,5,5,5
3.22,3.3,1.1222222222222222,10,3,3,5,3,4,5,2,3,2,3
2.11,2.1,0.5444444444444444,10,1,3,2,2,3,3,1,2,2,2
3.97,3.6,1.3777777777777778,10,3,2,2,5,3,5,3,4,5,4
2.11,2.2,1.0666666666666667,10,2,1,2,4,1,2,2,2,4,2
4.74,4.8,0.17777777777777773,10,5,4,5,5,4,5,5,5,5,5
1.88,2.1,0.9888888888888889,10,1,2,3,1,2,2,1,3,2,4
1.21,1.1,0.1,10,1,1,1,1,1,1,1,1,2,1
3.14,3.0,0.8888888888888888,10,2,2,3,3,3,3,4,3,2,5
4.85,4.8,0.17777777777777773,10,5,4,4,5,5,5,5,5,5,5
2.09,1.9,1.2111111111111112,10,1,1,2,3,2,1,1,3,4,1
3.12,3.5,0.7222222222222222,10,4,3,4,4,3,3,2,3,5,4
2.32,2.2,1.288888888888889,10,2,2,2,3,2,2,5,2,1,1
2.82,2.5,0.7222222222222222,10,3,3,3,2,2,4,1,3,2,2
3.4,3.6,1.1555555555555557,10,4,5,5,3,4,4,2,2,3,4
1.56,1.4,0.48888888888888915,10,3,1,1,1,1,1,2,1,1,2
2.13,1.8,0.4,10,2,2,2,1,2,1,2,1,2,3
2.85,2.9,0.7666666666666666,10,3,3,3,4,2,3,1,4,3,3
4.5600000000000005,4.7,0.23333333333333334,10,5,4,4,5,5,4,5,5,5,5
1.77,2.3,0.8999999999999999,10,3,3,3,2,1,2,4,1,2,2
2.24,2.4,0.7111111111111112,10,2,2,3,4,2,1,3,3,2,2
3.65,3.5,0.2777777777777778,10,3,4,4,4,3,4,4,3,3,3
1.91,1.8,0.4,10,2,2,2,2,2,1,1,3,1,2
2.02,1.9,0.7666666666666665,10,1,2,2,2,4,2,1,1,2,2
3.67,3.8,0.39999999999999997,10,4,3,4,3,3,4,5,4,4,4
2.6,2.6,0.7111111111111112,10,2,2,4,3,3,2,2,2,2,4
4.42,4.0,0.4444444444444444,10,4,4,5,4,4,3,3,4,5,4
3.73,4.1,0.7666666666666666,10,3,4,3,5,5,5,4,4,3,5
4.51,4.6,0.4888888888888888,10,4,5,5,5,5,5,3,5,5,4
3.12,3.3,0.6777777777777777,10,4,4,3,4,2,4,4,3,3,2
3.24,3.4,1.8222222222222224,10,4,5,4,2,5,1,4,3,2,4
4.03,4.3,0.4555555555555555,10,3,4,4,4,5,4,4,5,5,5
4.98,5.0,0.0,10,5,5,5,5,5,5,5,5,5,5
3.92,4.0,1.1111111111111112,10,4,5,4,2,5,4,5,5,3,3
4.5600000000000005,4.8,0.17777777777777773,10,5,5,5,5,4,4,5,5,5,5
2.0,2.1,0.7666666666666666,10,2,4,2,2,1,3,2,1,2,2
1.17,1.0,0.0,10,1,1,1,1,1,1,1,1,1,1
2.97,2.8,0.6222222222222222,10,2,3,4,3,3,2,4,2,3,2
2.3,2.8,0.8444444444444444,10,2,3,5,3,2,3,2,2,3,3
1.59,2.2,1.0666666666666667,10,3,1,1,3,3,1,2,2,4,2
4.83,4.9,0.09999999999999999,10,5,5,5,5,5,5,5,4,5,5
1.74,1.5,0.2777777777777778,10,1,1,1,2,1,1,2,2,2,2
2.26,1.7,0.23333333333333334,10,1,2,1,2,2,2,2,2,1,2
1.23,1.3,0.23333333333333334,10,1,1,2,2,1,2,1,1,1,1
1.79,1.5,0.5,10,1,1,2,1,2,3,1,2,1,1
1.93,1.9,0.9888888888888887,10,1,3,1,1,1,1,2,3,3,3
1.65,1.6,1.1555555555555557,10,1,1,1,1,1,1,1,4,3,2
2.3,2.5,0.9444444444444444,10,2,3,2,3,4,2,2,1,2,4
2.69,2.7,0.4555555555555555,10,3,3,2,2,2,3,3,2,4,3
2.94,3.3,0.6777777777777777,10,3,4,2,3,4,2,3,4,4,4
1.8,1.6,0.48888888888888904,10,3,2,1,1,1,1,1,2,2,2
1.68,1.6,0.7111111111111112,10,3,1,1,1,1,3,1,2,1,2
2.73,2.6,0.48888888888888893,10,3,2,3,3,2,2,2,2,4,3
2.1,1.9,0.5444444444444446,10,3,1,1,2,2,2,2,2,1,3
1.4,1.2,0.1777777777777778,10,1,1,1,1,1,2,1,2,1,1
1.57,2.2,1.0666666666666669,10,4,3,3,3,2,2,1,1,2,1
2.36,1.8,0.6222222222222222,10,3,2,2,3,1,2,1,1,1,2
2.06,1.9,0.32222222222222224,10,3,2,2,2,2,2,1,2,2,1
2.19,2.7,0.6777777777777777,10,4,3,3,2,3,3,3,1,3,2
4.65,4.8,0.17777777777777776,10,5,5,5,5,5,5,4,5,4,5
3.4,3.4,1.1555555555555554,10,3,3,3,3,4,4,5,1,4,4
4.3100000000000005,4.2,0.17777777777777773,10,4,4,4,5,4,5,4,4,4,4
1.83,1.3,0.23333333333333334,10,1,1,1,2,2,1,1,1,2,1
4.1,3.9,0.7666666666666665,10,5,4,5,3,3,3,4,4,3,5
4.68,4.6,0.4888888888888888,10,5,4,4,5,3,5,5,5,5,5
2.15,2.4,1.1555555555555557,10,2,2,4,4,2,3,1,2,1,3
4.0,3.7,0.8999999999999999,10,4,5,4,2,4,4,4,2,4,4
3.92,4.0,0.6666666666666666,10,4,4,3,5,5,4,5,3,4,3
2.7,3.0,0.8888888888888888,10,2,2,4,2,4,3,2,4,3,4
1.58,1.4,0.7111111111111112,10,1,1,1,3,1,1,1,1,3,1
1.82,1.7,0.6777777777777777,10,1,3,1,1,2,1,1,3,2,2
3.35,3.4,0.7111111111111114,10,5,3,3,3,4,3,4,4,3,2
2.32,1.8,0.6222222222222222,10,3,2,1,3,2,1,2,1,2,1
1.98,1.8,0.6222222222222222,10,2,1,2,1,2,2,3,1,1,3
2.21,2.5,1.6111111111111112,10,2,3,3,1,2,2,4,5,2,1
2.77,2.2,1.0666666666666669,10,1,1,3,2,4,3,3,2,2,1
2.5,2.4,0.9333333333333333,10,3,2,3,1,3,2,3,2,4,1
1.06,1.0,0.0,10,1,1,1,1,1,1,1,1,1,1
1.13,1.0,0.0,10,1,1,1,1,1,1,1,1,1,1
1.5,1.1,0.09999999999999999,10,1,1,1,1,2,1,1,1,1,1
4.84,5.0,0.0,10,5,5,5,5,5,5,5,5,5,5
3.17,2.9,1.4333333333333331,10,3,4,1,1,3,3,3,3,3,5
4.720000000000001,4.7,0.23333333333333334,10,5,4,5,5,5,5,4,5,4,5
1.2,1.1,0.09999999999999999,10,1,1,1,1,1,1,2,1,1,1
2.8,2.6,0.48888888888888904,10,3,2,3,3,1,3,2,3,3,3
1.69,1.8,0.6222222222222222,10,1,1,2,1,2,2,3,2,1,3
2.65,2.5,0.7222222222222222,10,3,2,4,1,2,3,3,2,2,3
2.81,2.4,1.1555555555555557,10,3,1,2,4,2,4,1,3,2,2
2.3,3.0,1.1111111111111112,10,4,2,2,3,2,5,3,4,2,3
3.48,3.4,0.9333333333333333,10,2,3,4,2,4,5,3,4,4,3
3.76,3.8,1.2888888888888892,10,2,5,5,4,5,4,3,4,2,4
1.59,1.9,0.3222222222222223,10,1,2,2,1,2,2,3,2,2,2
1.41,1.6,0.7111111111111111,10,1,1,1,1,1,1,2,3,2,3
2.95,2.5,0.7222222222222222,10,3,2,2,3,4,2,3,2,3,1
1.76,1.8,0.6222222222222222,10,1,2,3,3,1,2,2,1,1,2
2.85,3.1,1.2111111111111112,10,2,3,4,2,4,3,4,2,5,2
2.39,2.4,1.155555555555556,10,4,2,3,2,1,1,2,3,2,4
4.07,3.8,1.2888888888888888,10,5,5,4,2,4,5,4,3,2,4
1.01,1.0,0.0,10,1,1,1,1,1,1,1,1,1,1
4.82,4.9,0.09999999999999999,10,5,5,5,5,5,5,5,5,5,4
4.58,4.2,0.39999999999999997,10,4,4,3,4,4,5,5,5,4,4
1.35,1.3,0.45555555555555544,10,1,1,3,1,1,1,1,2,1,1
2.63,2.8,1.7333333333333336,10,2,2,5,1,2,2,5,3,3,3
3.5,3.4,1.155555555555556,10,4,1,4,3,3,4,3,3,4,5
4.58,4.4,0.26666666666666666,10,4,5,4,4,4,5,5,4,4,5
3.43,3.6,1.1555555555555557,10,3,2,4,5,4,4,2,5,4,3
2.76,2.9,0.7666666666666667,10,3,3,3,4,3,2,3,4,1,3
2.07,1.9,0.5444444444444446,10,1,3,1,2,2,2,2,1,2,3
3.93,3.7,1.3444444444444443,10,5,2,3,2,4,3,5,5,4,4
3.28,3.0,1.3333333333333333,10,3,3,5,2,4,2,4,3,3,1
1.28,1.4,0.2666666666666667,10,1,1,1,2,1,2,2,1,1,2
3.1100000000000003,2.4,0.48888888888888904,10,3,1,2,3,3,3,2,2,3,2
2.13,2.5,0.5,10,3,2,2,3,3,2,1,3,3,3
4.220000000000001,4.2,0.6222222222222222,10,4,5,5,4,5,5,3,4,3,4
4.1,4.2,0.39999999999999997,10,4,4,4,5,3,5,4,5,4,4
1.95,1.9,0.7666666666666665,10,2,2,4,1,1,2,2,2,1,2
3.03,3.4,0.7111111111111112,10,3,4,2,3,3,4,3,5,4,3
4.48,4.5,0.2777777777777778,10,4,5,5,5,4,5,4,4,4,5
1.74,1.4,0.48888888888888893,10,1,1,1,1,2,1,2,1,1,3
3.63,4.3,0.6777777777777777,10,4,3,4,4,5,5,5,5,3,5
1.93,2.0,0.8888888888888888,10,2,3,1,3,3,1,1,2,1,3
2.0,2.2,1.511111111111111,10,2,3,1,2,3,2,1,5,1,2
4.95,5.0,0.0,10,5,5,5,5,5,5,5,5,5,5
1.25,1.2,0.17777777777777778,10,1,1,1,1,1,1,2,2,1,1
3.43,3.5,1.3888888888888888,10,2,3,4,4,5,4,1,4,4,4
1.76,1.7,0.6777777777777778,10,3,1,1,2,3,2,1,2,1,1
1.22,1.0,0.0,10,1,1,1,1,1,1,1,1,1,1
4.12,4.1,0.9888888888888889,10,5,5,5,5,4,4,4,3,2,4
2.76,3.0,1.3333333333333333,10,4,3,3,3,2,5,1,3,4,2
2.6100000000000003,2.0,0.6666666666666666,10,1,2,1,2,3,3,1,3,2,2
2.79,2.8,0.6222222222222222,10,4,2,3,2,3,3,2,4,3,2
2.3,2.5,0.7222222222222222,10,3,2,3,1,2,4,3,2,2,3
1.67,1.5,0.2777777777777778,10,1,1,2,2,2,1,1,1,2,2
1.59,1.4,0.2666666666666667,10,2,1,2,1,1,2,1,2,1,1
1.27,1.1,0.09999999999999999,10,1,1,1,1,1,1,2,1,1,1
1.21,1.2,0.1777777777777778,10,1,1,2,1,1,1,2,1,1,1
2.65,3.2,1.7333333333333332,10,2,3,5,5,4,1,3,2,3,4
3.49,3.3,1.3444444444444443,10,2,2,5,3,4,3,4,5,3,2
4.5600000000000005,4.6,0.2666666666666667,10,5,5,4,4,5,5,5,4,5,4
1.41,1.5,0.2777777777777778,10,2,2,1,2,2,2,1,1,1,1
4.59,4.5,0.7222222222222222,10,5,5,3,5,5,5,5,5,3,4
3.02,3.0,0.4444444444444444,10,3,2,2,4,3,3,3,3,4,3
3.53,3.8,0.8444444444444444,10,5,4,2,4,4,5,4,3,4,3
3.52,3.7,1.1222222222222222,10,3,3,3,5,4,5,3,2,4,5
1.37,1.2,0.17777777777777784,10,2,1,1,2,1,1,1,1,1,1
4.54,4.4,0.711111111111111,10,4,5,5,3,4,5,5,5,5,3
4.55,4.8,0.17777777777777773,10,4,5,5,5,5,5,5,4,5,5
1.24,1.2,0.1777777777777778,10,1,1,2,1,1,2,1,1,1,1
1.83,2.1,0.5444444444444444,10,2,1,2,2,3,2,3,1,3,2
3.6,3.2,1.0666666666666667,10,3,3,5,2,3,3,5,3,2,3
4.61,4.9,0.09999999999999999,10,5,5,5,5,5,5,5,4,5,5
3.34,3.6,1.1555555555555557,10,5,3,4,1,4,4,3,4,4,4
2.82,2.8,1.7333333333333334,10,4,2,1,4,4,2,2,4,1,4
1.08,1.2,0.1777777777777778,10,1,1,2,1,1,1,1,1,1,2
2.53,2.4,0.9333333333333333,10,2,3,3,1,1,2,4,3,3,2
3.69,3.9,1.4333333333333333,10,4,4,5,4,5,3,5,4,1,4
2.05,1.5,0.2777777777777778,10,2,1,2,1,2,1,1,1,2,2
2.82,2.8,0.39999999999999997,10,2,3,4,2,3,3,2,3,3,3
3.95,4.2,0.8444444444444444,10,5,5,3,3,4,5,3,5,5,4
2.95,3.1,2.0999999999999996,10,2,5,5,2,4,2,1,4,2,4
3.99,4.1,0.7666666666666665,10,4,5,4,4,5,5,4,4,2,4
4.83,4.9,0.09999999999999998,10,5,5,4,5,5,5,5,5,5,5
3.68,3.3,0.4555555555555555,10,3,3,3,2,4,4,3,4,4,3
1.38,1.2,0.1777777777777778,10,1,1,1,1,2,1,1,1,1,2
3.06,2.8,0.8444444444444444,10,3,2,4,3,3,1,3,2,4,3
4.01,4.2,0.6222222222222222,10,5,4,4,4,3,3,5,5,4,5
1.86,2.0,0.6666666666666666,10,1,1,2,2,2,3,2,3,3,1
3.77,3.7,1.5666666666666667,10,1,4,2,4,4,4,5,4,4,5
2.78,2.9,1.4333333333333331,10,3,2,2,2,1,4,5,3,4,3
2.01,2.0,0.8888888888888888,10,1,2,2,1,2,2,4,3,2,1
3.97,3.9,0.9888888888888889,10,3,4,5,4,4,5,3,2,4,5
4.46,4.3,0.6777777777777777,10,5,4,3,5,4,5,3,5,5,4
2.19,2.2,1.5111111111111113,10,1,1,2,1,4,2,4,1,3,3
3.8,3.6,0.7111111111111112,10,4,4,3,5,4,4,4,2,3,3
1.0,1.0,0.0,10,1,1,1,1,1,1,1,1,1,1
1.08,1.1,0.09999999999999999,10,2,1,1,1,1,1,1,1,1,1
1.89,2.4,0.48888888888888893,10,3,3,3,3,2,2,1,2,2,3
3.61,4.0,0.6666666666666666,10,5,4,4,3,4,5,5,3,4,3
1.23,1.2,0.17777777777777784,10,1,2,1,1,1,2,1,1,1,1
4.79,5.0,0.0,10,5,5,5,5,5,5,5,5,5,5
1.77,1.3,0.4555555555555555,10,1,1,1,1,1,1,1,2,3,1
2.4,2.5,0.9444444444444444,10,3,4,2,3,3,1,2,1,3,3
1.61,2.0,1.1111111111111112,10,3,1,2,1,1,1,2,2,4,3
1.23,1.1,0.09999999999999999,10,1,1,1,1,1,1,2,1,1,1
1.6,1.6,0.48888888888888893,10,2,2,1,1,1,1,1,2,3,2
3.41,3.6,1.3777777777777778,10,4,2,3,5,3,5,2,4,5,3
3.88,3.5,1.1666666666666667,10,5,4,5,4,3,2,4,3,2,3
1.88,1.6,0.7111111111111112,10,2,1,1,3,1,1,2,1,1,3
3.46,3.0,0.6666666666666666,10,4,3,2,3,2,4,3,3,2,4
2.93,2.8,1.0666666666666667,10,2,4,3,2,4,3,4,2,1,3
2.99,3.0,1.1111111111111112,10,3,4,3,3,2,1,4,4,2,4
4.529999999999999,4.5,0.7222222222222222,10,4,5,5,3,5,5,5,3,5,5
4.74,4.6,0.4888888888888888,10,5,5,5,4,3,5,5,5,4,5
2.32,2.3,0.8999999999999999,10,2,3,4,3,2,1,1,3,2,2
4.94,4.8,0.17777777777777773,10,5,4,5,5,5,5,4,5,5,5
1.92,1.7,0.23333333333333334,10,1,2,2,2,2,1,2,2,2,1
1.72,1.6,0.7111111111111111,10,2,1,1,2,1,1,3,1,3,1
4.82,4.6,0.26666666666666666,10,5,5,5,5,4,4,4,5,4,5
3.6,3.5,0.9444444444444444,10,4,4,4,4,1,4,3,4,4,3
4.59,4.8,0.17777777777777773,10,4,5,5,5,5,5,5,4,5,5
1.29,1.0,0.0,10,1,1,1,1,1,1,1,1,1,1
3.4,3.1,1.6555555555555557,10,4,3,2,2,4,4,1,4,5,2
3.88,3.5,1.1666666666666667,10,3,4,5,4,4,4,4,3,3,1
2.21,2.2,1.2888888888888892,10,3,2,4,2,4,1,2,1,1,2
4.41,4.3,0.8999999999999999,10,5,2,5,4,4,4,4,5,5,5
1.25,1.3,0.23333333333333334,10,1,2,1,2,1,1,1,1,2,1
3.09,2.8,0.6222222222222222,10,3,3,3,2,2,2,3,2,4,4
3.35,3.1,0.9888888888888889,10,2,4,4,3,4,4,2,2,4,2
4.8100000000000005,4.9,0.09999999999999998,10,5,5,5,5,4,5,5,5,5,5
3.12,3.0,2.0,10,4,5,5,3,2,3,3,1,3,1
3.63,4.3,0.4555555555555555,10,3,4,4,5,4,4,4,5,5,5
1.11,1.1,0.09999999999999999,10,1,1,1,1,1,1,2,1,1,1
3.54,3.7,0.8999999999999999,10,3,4,3,5,4,3,4,4,5,2
3.71,3.7,0.6777777777777777,10,4,4,4,4,3,3,4,4,5,2
2.27,3.1,0.9888888888888887,10,3,4,4,3,3,4,2,4,3,1
1.88,2.1,0.7666666666666665,10,2,2,1,1,1,3,2,3,3,3
1.01,1.1,0.09999999999999999,10,1,2,1,1,1,1,1,1,1,1
1.7,1.6,0.48888888888888904,10,1,1,2,3,2,1,1,2,2,1
1.36,1.3,0.4555555555555555,10,1,1,1,1,1,1,1,2,3,1
1.73,1.1,0.09999999999999999,10,1,1,1,1,1,1,2,1,1,1
4.07,4.4,0.711111111111111,10,5,4,5,5,4,3,5,5,5,3
3.85,3.6,0.48888888888888904,10,3,3,3,5,4,4,3,3,4,4
1.34,1.4,0.48888888888888915,10,3,2,1,1,1,1,1,2,1,1
2.87,3.1,1.4333333333333336,10,3,3,2,3,4,5,5,2,2,2
2.99,3.1,0.09999999999999999,10,3,3,3,3,4,3,3,3,3,3
3.09,2.8,0.39999999999999997,10,2,3,3,2,3,3,3,3,4,2
3.89,3.8,1.0666666666666669,10,4,3,4,4,5,5,2,3,5,3
3.19,3.5,1.3888888888888888,10,4,3,5,3,4,4,3,3,1,5
1.92,2.2,0.6222222222222222,10,2,2,2,1,3,2,2,2,2,4
1.51,1.6,0.48888888888888904,10,1,3,2,2,2,1,2,1,1,1
1.67,2.1,0.7666666666666666,10,2,3,2,2,1,2,4,1,2,2
1.46,1.5,0.2777777777777778,10,2,1,2,1,1,1,2,1,2,2
3.21,3.4,1.155555555555556,10,5,4,2,2,3,5,3,3,4,3
3.47,3.3,1.3444444444444443,10,3,3,2,5,5,2,2,4,3,4
2.11,2.3,0.4555555555555555,10,2,2,2,1,3,3,2,3,2,3
1.02,1.0,0.0,10,1,1,1,1,1,1,1,1,1,1
2.31,2.4,0.9333333333333336,10,2,1,1,3,2,3,3,3,2,4
1.5,1.9,0.5444444444444443,10,3,1,3,1,2,1,2,2,2,2
4.24,4.1,0.3222222222222222,10,4,4,4,4,4,5,4,5,3,4
2.37,2.5,1.6111111111111112,10,5,3,2,4,3,1,2,1,2,2
2.41,2.1,0.5444444444444444,10,3,1,1,2,3,2,2,2,3,2
1.39,1.2,0.17777777777777784,10,1,2,1,1,1,1,1,1,2,1
1.52,1.4,0.48888888888888904,10,1,1,1,2,3,1,1,1,2,1
2.3,2.6,0.9333333333333333,10,2,2,1,3,3,2,2,4,3,4
2.6,3.0,1.3333333333333333,10,3,3,5,3,5,3,2,2,2,2
1.51,1.6,0.7111111111111112,10,1,2,1,2,3,1,1,1,1,3
2.03,1.9,0.9888888888888889,10,1,3,1,1,4,2,2,2,2,1
4.88,4.8,0.17777777777777773,10,5,4,5,5,5,5,5,4,5,5
3.42,3.1,1.211111111111111,10,3,4,2,4,4,4,2,1,3,4
3.93,4.0,0.6666666666666666,10,5,4,5,5,3,4,4,4,3,3
2.66,2.8,0.8444444444444444,10,2,1,3,4,3,2,4,3,3,3
2.51,2.4,0.2666666666666667,10,3,2,2,2,2,2,3,2,3,3
2.41,2.6,1.5999999999999999,10,3,2,5,2,1,3,1,2,3,4
3.86,3.4,0.48888888888888893,10,3,4,3,3,4,3,4,4,2,4
1.82,2.1,0.5444444444444445,10,1,3,2,3,2,2,3,2,2,1
2.76,3.0,1.3333333333333333,10,2,2,2,4,5,2,3,4,4,2
1.38,1.2,0.1777777777777778,10,1,1,1,1,2,1,1,1,2,1
2.42,2.1,0.5444444444444444,10,2,2,2,3,1,3,3,2,1,2
4.71,4.7,0.23333333333333334,10,5,5,5,5,5,4,4,5,5,4
4.0,4.1,0.7666666666666666,10,5,4,5,5,5,3,4,3,4,3
3.17,2.8,1.7333333333333336,10,1,2,2,1,4,5,4,3,3,3
4.25,4.4,0.26666666666666666,10,5,4,4,4,5,5,4,5,4,4
1.04,1.0,0.0,10,1,1,1,1,1,1,1,1,1,1
2.39,2.3,1.3444444444444443,10,1,2,2,4,4,1,3,2,1,3
4.82,4.6,0.48888888888888893,10,5,4,5,5,4,5,5,5,5,3
2.27,2.3,1.1222222222222222,10,2,1,1,4,2,1,3,3,3,3
2.34,2.1,0.5444444444444444,10,2,2,3,1,2,2,3,3,1,2
2.89,3.5,0.7222222222222222,10,4,3,3,4,3,3,2,4,4,5
4.26,4.3,0.8999999999999999,10,5,4,4,4,2,5,5,5,5,4
2.3,2.4,0.48888888888888904,10,2,2,3,1,2,3,3,3,3,2
2.24,2.2,1.2888888888888888,10,2,1,2,3,2,2,1,2,2,5
4.6,4.8,0.17777777777777773,10,5,5,4,5,4,5,5,5,5,5
3.67,3.3,0.6777777777777777,10,3,3,4,3,4,3,2,3,3,5
3.14,2.7,0.8999999999999999,10,2,2,2,2,5,3,2,3,3,3
1.99,2.2,0.8444444444444444,10,2,1,1,3,3,2,3,1,3,3
4.34,4.7,0.23333333333333334,10,4,5,5,5,5,5,4,4,5,5
1.64,1.8,0.6222222222222222,10,2,2,1,1,2,2,3,1,1,3
1.26,1.3,0.23333333333333334,10,1,2,1,1,1,2,1,1,1,2
1.93,2.6,1.1555555555555554,10,3,2,5,2,1,2,2,3,3,3
1.97,1.9,0.5444444444444445,10,2,2,3,1,3,2,2,2,1,1
3.58,3.2,0.39999999999999997,10,3,3,3,3,3,4,4,2,4,3
3.91,4.0,0.6666666666666666,10,5,4,3,3,5,4,3,4,4,5
4.51,4.7,0.23333333333333334,10,5,4,5,5,4,5,4,5,5,5
1.98,2.0,0.6666666666666666,10,3,2,2,1,3,2,2,1,1,3
2.07,2.5,0.9444444444444444,10,3,3,2,1,4,2,2,4,2,2
2.35,2.4,0.7111111111111112,10,2,2,3,2,1,2,4,3,3,2
1.26,1.2,0.1777777777777778,10,1,1,2,1,1,1,1,1,1,2
2.76,2.8,1.288888888888889,10,2,1,4,2,2,3,2,4,4,4
3.92,3.8,0.8444444444444444,10,4,3,5,4,3,4,4,2,4,5
4.62,4.7,0.4555555555555555,10,5,5,4,5,5,5,5,5,5,3
2.99,3.6,0.7111111111111112,10,3,3,4,3,4,2,4,5,4,4
1.12,1.3,0.23333333333333334,10,1,1,2,1,2,1,1,1,1,2
4.34,3.8,1.0666666666666669,10,3,5,3,4,2,4,4,5,3,5
1.96,1.8,0.6222222222222222,10,2,1,2,2,1,2,1,1,3,3
1.92,2.5,0.9444444444444444,10,2,4,2,2,2,3,4,2,1,3
2.13,1.5,0.2777777777777778,10,1,2,1,1,2,1,2,2,2,1
4.49,4.6,0.26666666666666666,10,5,5,5,5,5,5,4,4,4,4
2.02,2.4,0.9333333333333331,10,3,2,3,2,2,1,1,4,3,3
3.43,3.2,1.9555555555555553,10,4,4,1,2,4,5,5,3,2,2
3.98,4.2,0.6222222222222222,10,3,5,3,4,5,4,5,5,4,4
4.63,4.5,0.5,10,5,5,5,4,3,4,5,4,5,5
4.12,3.8,0.39999999999999997,10,4,3,5,3,4,4,4,3,4,4
2.77,2.6,0.48888888888888893,10,3,2,2,3,2,3,2,2,4,3
1.25,1.4,0.48888888888888893,10,1,1,1,2,1,1,2,3,1,1
2.41,2.6,1.1555555555555557,10,1,3,1,2,3,3,3,4,2,4
1.72,1.4,0.48888888888888893,10,1,1,2,1,1,1,3,1,1,2
3.41,3.4,2.2666666666666666,10,2,2,2,4,4,5,5,4,1,5
3.33,3.3,0.8999999999999999,10,5,4,4,3,3,2,4,2,3,3
1.93,1.9,0.7666666666666666,10,1,3,3,2,1,3,1,2,2,1
3.69,3.5,0.9444444444444444,10,2,4,2,4,3,5,4,3,4,4
2.78,2.9,0.9888888888888889,10,2,4,2,3,3,4,3,3,4,1
2.95,2.6,1.5999999999999999,10,3,3,5,1,4,3,2,2,1,2
1.61,1.3,0.23333333333333334,10,2,1,1,1,1,2,1,1,1,2
3.55,3.9,0.9888888888888887,10,5,5,5,3,3,3,3,3,5,4
2.42,2.5,0.7222222222222222,10,1,4,2,3,3,2,3,3,2,2
1.37,1.4,0.48888888888888915,10,2,3,1,1,1,1,1,2,1,1
4.67,4.9,0.09999999999999999,10,5,5,5,5,5,5,5,5,4,5
4.43,4.7,0.23333333333333334,10,5,4,5,4,5,5,5,5,4,5
2.51,2.3,0.4555555555555555,10,3,1,2,2,3,2,2,2,3,3
3.22,2.9,0.5444444444444444,10,4,4,2,3,2,3,2,3,3,3
4.3,4.4,0.711111111111111,10,5,3,5,5,5,4,5,3,5,4
4.0,4.4,0.48888888888888893,10,5,5,4,5,4,5,5,4,3,4
1.09,1.0,0.0,10,1,1,1,1,1,1,1,1,1,1
1.1,1.1,0.09999999999999999,10,1,1,1,1,1,1,1,2,1,1
2.06,2.0,0.8888888888888888,10,2,3,2,1,2,1,2,2,1,4
3.09,2.9,0.7666666666666665,10,4,4,3,2,4,2,3,2,3,2
2.85,2.7,1.5666666666666667,10,4,2,4,4,2,3,1,1,4,2
2.35,2.3,0.4555555555555555,10,2,2,4,2,3,2,2,2,2,2
4.2,4.2,1.0666666666666669,10,4,4,2,5,5,4,5,5,3,5
3.03,2.7,0.6777777777777777,10,2,3,2,2,3,4,4,2,2,3
1.6,1.4,0.2666666666666667,10,1,1,2,2,2,1,1,1,2,1
1.38,1.3,0.23333333333333334,10,1,1,1,2,2,1,2,1,1,1
4.33,4.2,0.6222222222222222,10,5,3,4,5,4,4,5,3,5,4
2.11,2.1,0.32222222222222235,10,2,2,3,1,2,2,2,2,2,3
4.51,4.8,0.17777777777777773,10,5,5,5,5,4,4,5,5,5,5
2.12,2.1,0.7666666666666665,10,2,2,3,3,1,1,2,3,3,1
4.09,3.8,0.8444444444444444,10,5,4,5,3,3,3,3,4,3,5
1.11,1.2,0.1777777777777778,10,1,1,1,1,1,2,1,2,1,1
1.53,1.2,0.17777777777777784,10,2,1,1,1,2,1,1,1,1,1
1.22,1.2,0.17777777777777784,10,2,1,1,1,1,1,1,2,1,1
2.45,2.7,0.8999999999999999,10,3,3,2,3,3,4,4,1,2,2
1.2,1.1,0.1,10,1,1,1,1,1,1,1,1,1,2
3.99,3.6,1.1555555555555557,10,3,3,5,3,3,4,5,5,2,3
3.98,4.3,0.6777777777777777,10,4,5,4,5,3,5,5,3,5,4
3.03,2.8,1.0666666666666669,10,4,2,1,2,3,4,3,4,3,2
4.17,4.6,0.4888888888888888,10,4,5,5,5,4,5,3,5,5,5
2.57,2.8,1.5111111111111113,10,4,5,3,2,1,4,2,3,2,2
4.89,4.9,0.09999999999999998,10,5,5,5,5,4,5,5,5,5,5
4.83,4.9,0.09999999999999999,10,5,5,5,5,5,5,5,5,5,4
3.87,3.9,0.7666666666666666,10,3,4,4,5,4,2,5,4,4,4
3.91,3.3,1.3444444444444443,10,2,3,3,2,5,5,4,3,2,4
2.68,2.8,0.8444444444444444,10,3,4,3,3,4,1,2,2,3,3
1.97,1.9,0.5444444444444443,10,1,2,2,3,1,3,2,2,2,1
3.67,4.1,0.5444444444444444,10,3,3,5,4,5,5,4,4,4,4
2.38,2.5,0.9444444444444444,10,2,2,3,2,4,1,3,2,4,2
2.95,3.2,1.2888888888888894,10,5,3,3,1,4,4,4,3,3,2
3.16,3.6,0.7111111111111112,10,4,3,4,3,4,2,4,5,3,4
1.3,1.4,0.48888888888888893,10,1,1,1,2,1,1,2,1,3,1
4.62,4.8,0.17777777777777773,10,4,4,5,5,5,5,5,5,5,5
4.34,4.5,0.2777777777777778,10,5,4,4,5,4,5,4,5,4,5
2.28,2.0,0.6666666666666666,10,2,1,3,1,3,2,1,2,2,3
2.5,1.8,0.8444444444444446,10,1,1,1,2,1,3,2,3,1,3
3.48,3.4,1.1555555555555554,10,4,3,4,5,3,1,4,3,4,3
3.38,3.4,0.48888888888888915,10,3,5,3,3,4,3,4,3,3,3
2.19,2.5,2.0555555555555554,10,2,2,5,1,2,3,1,2,5,2
1.6,1.4,0.48888888888888893,10,1,2,1,1,1,1,1,3,2,1
4.29,4.2,0.6222222222222222,10,5,4,4,3,3,5,5,4,5,4
4.4,4.2,0.6222222222222222,10,5,5,4,5,4,4,5,4,3,3
2.54,2.5,0.9444444444444444,10,2,2,3,4,1,3,3,1,3,3
1.48,1.0,0.0,10,1,1,1,1,1,1,1,1,1,1
4.09,3.7,0.8999999999999999,10,4,4,4,4,5,5,2,3,3,3
3.03,2.7,1.1222222222222222,10,4,2,4,2,1,2,2,3,3,4
3.98,4.2,0.8444444444444444,10,5,5,5,5,3,5,3,4,4,3
3.1,3.1,1.2111111111111112,10,2,4,2,5,2,4,4,2,3,3
1.11,1.1,0.09999999999999999,10,1,1,1,1,1,1,2,1,1,1
1.59,1.4,0.2666666666666667,10,2,2,2,1,1,1,1,1,1,2
3.66,3.3,0.4555555555555555,10,3,4,4,4,3,3,3,2,4,3
3.91,4.1,0.7666666666666666,10,5,5,3,3,4,5,4,3,4,5
3.69,3.8,0.8444444444444444,10,4,3,4,3,4,5,5,4,4,2
3.35,3.3,0.6777777777777777,10,4,2,3,4,2,4,4,4,3,3
3.42,3.2,0.8444444444444444,10,4,3,2,2,3,3,3,4,3,5
3.71,3.7,0.6777777777777777,10,4,4,4,3,4,3,4,4,2,5
3.22,3.3,1.3444444444444443,10,4,5,4,4,2,3,3,4,1,3
3.64,3.5,1.3888888888888888,10,5,3,2,3,5,2,4,5,3,3
1.27,1.4,0.9333333333333333,10,1,1,1,1,1,4,1,1,2,1
3.42,3.8,1.0666666666666669,10,3,5,3,4,2,5,5,4,4,3
1.47,1.2,0.17777777777777784,10,1,2,1,1,2,1,1,1,1,1
4.07,4.2,0.17777777777777776,10,4,4,4,4,4,4,5,4,5,4
3.24,3.4,1.3777777777777775,10,2,4,3,4,4,5,3,1,4,4
2.27,2.6,1.5999999999999996,10,5,2,4,2,2,2,4,2,2,1
2.09,2.2,0.6222222222222222,10,2,2,1,2,3,1,3,3,3,2
1.49,1.8,0.4000000000000001,10,1,2,1,2,1,2,2,2,2,3
1.64,1.4,0.2666666666666667,10,2,1,1,2,1,1,2,1,2,1
4.55,4.8,0.17777777777777773,10,5,5,5,5,4,5,5,5,4,5
4.35,4.3,0.4555555555555555,10,4,4,5,4,4,5,4,5,3,5
2.0,2.0,0.4444444444444444,10,2,3,2,1,2,2,3,2,2,1
2.39,3.6,0.48888888888888893,10,4,3,4,4,4,4,4,4,2,3
4.8,4.7,0.23333333333333334,10,5,4,4,4,5,5,5,5,5,5
3.48,3.4,0.7111111111111112,10,2,3,4,4,3,4,2,4,4,4
3.93,3.3,1.3444444444444443,10,2,4,3,5,3,4,4,4,3,1
2.67,2.4,0.7111111111111111,10,3,2,3,3,3,1,3,1,2,3
2.69,3.3,0.6777777777777777,10,3,4,2,4,3,4,4,4,3,2
1.11,1.1,0.1,10,1,1,1,1,1,1,1,1,2,1
2.13,2.0,0.8888888888888888,10,2,2,1,2,1,1,4,3,2,2
1.1800000000000002,1.1,0.09999999999999999,10,2,1,1,1,1,1,1,1,1,1
4.82,4.7,0.23333333333333334,10,5,4,5,4,5,5,5,4,5,5
3.8,4.1,0.7666666666666666,10,5,3,5,5,3,4,3,5,4,4
1.0699999999999998,1.1,0.09999999999999999,10,1,1,2,1,1,1,1,1,1,1
4.42,4.4,0.4888888888888888,10,3,4,5,5,5,5,5,4,4,4
4.75,5.0,0.0,10,5,5,5,5,5,5,5,5,5,5
4.35,4.2,1.0666666666666667,10,5,5,4,5,4,5,5,3,4,2
3.44,3.7,0.6777777777777777,10,4,4,2,4,3,4,5,4,4,3
1.22,1.1,0.09999999999999999,10,1,2,1,1,1,1,1,1,1,1
3.88,3.7,1.3444444444444443,10,4,2,5,3,5,3,5,2,4,4
1.64,1.7,0.4555555555555555,10,1,1,1,2,2,2,3,2,2,1
1.3,1.2,0.17777777777777784,10,2,1,1,2,1,1,1,1,1,1
3.25,3.2,0.8444444444444444,10,2,4,4,5,3,3,2,3,3,3
4.02,4.2,1.0666666666666669,10,4,3,5,2,5,4,4,5,5,5
3.63,3.3,0.8999999999999999,10,2,3,4,3,4,5,4,3,2,3
2.41,2.9,0.5444444444444445,10,3,2,3,4,3,2,2,3,3,4
1.97,1.8,0.8444444444444446,10,4,1,2,2,2,1,1,2,1,2
2.01,1.8,1.288888888888889,10,3,1,4,1,3,1,2,1,1,1
1.53,1.3,0.45555555555555544,10,1,1,3,1,1,1,1,1,1,2
4.05,4.6,0.26666666666666666,10,5,5,5,4,4,5,4,4,5,5
3.63,3.9,0.5444444444444445,10,3,4,4,5,3,3,4,4,4,5
2.89,3.1,0.3222222222222222,10,3,3,3,4,4,3,3,3,2,3
4.5,4.5,0.2777777777777778,10,5,5,4,4,4,4,4,5,5,5
3.26,3.2,1.2888888888888888,10,4,3,2,3,3,5,4,3,4,1
1.97,1.9,0.5444444444444445,10,1,2,1,2,1,2,2,2,3,3
1.48,1.5,0.2777777777777778,10,1,2,1,2,2,1,1,2,1,2
2.54,2.5,0.2777777777777778,10,3,3,2,2,2,3,3,2,3,2
3.88,4.2,0.6222222222222222,10,4,3,5,5,4,3,4,5,4,5
3.47,3.8,0.6222222222222222,10,4,3,3,4,4,5,5,4,3,3
1.02,1.0,0.0,10,1,1,1,1,1,1,1,1,1,1
2.68,2.8,1.066666666666667,10,2,3,5,2,4,2,3,2,2,3
1.33,1.3,0.45555555555555544,10,1,3,1,1,2,1,1,1,1,1
3.59,3.5,0.7222222222222222,10,4,4,5,3,4,4,3,2,3,3
3.03,3.0,0.8888888888888888,10,2,2,3,4,2,3,4,4,4,2
4.12,4.2,0.39999999999999997,10,4,4,5,3,5,4,5,4,4,4
2.87,3.3,1.3444444444444443,10,1,5,4,4,4,2,3,3,3,4
4.41,4.3,0.4555555555555555,10,5,4,4,4,5,4,5,3,4,5
3.1100000000000003,3.0,1.5555555555555556,10,1,3,4,4,2,3,2,2,4,5
4.23,4.2,1.0666666666666669,10,5,3,4,5,5,4,2,5,4,5
1.01,1.1,0.09999999999999999,10,1,1,2,1,1,1,1,1,1,1
4.51,4.7,0.23333333333333334,10,4,5,5,5,5,4,4,5,5,5
2.07,2.3,1.788888888888889,10,3,1,4,2,1,4,2,1,1,4
4.279999999999999,4.2,1.0666666666666669,10,5,4,5,5,5,4,2,4,3,5
2.98,2.9,0.9888888888888892,10,4,4,3,2,3,3,1,4,2,3
2.12,2.3,0.4555555555555555,10,2,3,1,2,3,2,2,3,2,3
3.19,3.2,1.0666666666666667,10,2,3,3,4,4,3,4,4,4,1
3.03,2.3,0.6777777777777777,10,2,3,2,4,2,1,2,2,2,3
3.15,3.4,0.9333333333333333,10,4,4,2,3,2,3,4,5,4,3
3.13,3.1,0.9888888888888887,10,2,3,3,3,2,4,2,3,4,5
3.34,3.4,1.822222222222222,10,2,4,4,5,4,3,5,4,2,1
1.23,1.3,0.45555555555555544,10,3,1,1,1,1,2,1,1,1,1
4.36,4.2,0.39999999999999997,10,4,5,4,5,4,4,4,3,4,5
3.31,2.5,1.6111111111111112,10,2,4,3,1,3,2,5,2,1,2
1.53,1.6,0.2666666666666667,10,1,1,2,2,2,1,2,2,2,1
1.55,1.3,0.23333333333333334,10,1,2,1,1,2,1,1,1,2,1
4.04,4.4,0.4888888888888888,10,5,5,4,4,5,3,5,5,4,4
3.69,3.9,1.6555555555555557,10,5,4,4,3,5,5,4,1,3,5
4.76,4.7,0.23333333333333334,10,5,5,5,5,4,5,4,5,4,5
5.0,5.0,0.0,10,5,5,5,5,5,5,5,5,5,5
1.0,1.0,0.0,10,1,1,1,1,1,1,1,1,1,1
3.34,3.1,0.9888888888888889,10,2,3,3,3,5,3,4,2,2,4
4.13,3.5,0.7222222222222222,10,3,3,3,2,4,3,5,4,4,4
4.33,4.2,0.39999999999999997,10,5,4,4,5,5,4,4,3,4,4
2.27,2.7,1.1222222222222222,10,2,4,4,2,4,3,2,2,3,1
3.22,3.0,0.6666666666666666,10,3,4,2,3,3,4,2,4,3,2
3.29,3.7,0.8999999999999999,10,4,4,2,5,4,3,5,3,3,4
3.43,3.4,0.48888888888888904,10,4,3,3,2,4,4,4,3,3,4
2.77,2.8,1.066666666666667,10,4,2,2,5,2,3,3,2,2,3
2.94,2.4,0.48888888888888893,10,2,2,2,2,3,2,3,2,4,2
2.33,2.3,0.6777777777777777,10,3,1,3,2,3,3,1,2,2,3
2.8600000000000003,2.7,1.788888888888889,10,3,2,4,5,4,3,2,2,1,1
1.83,1.8,0.4000000000000001,10,2,2,3,2,1,1,2,2,2,1
2.18,2.3,0.8999999999999999,10,2,4,3,1,3,2,3,1,2,2
4.01,4.1,0.5444444444444444,10,4,4,5,4,3,5,4,5,4,3
3.41,3.5,0.9444444444444444,10,3,4,2,4,3,4,2,5,4,4
2.65,2.3,0.8999999999999999,10,3,4,3,2,2,3,1,2,1,2
2.3,2.3,0.8999999999999999,10,2,2,1,1,2,3,2,3,3,4
1.59,1.9,0.7666666666666665,10,2,1,3,1,1,3,2,2,1,3
3.97,3.4,0.48888888888888904,10,3,4,2,3,4,3,4,3,4,4
1.06,1.0,0.0,10,1,1,1,1,1,1,1,1,1,1
4.0600000000000005,4.1,0.3222222222222222,10,4,5,4,4,4,4,4,5,3,4
2.91,2.2,1.288888888888889,10,4,4,2,2,2,1,2,1,1,3
1.92,2.3,0.8999999999999999,10,2,1,1,4,2,2,2,3,3,3
1.1800000000000002,1.3,0.23333333333333334,10,1,2,1,1,2,1,2,1,1,1
1.97,2.3,1.3444444444444443,10,2,1,5,3,1,2,2,2,2,3
2.99,3.3,0.6777777777777777,10,3,3,4,3,4,4,4,4,2,2
2.24,2.2,1.288888888888889,10,2,1,4,1,2,4,2,2,3,1
4.24,4.2,0.6222222222222222,10,4,5,3,5,4,3,4,4,5,5
1.22,1.2,0.17777777777777778,10,1,1,1,1,1,1,2,1,1,2
2.93,3.1,1.8777777777777775,10,2,1,3,4,4,2,5,3,2,5
1.68,1.4,0.2666666666666667,10,1,1,2,1,2,2,1,1,2,1
2.88,2.9,1.4333333333333333,10,2,3,1,4,2,4,5,3,2,3
1.51,1.7,0.4555555555555555,10,2,2,1,2,1,2,1,1,2,3
3.42,3.3,1.3444444444444443,10,4,2,3,3,5,2,4,3,5,2
2.59,2.7,0.4555555555555555,10,3,2,3,2,2,2,3,3,3,4
2.41,1.9,1.655555555555556,10,2,1,1,2,5,1,1,1,3,2
4.1,4.2,0.39999999999999997,10,5,4,4,3,4,4,5,5,4,4
2.05,2.0,1.3333333333333333,10,1,1,2,4,2,1,2,2,4,1
4.9,4.9,0.09999999999999998,10,5,5,4,5,5,5,5,5,5,5
2.46,2.2,0.17777777777777773,10,3,2,2,2,2,2,3,2,2,2
4.85,4.6,0.4888888888888888,10,4,5,5,3,5,5,5,5,4,5
3.62,3.5,1.1666666666666667,10,4,5,2,2,3,4,3,5,3,4
2.53,2.3,0.8999999999999999,10,2,1,3,2,1,3,2,4,3,2
1.08,1.2,0.17777777777777784,10,1,2,1,1,1,1,1,1,1,2
3.66,3.7,0.6777777777777777,10,4,3,4,4,5,4,4,2,3,4
1.1,1.1,0.09999999999999999,10,1,1,1,1,1,1,1,2,1,1
2.0,1.9,0.5444444444444445,10,1,2,1,2,2,3,2,2,1,3
1.1,1.1,0.09999999999999999,10,1,1,1,1,2,1,1,1,1,1
1.82,1.7,0.4555555555555555,10,1,1,1,2,2,2,3,2,2,1
2.52,2.8,1.0666666666666669,10,4,2,3,2,1,3,2,3,4,4
3.59,3.6,0.7111111111111112,10,4,4,4,5,3,3,2,3,4,4
1.44,1.5,0.5,10,1,1,1,2,1,2,1,1,3,2
1.61,1.4,0.48888888888888915,10,3,1,1,2,1,1,1,2,1,1
1.99,2.2,1.0666666666666669,10,1,2,1,3,2,4,1,3,2,3
3.3600000000000003,3.3,1.1222222222222222,10,4,4,2,3,2,4,3,5,2,4
4.55,4.7,0.4555555555555555,10,5,5,4,3,5,5,5,5,5,5
1.41,1.5,0.9444444444444444,10,2,4,2,1,1,1,1,1,1,1
3.84,3.7,0.6777777777777777,10,4,4,4,5,3,4,4,3,4,2
3.14,3.0,0.6666666666666666,10,3,3,3,4,4,3,3,1,3,3
1.8,1.5,0.5,10,2,3,1,1,1,2,1,2,1,1
4.82,5.0,0.0,10,5,5,5,5,5,5,5,5,5,5
3.31,3.5,0.7222222222222222,10,3,4,3,4,3,2,4,5,4,3
3.44,3.6,0.7111111111111112,10,3,4,4,3,2,5,4,3,4,4
2.17,2.0,1.1111111111111112,10,2,1,3,2,3,1,1,4,2,1
4.91,5.0,0.0,10,5,5,5,5,5,5,5,5,5,5
2.35,2.2,1.0666666666666669,10,3,2,3,2,4,1,3,1,2,1
1.5,1.8,1.0666666666666669,10,1,1,1,2,1,1,2,3,2,4
1.14,1.2,0.17777777777777784,10,2,1,1,1,2,1,1,1,1,1
1.78,1.6,0.7111111111111111,10,1,1,1,1,1,3,2,1,3,2
4.96,4.9,0.09999999999999998,10,5,5,5,5,5,4,5,5,5,5
2.11,2.3,0.8999999999999999,10,3,3,3,3,3,1,1,3,1,2
4.23,3.7,0.6777777777777777,10,5,3,3,3,3,4,4,4,5,3
4.970000000000001,5.0,0.0,10,5,5,5,5,5,5,5,5,5,5
4.220000000000001,3.9,0.7666666666666666,10,4,4,4,3,5,5,4,2,4,4
4.0600000000000005,3.9,0.7666666666666665,10,4,5,3,3,5,3,3,4,5,4
3.49,3.3,0.6777777777777777,10,4,4,3,3,4,2,2,4,4,3
3.68,3.3,0.6777777777777777,10,4,3,3,3,2,3,3,3,4,5
1.72,2.1,0.7666666666666665,10,2,3,4,2,2,2,2,1,1,2
1.8,1.7,0.8999999999999999,10,4,1,2,2,2,1,1,2,1,1
1.33,1.3,0.45555555555555544,10,1,1,3,1,1,1,2,1,1,1
4.279999999999999,4.7,0.23333333333333334,10,5,4,5,5,4,5,5,4,5,5
4.02,4.1,1.2111111111111112,10,4,5,5,4,5,2,3,5,3,5
4.42,4.0,1.1111111111111112,10,5,4,2,5,5,5,3,4,4,3
2.69,3.0,0.6666666666666666,10,4,2,3,3,2,3,4,2,3,4
4.01,4.1,0.5444444444444444,10,4,4,4,4,5,3,4,5,5,3
2.98,3.5,1.6111111111111112,10,3,2,3,5,4,5,2,2,5,4
3.89,3.4,1.6,10,3,1,4,4,5,4,3,2,5,3
1.12,1.2,0.1777777777777778,10,1,1,1,1,2,1,2,1,1,1
3.75,3.7,1.3444444444444443,10,3,5,4,2,3,5,2,4,5,4
2.9,3.4,0.9333333333333333,10,3,4,3,4,4,4,2,5,3,2
3.09,2.5,0.7222222222222222,10,3,2,3,2,2,2,3,3,4,1
3.93,3.9,0.9888888888888889,10,5,5,4,5,4,2,4,3,3,4
3.31,3.4,0.9333333333333333,10,4,1,4,3,4,3,4,4,3,4
2.63,3.1,0.5444444444444445,10,4,2,3,3,3,4,4,3,3,2
4.26,4.4,0.4888888888888888,10,5,5,4,3,5,4,4,5,4,5
1.12,1.1,0.09999999999999999,10,1,1,1,1,1,1,1,2,1,1
3.1100000000000003,3.4,0.9333333333333333,10,3,4,4,2,2,5,4,4,3,3
2.14,2.1,0.5444444444444445,10,2,2,3,2,3,2,1,3,2,1
2.89,2.7,0.8999999999999999,10,2,2,5,2,3,3,3,3,2,2
4.15,4.3,0.4555555555555555,10,3,5,4,5,5,4,5,4,4,4
4.33,4.4,0.711111111111111,10,4,5,3,5,4,5,5,5,5,3
1.65,1.4,0.48888888888888904,10,1,1,3,2,2,1,1,1,1,1
3.64,3.5,1.6111111111111112,10,2,4,1,3,4,3,5,4,5,4
3.1,3.1,0.5444444444444445,10,3,3,4,3,4,4,2,3,2,3
1.47,1.3,0.23333333333333334,10,2,1,1,1,2,1,1,2,1,1
4.44,4.5,0.7222222222222222,10,5,5,3,5,5,4,3,5,5,5
2.05,2.1,0.7666666666666667,10,3,2,3,3,2,1,2,1,3,1
4.73,4.9,0.09999999999999998,10,5,5,5,4,5,5,5,5,5,5
4.03,4.6,0.4888888888888888,10,4,5,3,5,5,4,5,5,5,5
3.16,3.0,0.8888888888888888,10,3,3,1,3,3,4,4,4,2,3
3.87,4.0,1.1111111111111112,10,3,3,5,4,5,2,4,5,5,4
4.86,4.8,0.17777777777777773,10,4,5,5,5,5,5,5,4,5,5
3.61,3.7,0.6777777777777777,10,3,4,3,4,5,5,4,3,3,3
2.85,2.6,1.3777777777777778,10,3,2,2,2,4,2,5,3,2,1
2.74,2.9,1.8777777777777775,10,2,2,3,2,5,4,1,5,3,2
2.76,2.5,0.7222222222222222,10,3,3,2,2,2,2,4,1,3,3
2.59,3.0,0.8888888888888888,10,3,4,2,3,2,3,3,2,3,5
3.8,3.9,0.9888888888888889,10,3,5,2,5,5,4,4,4,3,4
1.68,1.6,0.48888888888888904,10,1,1,2,2,3,2,1,1,1,2
3.29,3.2,0.6222222222222222,10,3,2,4,4,4,3,4,3,2,3
2.1,2.6,0.48888888888888904,10,2,4,3,3,3,2,2,3,2,2
4.93,5.0,0.0,10,5,5,5,5,5,5,5,5,5,5
4.01,3.6,0.48888888888888893,10,4,3,4,3,3,3,4,5,3,4
3.67,3.9,0.9888888888888889,10,4,5,4,4,3,4,2,5,3,5
1.67,1.8,0.6222222222222223,10,1,2,1,3,1,2,2,1,2,3
4.63,4.4,0.711111111111111,10,5,5,4,5,3,4,5,5,5,3
4.96,4.8,0.17777777777777776,10,5,5,5,5,5,4,4,5,5,5
1.53,1.2,0.17777777777777778,10,1,1,1,1,1,1,1,2,1,2
2.29,1.9,0.7666666666666666,10,1,2,1,3,2,2,1,1,3,3
1.7,1.6,0.9333333333333333,10,1,2,1,1,1,1,2,2,1,4
2.35,2.4,1.8222222222222224,10,1,3,4,1,3,1,4,4,1,2
2.6100000000000003,2.3,0.8999999999999999,10,3,1,1,3,2,3,4,2,2,2
4.89,4.9,0.09999999999999998,10,5,5,5,5,5,4,5,5,5,5
1.8,1.8,1.0666666666666669,10,1,1,3,2,4,1,1,2,2,1
3.27,3.9,0.9888888888888892,10,5,4,5,4,3,4,3,2,4,5
1.99,1.7,0.6777777777777778,10,2,2,1,1,3,3,2,1,1,1
3.84,4.0,0.8888888888888888,10,4,4,5,4,4,3,5,2,5,4
1.08,1.0,0.0,10,1,1,1,1,1,1,1,1,1,1
2.48,2.7,0.6777777777777777,10,4,2,4,2,3,3,2,2,2,3
3.85,4.4,0.711111111111111,10,3,4,5,5,4,5,3,5,5,5
3.51,3.2,1.5111111111111108,10,4,2,4,5,2,3,3,2,2,5
1.62,1.7,0.4555555555555555,10,2,2,1,2,2,1,3,2,1,1
3.34,3.3,0.4555555555555555,10,3,4,3,2,3,3,4,4,3,4
2.98,2.2,0.6222222222222222,10,2,2,4,2,2,2,2,1,2,3
1.31,1.4,0.2666666666666667,10,1,1,2,1,1,1,1,2,2,2
4.91,5.0,0.0,10,5,5,5,5,5,5,5,5,5,5
4.68,4.6,0.2666666666666667,10,5,5,5,4,4,5,4,5,5,4
3.99,3.5,0.5,10,3,2,4,4,4,3,4,4,4,3
2.6,2.6,1.1555555555555557,10,4,3,1,2,4,3,1,3,2,3
1.23,1.3,0.23333333333333334,10,1,1,2,2,1,1,1,2,1,1
2.19,2.2,1.0666666666666667,10,1,4,3,2,2,3,3,1,1,2
3.45,3.6,1.1555555555555557,10,3,2,3,3,5,3,5,5,3,4
4.0,4.0,0.8888888888888888,10,3,4,4,4,5,4,5,2,4,5
3.7,4.0,0.4444444444444444,10,4,3,5,4,3,5,4,4,4,4
2.52,3.0,0.4444444444444444,10,4,3,3,2,3,4,3,2,3,3
2.3,2.0,1.1111111111111112,10,3,2,2,1,4,3,2,1,1,1
2.34,2.9,0.9888888888888887,10,4,4,1,2,3,3,2,4,3,3
2.03,2.2,0.8444444444444444,10,1,4,2,3,2,1,2,3,2,2
2.67,2.9,1.4333333333333331,10,4,2,4,1,2,3,2,3,3,5
2.8,3.0,0.4444444444444444,10,2,3,4,3,3,2,3,3,4,3
3.82,3.8,1.2888888888888894,10,1,4,5,4,4,5,4,3,4,4
4.38,4.4,0.4888888888888888,10,4,5,5,3,4,4,5,5,4,5
1.0699999999999998,1.1,0.1,10,1,1,1,1,1,1,1,1,2,1
2.13,1.8,0.1777777777777778,10,2,2,2,2,1,2,1,2,2,2
4.43,4.6,0.4888888888888888,10,5,4,5,5,5,5,5,3,5,4
4.720000000000001,4.5,0.5,10,4,3,4,4,5,5,5,5,5,5
1.89,1.9,0.9888888888888887,10,2,1,2,3,1,2,2,1,1,4
1.36,1.1,0.09999999999999999,10,2,1,1,1,1,1,1,1,1,1
2.77,2.4,0.9333333333333336,10,3,4,3,3,1,3,1,2,2,2
1.45,1.5,0.2777777777777778,10,1,2,1,1,1,2,1,2,2,2
4.68,4.7,0.4555555555555555,10,5,3,5,5,5,5,5,4,5,5
2.05,2.5,1.3888888888888888,10,2,3,3,3,1,2,2,3,1,5
2.02,1.9,0.5444444444444445,10,1,3,1,2,2,2,3,2,2,1
1.44,1.2,0.4,10,1,1,1,1,1,3,1,1,1,1
3.65,3.3,1.1222222222222222,10,3,3,2,3,4,3,2,5,3,5
2.46,2.7,1.1222222222222222,10,3,1,4,3,2,3,3,3,4,1
1.76,2.3,0.8999999999999999,10,1,2,3,3,3,1,3,1,3,3
2.71,2.7,0.8999999999999999,10,3,3,1,4,2,3,2,3,2,4
2.97,2.9,0.9888888888888889,10,3,3,1,4,3,2,3,4,4,2
3.85,3.3,1.1222222222222222,10,3,5,4,1,3,3,3,4,4,3
3.08,2.7,1.7888888888888888,10,3,3,3,1,4,1,3,1,5,3
4.95,5.0,0.0,10,5,5,5,5,5,5,5,5,5,5
3.05,3.0,0.6666666666666666,10,3,4,3,4,2,2,3,3,2,4
1.3,1.1,0.09999999999999999,10,1,2,1,1,1,1,1,1,1,1
2.27,2.4,0.7111111111111112,10,2,2,3,3,4,3,2,2,2,1
2.65,2.0,0.4444444444444444,10,2,2,2,2,1,2,2,3,3,1
4.07,4.1,0.7666666666666666,10,4,3,4,4,5,3,3,5,5,5
1.39,1.5,0.2777777777777778,10,1,1,2,1,2,2,2,2,1,1
4.2,4.1,1.4333333333333331,10,5,5,4,5,4,2,5,5,2,4
3.83,4.0,1.3333333333333333,10,2,4,2,5,4,5,4,4,5,5
2.68,2.0,0.6666666666666666,10,2,2,1,2,4,1,2,2,2,2
4.19,4.0,0.6666666666666666,10,4,2,5,4,4,4,4,4,4,5
2.74,2.9,0.7666666666666665,10,1,3,4,3,3,3,2,4,3,3
3.45,3.1,0.5444444444444446,10,4,2,4,4,3,3,3,3,3,2
4.04,4.0,0.8888888888888888,10,5,5,3,5,3,4,4,5,3,3
4.93,5.0,0.0,10,5,5,5,5,5,5,5,5,5,5
2.36,2.7,1.3444444444444443,10,3,4,3,2,4,3,4,2,1,1
1.9,1.8,0.8444444444444446,10,1,1,1,3,3,1,2,1,3,2
2.82,2.8,1.0666666666666667,10,2,3,4,3,3,2,2,4,4,1
3.73,3.5,0.5,10,3,4,2,4,4,4,3,4,3,4
4.9,4.9,0.09999999999999998,10,5,5,5,5,4,5,5,5,5,5
2.8,2.9,0.5444444444444445,10,4,3,3,4,3,2,3,2,2,3
4.24,4.1,0.7666666666666666,10,4,3,5,5,4,5,3,5,3,4
1.35,1.1,0.1,10,1,1,1,1,1,1,1,1,1,2
3.44,3.9,1.211111111111111,10,5,3,5,5,4,3,4,5,3,2
2.94,3.1,0.9888888888888889,10,3,2,2,3,5,4,3,4,3,2
2.5,2.4,0.9333333333333336,10,4,2,2,3,1,2,3,3,3,1
3.39,2.9,1.8777777777777775,10,3,2,3,4,4,5,4,1,1,2
1.85,1.9,0.09999999999999999,10,2,2,2,2,2,1,2,2,2,2
4.36,4.1,0.5444444444444444,10,4,5,4,4,3,4,3,5,4,5
3.18,2.7,0.8999999999999999,10,3,2,3,2,1,3,3,2,4,4
2.34,2.4,0.7111111111111112,10,3,3,1,2,2,3,2,2,2,4
1.42,1.8,0.6222222222222223,10,2,3,2,1,1,2,1,2,3,1
3.64,3.6,0.9333333333333333,10,5,3,4,4,3,3,4,2,5,3
1.99,2.2,0.6222222222222222,10,3,1,2,3,3,2,2,2,1,3
4.96,5.0,0.0,10,5,5,5,5,5,5,5,5,5,5
2.7,2.7,2.011111111111111,10,1,1,5,2,3,3,3,1,4,4
1.99,2.0,1.1111111111111112,10,2,1,2,1,1,3,3,2,1,4
2.26,2.3,1.3444444444444443,10,3,3,3,1,1,3,1,3,1,4
3.85,3.7,0.4555555555555555,10,3,4,4,4,4,3,4,3,3,5
3.49,2.8,0.6222222222222222,10,2,3,2,4,4,3,2,3,2,3
4.32,4.4,0.4888888888888888,10,4,5,3,4,5,4,5,4,5,5
1.82,1.8,0.8444444444444446,10,1,1,3,1,1,3,1,2,3,2
4.94,5.0,0.0,10,5,5,5,5,5,5,5,5,5,5
1.02,1.2,0.17777777777777778,10,1,1,1,1,1,1,1,2,1,2
4.1,4.0,0.8888888888888888,10,5,4,4,4,5,3,4,2,5,4
2.64,2.3,1.1222222222222222,10,4,2,2,1,1,4,2,2,3,2
4.05,4.1,0.5444444444444444,10,3,4,4,5,5,4,4,4,3,5
3.07,2.6,0.9333333333333333,10,3,3,1,2,4,2,4,3,2,2
3.03,2.9,0.3222222222222224,10,3,4,2,3,2,3,3,3,3,3
4.0600000000000005,4.5,0.2777777777777778,10,4,5,4,5,5,4,4,5,4,5
3.78,3.9,0.5444444444444445,10,5,3,4,4,4,5,4,4,3,3
4.66,4.5,0.2777777777777778,10,5,4,4,4,4,5,5,4,5,5
4.35,4.5,0.5,10,4,5,5,5,4,5,3,4,5,5
2.16,2.4,1.3777777777777778,10,1,2,4,3,1,2,3,4,1,3
1.25,1.3,0.4555555555555555,10,1,2,1,1,1,1,1,3,1,1
4.82,4.7,0.23333333333333334,10,4,5,5,5,4,5,5,5,5,4
3.32,3.5,0.7222222222222222,10,4,4,4,4,3,3,3,3,5,2
3.52,3.3,2.011111111111111,10,3,2,1,5,4,5,2,3,3,5
3.22,3.3,2.011111111111111,10,3,5,3,2,5,3,5,2,1,4
3.85,3.6,0.9333333333333336,10,4,2,4,3,3,4,3,5,3,5
2.92,3.5,1.3888888888888888,10,5,2,2,3,3,5,3,4,3,5
3.02,3.3,0.4555555555555555,10,3,3,4,3,4,4,2,4,3,3
3.43,3.4,1.6,10,4,4,3,3,5,4,3,1,2,5
4.529999999999999,4.7,0.23333333333333334,10,5,4,5,5,5,4,4,5,5,5
4.9,5.0,0.0,10,5,5,5,5,5,5,5,5,5,5
3.94,4.1,0.7666666666666666,10,5,4,3,5,4,3,5,5,3,4
4.93,5.0,0.0,10,5,5,5,5,5,5,5,5,5,5
1.43,1.4,0.2666666666666667,10,1,1,2,1,1,2,2,1,1,2
4.17,4.1,0.5444444444444444,10,5,4,3,4,4,5,4,4,3,5
3.39,4.0,0.8888888888888888,10,4,3,2,4,4,4,5,4,5,5
2.97,3.3,0.6777777777777777,10,4,2,3,2,3,4,4,4,4,3
3.52,3.3,1.5666666666666667,10,3,5,3,2,5,2,2,5,3,3
3.95,3.0,0.6666666666666666,10,4,2,4,3,3,3,4,2,3,2
4.24,3.9,0.5444444444444445,10,4,3,3,5,4,4,4,3,5,4
3.78,3.8,1.288888888888889,10,5,2,5,4,5,4,3,2,4,4
2.19,1.9,1.2111111111111112,10,2,3,1,1,2,3,4,1,1,1
4.02,4.1,0.7666666666666666,10,3,4,5,3,5,5,3,4,4,5
4.16,4.2,0.6222222222222222,10,5,5,5,3,4,4,4,3,4,5
4.7,4.4,1.1555555555555554,10,5,4,5,3,5,5,5,5,5,2
3.06,2.1,0.9888888888888889,10,1,1,2,2,4,3,1,3,2,2
2.84,3.0,1.3333333333333333,10,3,2,4,2,4,5,4,2,2,2
1.62,1.5,0.2777777777777778,10,1,2,1,2,1,1,2,2,1,2
1.66,1.7,0.45555555555555544,10,2,3,1,2,2,1,2,2,1,1
3.55,3.8,0.8444444444444444,10,4,3,4,4,3,4,2,4,5,5
2.73,2.8,0.8444444444444444,10,2,3,2,4,3,4,3,3,1,3
4.5,4.8,0.17777777777777776,10,5,5,5,5,5,4,5,5,5,4
2.36,2.2,0.39999999999999997,10,2,3,2,2,3,2,2,3,1,2
3.8,4.1,0.5444444444444444,10,5,4,4,5,4,4,3,5,4,3
2.8,3.1,1.4333333333333333,10,4,4,2,3,2,1,4,5,3,3
2.36,2.4,0.9333333333333333,10,2,3,2,3,3,3,2,4,1,1
1.51,1.4,0.2666666666666667,10,2,2,2,2,1,1,1,1,1,1
1.06,1.0,0.0,10,1,1,1,1,1,1,1,1,1,1
1.93,1.6,0.2666666666666667,10,1,2,1,1,2,1,2,2,2,2
3.75,3.5,1.6111111111111112,10,3,4,1,2,3,4,4,4,5,5
4.76,4.8,0.17777777777777773,10,5,5,5,5,4,5,4,5,5,5
4.87,4.8,0.39999999999999997,10,5,5,5,3,5,5,5,5,5,5
4.09,4.2,0.6222222222222222,10,3,4,4,5,5,5,4,4,3,5
2.64,2.7,0.8999999999999999,10,1,4,2,3,3,4,2,3,3,2
3.29,3.2,0.8444444444444444,10,5,3,3,3,4,4,2,2,3,3
4.42,4.9,0.09999999999999999,10,5,5,5,5,5,5,5,4,5,5
4.65,4.8,0.17777777777777776,10,5,5,5,5,5,5,5,4,4,5
4.43,4.6,0.2666666666666667,10,4,4,4,5,5,5,5,5,5,4
4.79,5.0,0.0,10,5,5,5,5,5,5,5,5,5,5
1.1,1.1,0.09999999999999999,10,1,1,2,1,1,1,1,1,1,1
4.18,4.4,0.4888888888888888,10,4,3,4,5,5,4,5,5,4,5
4.4,4.5,0.2777777777777778,10,5,4,5,5,5,5,4,4,4,4
4.33,4.3,0.6777777777777777,10,4,5,3,5,5,4,5,4,5,3
4.14,4.1,0.5444444444444444,10,5,4,3,5,4,5,4,3,4,4
2.4,2.5,0.2777777777777778,10,3,3,2,3,2,2,3,2,2,3
1.17,1.0,0.0,10,1,1,1,1,1,1,1,1,1,1
4.7700000000000005,4.9,0.09999999999999999,10,5,5,5,5,5,5,5,5,4,5
2.37,2.5,0.7222222222222222,10,2,3,1,3,2,3,2,2,3,4
3.66,3.9,0.3222222222222222,10,4,4,4,4,4,3,4,5,3,4
3.93,3.9,0.9888888888888887,10,5,5,5,3,4,3,4,4,2,4
2.34,1.9,0.5444444444444445,10,1,2,3,2,3,2,1,2,1,2
1.23,1.4,0.2666666666666667,10,2,1,2,1,1,1,1,2,1,2
2.67,2.3,0.8999999999999999,10,3,4,2,2,1,3,3,1,2,2
3.65,4.3,1.3444444444444443,10,3,5,5,3,5,5,5,2,5,5
1.49,1.6,0.2666666666666667,10,1,2,1,2,2,2,2,1,2,1
2.08,1.9,0.9888888888888887,10,1,4,2,1,1,2,1,2,2,3
3.24,3.2,0.39999999999999997,10,4,3,3,4,4,3,3,3,2,3
4.67,4.8,0.17777777777777773,10,5,4,5,5,5,4,5,5,5,5
4.36,4.2,0.39999999999999997,10,5,4,4,4,5,5,4,3,4,4
1.46,1.4,0.2666666666666667,10,2,2,2,1,1,1,1,2,1,1
1.1,1.1,0.09999999999999999,10,1,1,1,1,1,1,2,1,1,1
3.0,2.9,0.9888888888888892,10,2,3,4,3,3,3,2,4,1,4
2.0,1.3,0.23333333333333334,10,2,1,1,1,2,2,1,1,1,1
2.36,2.5,0.7222222222222222,10,3,2,2,3,2,3,1,2,3,4
1.86,2.1,0.7666666666666665,10,3,2,2,1,1,1,3,3,3,2
4.54,4.8,0.17777777777777773,10,5,4,5,5,5,4,5,5,5,5
2.65,2.6,0.9333333333333333,10,2,3,1,2,3,2,3,4,2,4
4.6,4.6,0.4888888888888888,10,5,5,5,5,4,3,4,5,5,5
2.36,2.7,1.3444444444444443,10,3,4,3,2,1,2,2,2,5,3
2.89,2.8,1.0666666666666667,10,2,3,3,4,2,2,4,1,4,3
1.08,1.2,0.1777777777777778,10,1,1,1,1,1,2,1,2,1,1
3.23,3.0,2.0,10,2,5,5,4,1,4,3,2,2,2
1.26,1.4,0.2666666666666667,10,2,1,1,1,2,2,1,1,1,2
4.74,4.8,0.17777777777777773,10,5,5,4,5,5,5,5,5,4,5
2.05,1.8,0.4000000000000001,10,2,3,1,2,2,1,2,2,1,2
4.9,5.0,0.0,10,5,5,5,5,5,5,5,5,5,5
4.26,4.3,0.6777777777777777,10,3,5,5,5,5,5,4,4,4,3
4.41,4.3,0.4555555555555555,10,4,5,5,5,4,4,5,4,3,4
2.28,2.5,0.9444444444444444,10,4,3,1,2,3,3,3,1,2,3
4.5600000000000005,4.6,0.48888888888888893,10,5,5,5,4,5,5,5,4,5,3
2.1,2.1,0.5444444444444443,10,2,3,1,1,3,2,3,2,2,2
1.21,1.3,0.23333333333333334,10,1,1,1,2,1,2,1,1,1,2
4.05,4.2,1.0666666666666669,10,4,5,5,5,4,5,5,2,4,3
2.01,2.0,1.5555555555555556,10,1,1,2,4,4,2,1,3,1,1
2.32,2.6,1.5999999999999999,10,5,1,3,3,4,2,3,2,2,1
2.52,2.8,1.9555555555555553,10,3,1,3,4,1,3,5,1,4,3
4.71,4.3,0.4555555555555555,10,5,4,4,4,4,5,4,5,5,3
2.27,2.3,0.6777777777777777,10,2,2,2,1,2,3,2,4,3,2
2.1,2.6,0.9333333333333333,10,3,3,2,3,3,3,4,1,3,1
1.99,2.4,0.48888888888888893,10,2,2,3,2,2,3,1,3,3,3
4.64,4.7,0.4555555555555555,10,5,5,4,5,3,5,5,5,5,5
3.98,3.9,1.4333333333333333,10,4,5,5,3,2,4,2,5,4,5
4.82,4.9,0.09999999999999996,10,4,5,5,5,5,5,5,5,5,5
1.38,1.2,0.1777777777777778,10,1,1,1,2,1,1,1,1,2,1
2.71,2.6,0.9333333333333333,10,3,3,2,2,4,1,3,2,4,2
3.19,3.2,1.0666666666666669,10,2,3,5,3,2,3,4,4,4,2
1.92,2.3,1.1222222222222222,10,2,1,1,1,3,2,3,3,3,4
1.27,1.2,0.17777777777777784,10,1,2,1,1,1,2,1,1,1,1
4.79,4.9,0.09999999999999999,10,5,5,5,5,5,5,5,5,4,5
1.7,1.7,0.6777777777777777,10,1,2,1,1,3,1,1,2,3,2
1.69,1.7,1.1222222222222222,10,1,1,1,4,1,1,3,2,2,1
2.3,2.2,1.288888888888889,10,4,2,3,1,1,1,2,4,2,2
1.62,1.7,0.6777777777777779,10,2,1,2,3,2,3,1,1,1,1
1.3,1.2,0.17777777777777784,10,2,1,1,2,1,1,1,1,1,1
3.41,3.1,0.9888888888888887,10,4,4,2,2,3,2,5,3,3,3
2.04,2.2,1.0666666666666669,10,3,2,2,1,1,2,1,4,3,3
2.72,2.4,1.3777777777777775,10,1,2,4,2,3,4,1,3,1,3
2.81,2.9,1.2111111111111112,10,2,3,2,3,1,3,3,5,3,4
2.33,2.2,1.0666666666666669,10,2,2,2,1,4,2,1,4,2,2
3.0,3.1,0.9888888888888889,10,3,3,2,3,4,2,4,5,3,2
4.5600000000000005,4.7,0.23333333333333334,10,4,5,5,4,5,5,5,5,5,4
2.54,2.8,0.39999999999999997,10,2,3,3,3,2,3,4,2,3,3
3.47,3.6,1.155555555555556,10,2,5,3,3,5,4,4,4,4,2
1.15,1.1,0.09999999999999999,10,1,2,1,1,1,1,1,1,1,1
3.92,3.9,1.2111111111111112,10,4,5,5,5,3,2,3,5,4,3
1.11,1.2,0.1777777777777778,10,1,1,1,1,1,2,2,1,1,1
4.87,4.8,0.17777777777777773,10,5,4,5,5,4,5,5,5,5,5
3.56,3.4,0.9333333333333336,10,5,3,4,2,4,3,4,3,4,2
4.03,3.8,0.6222222222222222,10,4,4,4,2,4,4,4,4,5,3
2.03,2.4,0.48888888888888904,10,3,3,3,3,1,2,2,2,2,3
4.96,5.0,0.0,10,5,5,5,5,5,5,5,5,5,5
1.6,1.3,0.23333333333333334,10,2,1,1,1,2,2,1,1,1,1
4.93,4.9,0.09999999999999998,10,5,5,4,5,5,5,5,5,5,5
4.41,4.7,0.23333333333333334,10,4,5,5,5,5,4,5,5,5,4
3.73,3.5,1.1666666666666667,10,2,5,2,4,5,4,3,4,3,3
3.09,3.4,0.7111111111111112,10,4,3,3,3,4,4,5,2,3,3
4.58,4.9,0.09999999999999999,10,5,5,5,5,5,5,5,4,5,5
2.49,2.7,1.5666666666666667,10,1,1,3,2,4,3,3,5,2,3
2.92,3.5,0.9444444444444444,10,5,2,3,5,3,3,4,3,4,3
1.61,2.0,0.8888888888888888,10,3,1,1,3,2,2,3,1,1,3
2.48,2.8,1.0666666666666669,10,3,1,3,4,3,3,1,3,3,4
3.74,3.8,0.39999999999999997,10,4,4,4,5,4,3,4,3,3,4
2.67,3.2,0.6222222222222222,10,2,3,3,3,3,4,4,4,2,4
1.8,2.2,0.6222222222222222,10,1,2,2,2,4,3,2,2,2,2
1.11,1.0,0.0,10,1,1,1,1,1,1,1,1,1,1
3.03,2.7,0.6777777777777777,10,1,3,3,3,4,2,3,3,3,2
1.72,1.8,0.6222222222222222,10,1,1,3,3,2,2,2,1,2,1
2.34,2.2,0.8444444444444444,10,3,1,3,2,3,1,3,3,2,1
4.17,4.2,0.6222222222222222,10,3,5,4,5,4,5,4,4,5,3
3.67,3.7,1.1222222222222222,10,2,3,4,4,3,5,5,3,3,5
1.09,1.0,0.0,10,1,1,1,1,1,1,1,1,1,1
3.62,3.7,0.6777777777777777,10,4,3,5,5,3,3,4,3,3,4
1.48,1.3,0.23333333333333334,10,1,1,1,1,1,1,2,2,1,2
3.09,2.6,1.5999999999999999,10,1,3,2,5,4,3,1,3,2,2
2.57,2.9,0.5444444444444444,10,2,2,3,3,3,2,4,4,3,3
1.67,1.3,0.4555555555555555,10,1,1,1,1,3,1,1,1,1,2
2.59,1.9,0.9888888888888889,10,1,1,2,2,2,4,3,1,1,2
1.56,1.5,0.5,10,1,1,2,3,1,2,1,1,1,2
2.66,2.0,1.1111111111111112,10,2,1,1,2,3,1,2,4,3,1
1.54,1.7,0.6777777777777777,10,3,2,2,1,2,1,1,1,1,3
2.55,3.3,2.2333333333333334,10,3,2,4,4,1,5,5,4,4,1
2.09,1.9,0.5444444444444445,10,1,2,3,2,2,3,2,1,2,1
1.47,1.7,0.9000000000000001,10,1,1,3,2,3,1,1,3,1,1
3.72,3.7,0.6777777777777777,10,4,4,5,5,4,3,3,3,3,3
1.68,1.5,0.5,10,1,2,1,1,1,3,1,2,1,2
1.75,1.8,0.8444444444444444,10,3,1,1,3,3,2,1,1,2,1
2.92,2.2,1.5111111111111113,10,1,4,2,2,1,4,1,1,3,3
2.6100000000000003,2.5,1.3888888888888888,10,2,3,1,3,3,3,1,2,2,5
4.23,4.2,0.6222222222222222,10,4,4,5,4,5,3,5,4,3,5
1.3,1.3,0.23333333333333334,10,2,2,1,1,2,1,1,1,1,1
4.4,4.6,0.4888888888888888,10,5,5,5,5,5,5,3,4,4,5
4.37,4.4,0.48888888888888893,10,5,5,4,4,5,5,3,5,4,4
3.65,3.9,0.9888888888888889,10,4,3,3,5,5,4,4,2,4,5
4.34,4.1,0.5444444444444444,10,4,5,3,4,5,4,4,3,5,4
1.7,1.5,0.5,10,2,1,1,2,1,1,1,3,2,1
2.6100000000000003,2.2,0.8444444444444444,10,1,1,2,2,3,2,4,2,2,3
2.47,2.7,0.6777777777777777,10,3,3,4,3,3,1,3,2,3,2
3.25,3.7,0.8999999999999999,10,3,4,3,2,4,3,5,5,4,4
4.14,4.1,0.7666666666666666,10,4,4,3,5,3,3,5,5,4,5
3.46,3.3,0.4555555555555555,10,3,3,4,4,3,4,2,3,4,3
4.58,4.8,0.17777777777777773,10,5,5,5,5,4,5,5,5,5,4
3.3,3.5,0.9444444444444444,10,4,4,4,4,3,3,5,2,2,4
3.42,3.3,1.788888888888889,10,4,5,1,4,3,5,3,2,2,4
4.83,4.9,0.09999999999999999,10,5,5,5,5,5,5,5,5,5,4
4.91,5.0,0.0,10,5,5,5,5,5,5,5,5,5,5
2.18,1.9,0.3222222222222222,10,2,2,2,2,2,2,1,1,2,3
4.44,4.8,0.17777777777777773,10,5,5,4,5,4,5,5,5,5,5
3.0,2.9,0.3222222222222223,10,3,2,3,3,3,4,3,3,2,3
2.64,2.6,2.2666666666666666,10,3,1,5,1,4,4,3,1,3,1
4.01,4.0,0.6666666666666666,10,3,5,4,4,5,4,4,5,3,3
4.62,4.8,0.39999999999999997,10,3,5,5,5,5,5,5,5,5,5
4.12,4.3,0.6777777777777777,10,4,3,5,5,3,5,4,5,5,4
2.85,3.2,1.7333333333333338,10,4,1,5,4,2,2,3,5,3,3
4.4,4.7,0.23333333333333334,10,5,5,4,5,5,5,4,4,5,5
1.01,1.0,0.0,10,1,1,1,1,1,1,1,1,1,1
1.7,1.7,0.4555555555555556,10,1,2,2,2,1,1,2,2,3,1
2.12,2.4,1.3777777777777778,10,2,1,1,3,4,3,4,1,2,3
1.23,1.4,0.2666666666666667,10,2,2,1,1,1,1,1,1,2,2
4.41,4.6,0.26666666666666666,10,5,5,4,5,4,5,4,5,4,5
3.24,3.3,0.8999999999999999,10,2,4,4,4,4,4,2,3,4,2
1.2,1.2,0.17777777777777784,10,2,1,1,1,1,1,1,2,1,1
4.73,4.7,0.23333333333333334,10,4,4,5,5,5,4,5,5,5,5
1.68,1.7,0.6777777777777777,10,3,1,2,1,1,2,1,3,2,1
1.0,1.0,0.0,10,1,1,1,1,1,1,1,1,1,1
2.68,2.7,0.6777777777777777,10,2,3,2,4,3,2,3,2,2,4
4.94,4.8,0.17777777777777776,10,5,5,5,5,5,5,4,5,4,5
3.45,3.1,1.211111111111111,10,1,4,3,3,3,3,2,3,4,5
3.4,3.7,0.8999999999999999,10,4,5,3,3,5,4,4,2,3,4
1.6,1.4,0.48888888888888915,10,3,1,2,1,1,1,1,1,2,1
2.0,1.9,0.32222222222222224,10,2,2,1,2,3,2,2,1,2,2
3.02,3.8,0.6222222222222222,10,4,3,5,5,4,3,3,3,4,4
1.74,1.8,0.6222222222222223,10,2,3,3,2,2,1,2,1,1,1
3.53,4.0,1.1111111111111112,10,5,3,5,4,5,4,3,2,4,5
4.39,4.6,0.4888888888888888,10,5,5,5,3,5,4,5,4,5,5
1.78,1.6,0.48888888888888893,10,1,1,1,1,2,2,2,1,3,2
4.24,4.2,1.288888888888889,10,3,2,4,5,5,3,5,5,5,5
4.13,4.1,0.7666666666666666,10,5,5,4,3,4,3,4,5,3,5
1.62,1.6,0.48888888888888893,10,2,2,1,2,1,2,3,1,1,1
1.0699999999999998,1.1,0.09999999999999999,10,1,1,1,1,2,1,1,1,1,1
2.19,1.6,0.2666666666666667,10,1,1,2,1,2,2,2,2,1,2
1.31,1.7,0.23333333333333334,10,2,1,1,2,1,2,2,2,2,2
1.42,1.9,0.5444444444444445,10,3,1,3,2,2,2,1,2,2,1
1.63,1.4,0.2666666666666667,10,1,1,2,1,1,1,2,1,2,2
1.52,1.6,0.48888888888888904,10,3,1,2,2,1,1,1,2,2,1
3.75,3.7,0.8999999999999999,10,5,3,4,2,3,4,3,4,4,5
4.96,5.0,0.0,10,5,5,5,5,5,5,5,5,5,5
1.88,2.2,0.6222222222222222,10,3,2,1,2,2,1,3,3,3,2
1.54,1.5,0.9444444444444444,10,2,1,1,1,1,1,1,1,4,2
4.45,4.3,0.8999999999999999,10,5,5,5,4,4,4,5,2,5,4
2.56,2.2,1.288888888888889,10,1,1,1,3,4,1,3,2,3,3
3.6,4.1,0.32222222222222213,10,5,4,3,4,4,4,4,5,4,4
4.4,4.2,0.39999999999999997,10,4,4,3,4,4,5,4,4,5,5
4.19,4.5,0.2777777777777778,10,5,5,5,4,4,4,5,5,4,4
4.79,4.7,0.4555555555555555,10,5,5,5,3,5,5,4,5,5,5
1.35,1.3,0.23333333333333334,10,1,2,1,2,1,1,1,1,1,2
2.77,2.9,0.7666666666666665,10,2,3,3,5,3,3,2,2,3,3
1.4,1.1,0.1,10,1,1,1,1,1,1,1,1,2,1
3.24,3.3,0.6777777777777777,10,2,4,2,3,4,4,3,4,4,3
1.99,2.4,0.7111111111111114,10,2,4,2,2,3,3,2,2,3,1
1.31,1.1,0.1,10,1,1,1,1,1,1,1,1,1,2
2.91,3.4,0.7111111111111112,10,4,2,4,3,5,3,3,4,3,3
1.36,1.3,0.23333333333333334,10,1,2,1,1,1,1,1,2,2,1
2.34,2.6,1.3777777777777778,10,3,2,2,4,2,1,2,5,3,2
1.24,1.3,0.23333333333333334,10,1,2,2,1,2,1,1,1,1,1
3.7,4.0,0.8888888888888888,10,3,4,5,3,5,3,3,5,5,4
3.2,3.1,1.2111111111111112,10,3,5,3,4,3,1,3,2,4,3
2.09,2.5,1.1666666666666667,10,3,2,4,1,2,3,3,2,4,1
4.17,4.1,0.7666666666666666,10,5,5,3,3,3,4,4,5,4,5
1.95,1.9,0.5444444444444443,10,3,2,2,1,1,3,2,1,2,2
3.69,3.9,0.9888888888888889,10,4,5,5,4,2,4,5,3,4,3
2.71,2.4,0.9333333333333333,10,2,3,1,3,1,2,2,3,4,3
3.67,3.5,1.1666666666666667,10,4,4,3,3,1,3,4,5,4,4
4.17,4.3,0.4555555555555555,10,3,4,5,5,4,5,5,4,4,4
3.91,3.6,0.9333333333333336,10,3,2,4,4,3,5,3,5,3,4
4.470000000000001,4.3,0.4555555555555555,10,4,4,5,3,4,5,4,4,5,5
1.72,1.6,0.2666666666666667,10,2,2,1,1,1,2,1,2,2,2
4.49,4.9,0.09999999999999996,10,4,5,5,5,5,5,5,5,5,5
1.45,1.1,0.09999999999999999,10,2,1,1,1,1,1,1,1,1,1
2.19,2.2,0.8444444444444444,10,3,2,2,1,1,3,4,2,2,2
1.0699999999999998,1.0,0.0,10,1,1,1,1,1,1,1,1,1,1
3.52,3.7,1.1222222222222222,10,3,5,5,4,2,3,4,5,3,3
3.35,3.7,0.4555555555555555,10,4,3,4,3,3,4,4,5,3,4
2.83,2.6,1.6,10,1,2,3,1,2,3,3,4,2,5
3.57,3.9,0.7666666666666666,10,4,4,4,4,5,4,5,2,3,4
1.83,1.8,0.4000000000000001,10,1,2,3,2,2,2,1,1,2,2
3.9,3.7,1.788888888888889,10,3,5,4,3,5,3,3,1,5,5
4.67,4.5,0.5,10,5,4,5,5,5,3,5,4,4,5
4.26,4.1,0.3222222222222222,10,4,3,4,4,5,4,4,4,4,5
3.58,3.9,0.5444444444444444,10,4,4,3,5,3,4,5,4,3,4
4.5600000000000005,4.7,0.23333333333333334,10,5,4,4,5,5,5,5,5,5,4
4.99,5.0,0.0,10,5,5,5,5,5,5,5,5,5,5
2.73,3.0,0.8888888888888888,10,3,5,3,2,3,3,2,2,3,4
1.01,1.0,0.0,10,1,1,1,1,1,1,1,1,1,1
1.06,1.0,0.0,10,1,1,1,1,1,1,1,1,1,1
4.38,4.3,0.23333333333333334,10,4,4,5,5,4,4,5,4,4,4
4.68,4.8,0.17777777777777776,10,5,5,5,5,5,5,5,4,4,5
4.2,4.4,0.48888888888888893,10,4,5,5,5,5,5,4,4,3,4
3.31,3.2,1.0666666666666669,10,3,2,5,4,3,2,4,2,3,4
3.61,4.0,0.6666666666666666,10,3,4,4,5,5,5,4,3,3,4
2.58,2.7,0.23333333333333334,10,3,3,3,2,3,3,2,3,2,3
2.14,1.7,1.1222222222222222,10,3,1,1,4,1,1,1,2,1,2
1.9,2.4,0.9333333333333333,10,3,1,3,3,2,2,4,1,2,3
3.21,3.4,1.3777777777777773,10,1,4,3,5,4,4,4,2,3,4
3.69,3.7,1.1222222222222222,10,4,5,3,5,4,4,2,2,4,4
2.83,2.9,1.2111111111111112,10,5,3,1,2,3,4,2,3,3,3
4.4,4.7,0.23333333333333334,10,4,5,5,4,5,5,5,5,5,4
4.6,5.0,0.0,10,5,5,5,5,5,5,5,5,5,5
3.91,3.5,1.8333333333333333,10,3,5,2,1,4,4,5,5,3,3
2.09,2.0,0.4444444444444444,10,2,1,2,2,3,2,2,1,3,2
4.2,4.4,0.711111111111111,10,5,4,4,5,5,3,5,5,5,3
4.12,4.4,0.48888888888888893,10,4,5,5,4,5,4,5,3,5,4
4.24,4.3,0.6777777777777777,10,5,5,4,5,4,4,3,3,5,5
3.62,3.8,0.6222222222222222,10,4,3,4,5,5,3,4,3,3,4
3.05,2.9,1.2111111111111112,10,4,2,4,2,3,2,3,2,5,2
2.89,3.0,2.0,10,1,4,3,5,2,2,1,4,4,4
1.22,1.2,0.4,10,1,1,1,1,1,1,1,3,1,1
4.64,4.9,0.09999999999999996,10,4,5,5,5,5,5,5,5,5,5
2.55,2.4,0.48888888888888893,10,2,2,3,2,2,2,2,4,3,2
2.46,2.3,0.4555555555555555,10,2,3,2,2,3,3,2,2,1,3
4.18,4.5,0.5,10,4,3,5,5,4,5,5,5,4,5
4.02,3.9,0.09999999999999999,10,4,4,4,4,3,4,4,4,4,4
2.0,2.0,0.8888888888888888,10,2,3,1,2,4,2,1,2,1,2
1.68,1.4,0.2666666666666667,10,2,2,1,1,2,2,1,1,1,1
2.49,2.6,0.48888888888888893,10,2,2,2,2,3,2,3,4,3,3
2.65,2.7,0.4555555555555555,10,2,2,3,3,3,4,3,2,2,3
2.16,2.0,0.8888888888888888,10,1,3,1,2,2,1,3,3,3,1
2.7,2.5,0.7222222222222222,10,2,1,3,2,3,3,2,2,3,4
1.38,1.2,0.1777777777777778,10,1,1,1,1,2,2,1,1,1,1
1.44,1.4,0.2666666666666667,10,2,1,1,1,1,2,1,2,2,1
4.66,4.7,0.23333333333333334,10,5,5,4,5,5,5,5,4,5,4
1.22,1.2,0.17777777777777784,10,1,1,2,2,1,1,1,1,1,1
1.06,1.1,0.09999999999999999,10,1,1,1,1,2,1,1,1,1,1
1.23,1.2,0.17777777777777784,10,1,1,2,2,1,1,1,1,1,1
4.32,4.4,0.711111111111111,10,5,5,3,5,5,5,5,4,4,3
3.51,3.3,0.8999999999999999,10,3,3,2,2,4,3,5,4,4,3
3.18,2.7,1.1222222222222222,10,3,1,3,2,4,3,3,4,1,3
1.58,1.9,0.5444444444444445,10,2,2,3,1,2,2,2,1,3,1
1.2,1.2,0.1777777777777778,10,1,1,2,1,1,2,1,1,1,1
4.15,3.9,1.2111111111111112,10,5,4,2,5,3,3,3,4,5,5
3.74,4.0,0.4444444444444444,10,4,3,4,3,5,4,4,4,4,5
4.03,3.5,1.1666666666666667,10,4,4,3,4,3,1,3,5,4,4
3.58,3.5,1.1666666666666667,10,2,2,3,3,3,4,5,4,5,4
1.21,1.1,0.09999999999999999,10,1,1,2,1,1,1,1,1,1,1
2.12,1.8,0.4000000000000001,10,3,2,2,2,2,1,1,2,2,1
2.54,3.0,0.8888888888888888,10,4,4,4,2,2,3,3,2,4,2
1.8,1.8,1.066666666666667,10,4,2,1,1,1,2,2,1,1,3
2.47,2.4,0.48888888888888904,10,3,1,2,2,3,3,3,2,3,2
1.02,1.0,0.0,10,1,1,1,1,1,1,1,1,1,1
4.32,3.9,0.9888888888888889,10,2,4,5,4,4,4,5,5,3,3
2.32,2.3,1.3444444444444443,10,2,1,2,2,3,4,4,1,3,1
3.03,3.2,0.6222222222222222,10,4,3,3,3,2,4,4,3,2,4
2.48,2.8,1.066666666666667,10,1,5,2,3,3,3,3,3,2,3
2.44,2.4,1.3777777777777775,10,3,1,2,3,4,4,1,3,2,1
1.1800000000000002,1.0,0.0,10,1,1,1,1,1,1,1,1,1,1
1.66,1.4,0.2666666666666667,10,1,1,2,2,1,1,1,2,1,2
2.48,2.6,1.1555555555555557,10,2,1,2,4,2,3,4,4,2,2
3.74,3.9,0.5444444444444445,10,4,4,3,3,4,4,5,3,4,5
2.1,2.1,0.32222222222222224,10,2,2,1,2,2,2,3,2,2,3
2.9,2.7,1.3444444444444443,10,1,3,3,2,5,2,3,4,2,2
2.26,2.2,0.39999999999999997,10,2,2,2,2,3,2,3,1,2,3
4.87,4.9,0.09999999999999998,10,5,5,4,5,5,5,5,5,5,5
4.970000000000001,4.9,0.09999999999999996,10,5,4,5,5,5,5,5,5,5,5
4.21,3.9,0.7666666666666666,10,5,4,5,2,3,4,4,4,4,4
2.99,2.7,1.1222222222222222,10,4,2,1,3,2,2,2,3,4,4
3.05,2.9,0.7666666666666668,10,3,1,3,3,3,3,3,2,4,4
4.720000000000001,4.8,0.17777777777777776,10,5,5,5,5,5,4,5,5,5,4
3.76,3.9,0.3222222222222224,10,5,3,4,4,3,4,4,4,4,4
1.75,2.0,0.4444444444444444,10,2,3,2,1,2,3,2,1,2,2
4.2700000000000005,3.9,0.5444444444444444,10,3,5,3,4,4,5,4,3,4,4
2.53,2.3,1.1222222222222222,10,2,1,3,3,1,3,1,3,4,2
2.44,2.5,0.9444444444444444,10,2,1,4,2,2,2,3,4,2,3
1.82,1.9,0.5444444444444445,10,2,2,1,3,2,2,2,3,1,1
2.93,3.2,0.8444444444444444,10,4,3,3,3,4,3,3,2,5,2
2.39,2.6,0.7111111111111112,10,3,2,4,3,2,2,3,1,3,3
4.61,4.6,0.2666666666666667,10,4,4,5,5,4,5,5,5,4,5
4.83,5.0,0.0,10,5,5,5,5,5,5,5,5,5,5
3.3,3.1,0.5444444444444443,10,3,4,4,3,2,2,3,3,3,4
4.62,4.4,0.711111111111111,10,3,4,5,5,4,3,5,5,5,5
2.44,2.3,0.8999999999999999,10,1,3,4,2,2,3,1,2,2,3
4.24,4.4,0.26666666666666666,10,4,4,5,5,5,5,4,4,4,4
1.51,1.6,0.48888888888888893,10,1,2,2,2,1,1,3,1,2,1
3.77,3.8,0.6222222222222222,10,5,3,3,4,3,5,4,4,4,3
1.68,1.6,0.48888888888888904,10,1,1,2,2,3,1,2,2,1,1
1.33,1.2,0.1777777777777778,10,1,1,2,1,1,1,2,1,1,1
3.99,4.0,0.6666666666666666,10,3,3,3,4,4,4,5,5,4,5
4.15,4.4,0.711111111111111,10,5,5,3,5,4,5,5,3,5,4
3.84,3.5,0.9444444444444444,10,4,1,3,4,3,4,4,4,4,4
3.51,3.3,1.1222222222222222,10,2,3,4,5,2,3,2,4,4,4
4.91,4.9,0.09999999999999999,10,5,5,5,5,5,5,5,5,4,5
2.23,2.2,1.5111111111111113,10,2,3,1,2,3,2,1,2,5,1
2.4,2.6,0.9333333333333333,10,2,4,2,1,2,3,3,3,4,2
2.14,2.2,0.8444444444444444,10,2,2,1,3,3,3,1,3,1,3
4.92,5.0,0.0,10,5,5,5,5,5,5,5,5,5,5
1.38,1.6,0.7111111111111112,10,3,2,1,1,1,3,1,1,2,1
2.95,2.9,0.5444444444444444,10,3,4,3,2,2,3,3,2,4,3
2.03,1.8,0.4000000000000001,10,1,1,1,2,2,2,2,2,2,3
2.23,2.0,0.8888888888888888,10,2,1,2,1,2,4,2,2,3,1
1.19,1.2,0.17777777777777778,10,1,1,1,1,1,1,1,1,2,2
3.94,3.8,1.0666666666666669,10,4,2,3,4,5,4,5,3,5,3
2.19,2.4,1.6,10,1,2,2,2,1,5,2,3,4,2
2.72,2.5,0.5,10,3,2,3,2,3,3,1,3,3,2
2.2,2.3,0.6777777777777777,10,2,2,4,3,2,3,2,2,1,2
1.78,1.3,0.23333333333333334,10,1,1,2,2,2,1,1,1,1,1
1.29,1.2,0.17777777777777784,10,2,1,1,1,1,1,1,1,1,2
3.46,3.5,0.9444444444444444,10,3,4,2,4,2,4,4,5,4,3
2.97,3.1,0.5444444444444444,10,2,3,3,4,3,3,2,4,4,3
1.7,1.4,0.48888888888888915,10,3,1,2,1,2,1,1,1,1,1
2.3,2.2,0.8444444444444444,10,2,1,1,3,4,2,2,2,2,3
3.29,3.4,0.48888888888888893,10,4,3,4,3,4,3,4,3,2,4
3.24,3.4,1.377777777777778,10,5,3,4,3,3,3,4,1,3,5
1.84,2.1,0.7666666666666666,10,1,3,2,2,1,1,3,3,2,3
3.74,4.1,0.5444444444444444,10,4,4,5,5,4,5,3,3,4,4
3.43,3.4,0.2666666666666667,10,4,4,4,4,3,3,3,3,3,3
2.27,2.1,0.5444444444444445,10,2,3,1,2,2,2,3,3,1,2
3.26,3.8,0.8444444444444444,10,5,4,4,2,3,3,5,4,4,4
2.29,2.3,1.1222222222222222,10,2,2,3,4,2,2,2,4,1,1
2.78,2.7,0.23333333333333334,10,2,2,2,3,3,3,3,3,3,3
4.89,4.9,0.09999999999999996,10,5,4,5,5,5,5,5,5,5,5
4.58,4.7,0.23333333333333334,10,5,5,5,4,5,4,4,5,5,5
4.98,5.0,0.0,10,5,5,5,5,5,5,5,5,5,5
3.83,3.5,1.3888888888888888,10,2,5,2,3,5,3,5,3,3,4
2.76,2.1,0.5444444444444443,10,1,2,3,3,1,2,3,2,2,2
4.529999999999999,4.6,0.26666666666666666,10,5,4,5,5,4,5,5,4,4,5
3.28,3.2,0.6222222222222222,10,2,4,3,3,3,2,4,4,4,3
4.39,4.5,0.5,10,4,4,4,5,5,3,5,5,5,5
1.31,1.3,0.23333333333333334,10,1,1,1,1,1,2,2,1,1,2
2.44,2.6,0.9333333333333333,10,2,3,1,2,4,4,2,3,3,2
1.0,1.0,0.0,10,1,1,1,1,1,1,1,1,1,1
1.76,1.7,0.6777777777777777,10,1,1,1,1,2,1,3,2,3,2
4.45,4.7,0.23333333333333334,10,5,5,5,5,5,5,5,4,4,4
3.77,4.4,0.26666666666666666,10,4,5,4,4,4,5,4,5,5,4
1.29,1.1,0.1,10,1,1,1,1,1,1,1,1,1,2
2.27,1.9,0.7666666666666666,10,3,1,1,2,2,3,2,1,1,3
1.97,1.9,0.5444444444444445,10,1,3,2,1,2,2,2,3,1,2
2.88,3.3,1.3444444444444443,10,5,4,3,3,5,4,2,3,2,2
3.39,3.5,0.9444444444444444,10,3,4,3,4,4,4,4,1,4,4
3.41,2.8,0.6222222222222222,10,3,3,4,2,2,3,2,4,2,3
4.16,4.3,0.6777777777777777,10,3,5,3,5,4,4,4,5,5,5
3.09,3.3,0.6777777777777777,10,3,2,4,4,4,3,4,2,4,3
3.07,3.0,1.3333333333333333,10,2,2,3,4,2,5,2,4,2,4
4.7,4.6,0.4888888888888888,10,5,5,5,5,4,5,5,3,5,4
1.53,1.4,0.48888888888888904,10,2,1,3,2,1,1,1,1,1,1
2.67,2.2,0.8444444444444444,10,3,1,2,3,3,1,1,3,3,2
3.32,3.3,0.8999999999999999,10,4,4,3,4,2,4,4,2,4,2
2.07,1.9,0.5444444444444445,10,3,1,3,2,2,2,1,2,2,1
2.47,2.1,0.3222222222222223,10,2,1,2,2,3,2,2,2,3,2
4.9,5.0,0.0,10,5,5,5,5,5,5,5,5,5,5
4.51,4.5,0.5,10,4,5,4,3,5,5,4,5,5,5
3.91,3.8,0.8444444444444444,10,4,4,5,5,3,3,4,4,2,4
2.84,2.5,1.6111111111111112,10,2,3,3,5,1,2,2,2,4,1
3.6,4.0,0.8888888888888888,10,4,5,5,3,4,4,5,2,4,4
4.98,4.9,0.09999999999999999,10,5,5,5,5,5,5,5,4,5,5
4.49,4.5,0.5,10,4,5,4,5,5,4,3,5,5,5
4.779999999999999,4.8,0.17777777777777776,10,5,5,5,5,5,4,5,4,5,5
4.33,4.4,0.48888888888888893,10,5,4,5,4,5,4,4,5,3,5
3.7,4.1,0.9888888888888889,10,5,4,5,4,4,2,5,4,5,3
4.4,4.4,0.4888888888888888,10,4,5,4,4,3,4,5,5,5,5
3.52,3.4,1.8222222222222224,10,5,3,3,3,5,4,2,3,5,1
1.08,1.0,0.0,10,1,1,1,1,1,1,1,1,1,1
3.07,3.4,0.7111111111111112,10,4,3,2,5,3,3,3,4,4,3
3.77,3.7,1.1222222222222222,10,2,5,4,3,3,3,4,3,5,5
2.14,1.5,0.2777777777777778,10,2,1,1,2,1,2,2,1,2,1
2.26,2.4,0.7111111111111112,10,2,2,1,4,3,2,2,3,2,3
1.53,1.5,0.2777777777777778,10,1,1,1,2,1,2,2,2,2,1
1.01,1.0,0.0,10,1,1,1,1,1,1,1,1,1,1
2.37,2.6,0.9333333333333336,10,5,2,2,2,3,2,2,3,2,3
4.71,4.4,0.4888888888888888,10,4,5,5,5,3,4,5,4,4,5
4.6,4.8,0.17777777777777773,10,5,5,4,5,5,5,4,5,5,5
2.95,2.9,1.655555555555556,10,3,1,1,5,3,3,4,4,2,3
3.65,3.6,0.2666666666666667,10,3,4,4,3,4,4,4,4,3,3
1.86,1.9,0.5444444444444444,10,2,2,2,1,3,1,2,3,1,2
3.91,4.0,0.8888888888888888,10,5,5,4,4,3,4,2,4,5,4
1.56,1.7,0.4555555555555555,10,3,2,2,2,2,1,1,1,2,1
2.75,2.8,1.2888888888888892,10,5,4,2,2,4,2,2,2,2,3
2.08,2.5,0.7222222222222222,10,2,2,3,1,2,4,3,2,3,3
2.5,3.0,1.1111111111111112,10,3,5,4,3,2,4,3,2,2,2
3.37,3.4,1.6,10,5,3,4,2,3,4,1,3,4,5
4.93,5.0,0.0,10,5,5,5,5,5,5,5,5,5,5
3.28,2.5,1.8333333333333333,10,3,2,3,2,4,5,1,3,1,1
4.42,4.2,0.6222222222222222,10,3,4,5,4,5,3,5,4,4,5
1.1,1.0,0.0,10,1,1,1,1,1,1,1,1,1,1
2.45,2.0,0.8888888888888888,10,1,1,1,2,1,3,3,3,2,3
2.63,3.1,0.7666666666666665,10,5,3,2,3,2,3,3,3,4,3
4.32,4.2,0.8444444444444444,10,3,5,4,5,5,5,3,4,3,5
1.52,2.0,0.6666666666666666,10,1,2,3,3,2,1,3,1,2,2
1.72,1.8,0.6222222222222223,10,1,1,3,2,2,3,1,1,2,2
3.49,3.5,0.7222222222222222,10,3,5,4,4,3,4,2,3,4,3
1.64,1.8,1.5111111111111115,10,4,1,1,1,1,2,4,1,2,1
2.6,2.7,0.4555555555555555,10,4,2,3,2,3,3,2,2,3,3
4.91,4.8,0.17777777777777773,10,4,5,5,5,5,5,5,5,5,4
2.94,3.3,1.5666666666666667,10,3,5,4,1,3,3,4,3,2,5
4.07,4.2,0.6222222222222222,10,5,4,3,3,4,5,4,4,5,5
1.71,1.9,0.5444444444444443,10,1,2,1,2,3,3,2,2,2,1
4.02,4.0,1.5555555555555556,10,5,5,2,4,2,4,5,5,3,5
3.78,3.7,1.5666666666666667,10,4,4,5,3,3,3,1,4,5,5
3.92,3.8,0.6222222222222222,10,4,4,4,5,4,2,4,4,3,4
1.28,1.1,0.09999999999999999,10,1,1,1,1,1,1,1,2,1,1
3.27,3.3,1.1222222222222222,10,5,3,2,3,3,3,2,5,3,4
3.3,3.4,1.6,10,5,5,3,4,3,4,3,1,2,4
1.84,1.6,0.7111111111111112,10,1,3,2,1,1,1,3,1,1,2
4.25,3.9,0.7666666666666666,10,4,5,4,4,5,4,4,2,3,4
2.16,2.0,0.2222222222222222,10,2,2,2,3,2,2,2,1,2,2
1.11,1.1,0.09999999999999999,10,1,2,1,1,1,1,1,1,1,1
1.58,1.7,0.4555555555555555,10,1,1,2,1,2,1,2,2,2,3
4.720000000000001,4.8,0.17777777777777773,10,5,4,5,5,5,5,5,5,4,5
3.46,3.8,1.0666666666666667,10,4,3,2,5,5,3,4,5,3,4
2.32,2.3,0.8999999999999999,10,2,3,1,4,3,2,2,3,1,2
3.37,3.4,0.9333333333333333,10,4,3,2,2,5,4,4,3,3,4
4.9,5.0,0.0,10,5,5,5,5,5,5,5,5,5,5
2.52,2.7,1.5666666666666667,10,3,3,1,2,1,3,3,5,2,4
3.23,2.9,1.4333333333333333,10,4,2,4,5,2,3,3,2,1,3
3.51,2.8,0.8444444444444444,10,3,3,4,3,3,2,1,2,3,4
4.21,4.3,0.4555555555555555,10,5,5,4,5,4,4,4,4,3,5
3.58,3.5,0.7222222222222222,10,3,4,2,3,3,4,4,4,5,3
2.9,3.2,1.0666666666666669,10,4,3,2,3,2,2,5,3,4,4
1.06,1.0,0.0,10,1,1,1,1,1,1,1,1,1,1
1.96,1.9,0.7666666666666666,10,2,1,2,1,3,2,1,3,3,1
3.37,3.3,1.5666666666666667,10,4,3,5,2,1,3,3,4,3,5
4.93,4.9,0.09999999999999996,10,5,4,5,5,5,5,5,5,5,5
2.23,2.2,0.8444444444444444,10,2,3,2,1,3,2,2,4,2,1
3.41,3.5,0.9444444444444444,10,4,5,4,3,2,4,2,4,4,3
1.62,1.7,0.6777777777777777,10,1,2,1,1,2,1,1,3,3,2
1.26,1.5,0.2777777777777778,10,2,1,2,2,1,2,1,2,1,1
3.38,3.8,0.8444444444444444,10,4,3,3,5,3,5,3,3,5,4
2.47,2.5,1.3888888888888888,10,3,1,4,2,2,4,4,2,1,2
3.76,3.7,0.23333333333333334,10,4,3,3,4,4,4,3,4,4,4
2.31,2.5,0.7222222222222222,10,2,2,2,2,3,4,2,2,2,4
3.89,3.7,0.4555555555555555,10,4,4,3,3,4,4,3,3,4,5
2.42,2.5,1.1666666666666667,10,1,3,1,4,2,3,2,4,2,3
3.92,3.5,1.3888888888888888,10,5,3,5,5,2,3,3,3,4,2
3.39,3.4,1.6,10,3,1,2,4,4,3,5,4,5,3
2.24,2.1,1.2111111111111112,10,2,4,3,2,1,3,1,3,1,1
1.93,2.0,0.4444444444444444,10,2,1,3,2,1,2,2,2,2,3
3.1100000000000003,3.4,1.1555555555555554,10,4,4,5,2,3,2,4,4,4,2
2.25,1.7,0.23333333333333334,10,1,2,2,2,2,1,2,2,2,1
3.63,3.8,0.6222222222222222,10,5,3,3,4,3,3,4,4,4,5
1.94,2.0,0.4444444444444444,10,1,2,2,2,3,2,2,1,3,2
4.6,4.7,0.23333333333333334,10,4,5,5,4,4,5,5,5,5,5
3.74,3.8,1.0666666666666669,10,5,4,5,4,2,5,3,4,3,3
3.59,3.5,1.1666666666666667,10,4,4,3,4,3,4,3,4,1,5
3.3,2.6,1.6,10,1,3,2,3,2,3,1,2,5,4
4.07,4.0,0.6666666666666666,10,5,5,4,4,3,3,4,5,4,3
3.6,3.5,0.9444444444444444,10,4,3,3,2,3,4,3,3,5,5
1.92,1.8,0.4,10,2,2,2,2,2,2,3,1,1,1
4.35,4.2,0.39999999999999997,10,3,4,5,4,4,5,4,5,4,4
1.89,2.1,0.9888888888888889,10,2,1,2,2,2,1,3,3,1,4
4.88,4.9,0.09999999999999998,10,5,5,4,5,5,5,5,5,5,5
4.84,4.8,0.17777777777777773,10,5,5,5,4,5,5,4,5,5,5
3.82,4.3,0.8999999999999999,10,5,5,4,5,4,4,2,5,4,5
2.71,2.4,0.9333333333333336,10,1,4,2,3,4,2,2,2,2,2
1.27,1.4,0.2666666666666667,10,1,1,2,2,2,1,1,2,1,1
3.96,3.8,0.6222222222222222,10,3,4,4,3,4,4,3,5,5,3
3.28,3.6,0.48888888888888893,10,4,4,3,3,4,3,5,3,4,3
4.83,4.9,0.09999999999999999,10,5,5,5,5,5,5,5,5,4,5
3.13,3.1,0.5444444444444443,10,2,4,4,2,3,3,3,3,4,3
4.44,4.2,0.6222222222222222,10,3,4,5,4,5,5,4,5,3,4
2.27,2.1,0.7666666666666666,10,2,2,2,2,1,2,4,3,2,1
1.92,1.7,0.45555555555555544,10,1,3,2,1,1,1,2,2,2,2
1.69,1.4,0.2666666666666667,10,2,1,1,2,1,1,2,2,1,1
4.470000000000001,4.3,0.23333333333333334,10,4,5,5,4,4,4,4,4,4,5
3.92,4.0,0.8888888888888888,10,5,4,4,4,3,2,4,5,5,4
2.06,1.9,0.5444444444444444,10,1,3,2,2,3,1,2,1,2,2
2.14,2.4,1.6000000000000003,10,1,2,3,1,1,4,4,2,2,4
1.46,1.5,0.2777777777777778,10,2,1,1,2,1,2,2,1,2,1
1.76,2.1,0.5444444444444444,10,3,2,2,2,2,3,3,1,1,2
3.05,4.0,0.2222222222222222,10,4,4,4,4,5,4,4,4,3,4
2.72,3.0,0.4444444444444444,10,4,3,3,2,3,3,3,4,3,2
1.02,1.0,0.0,10,1,1,1,1,1,1,1,1,1,1
4.64,4.7,0.23333333333333334,10,5,5,5,5,4,4,5,5,4,5
4.64,4.7,0.23333333333333334,10,4,5,5,4,4,5,5,5,5,5
3.29,3.3,0.6777777777777777,10,4,4,2,4,4,3,2,4,3,3
3.12,3.2,0.39999999999999997,10,4,3,4,3,3,3,3,4,3,2
4.45,4.2,1.0666666666666669,10,2,4,5,5,4,5,3,5,4,5
1.12,1.1,0.09999999999999999,10,1,1,1,1,2,1,1,1,1,1
1.7,1.6,0.7111111111111112,10,1,3,3,2,1,1,1,2,1,1
4.54,4.6,0.2666666666666667,10,4,5,5,4,4,5,5,5,4,5
4.8100000000000005,4.8,0.17777777777777773,10,5,5,4,5,5,5,5,5,4,5
4.11,3.8,0.8444444444444444,10,3,5,5,3,4,4,3,3,5,3
3.64,3.8,1.0666666666666667,10,5,3,4,5,5,4,3,3,4,2
4.37,4.5,0.7222222222222222,10,4,5,3,5,3,5,5,5,5,5
3.4,3.8,0.8444444444444444,10,3,4,2,3,5,4,4,4,5,4
3.38,3.4,1.1555555555555557,10,5,3,3,4,3,5,3,2,2,4
1.68,1.9,0.3222222222222223,10,2,2,2,2,2,1,3,2,1,2
2.01,2.5,0.7222222222222222,10,2,2,2,3,4,4,2,2,2,2
3.33,3.9,0.9888888888888889,10,4,2,5,5,4,3,4,5,3,4
1.05,1.0,0.0,10,1,1,1,1,1,1,1,1,1,1
2.6,2.1,0.3222222222222223,10,2,2,3,2,1,2,2,2,3,2
3.28,3.1,0.7666666666666665,10,3,2,3,2,4,4,4,3,2,4
1.59,1.5,0.7222222222222222,10,1,3,3,1,1,1,1,1,1,2
1.83,1.9,0.5444444444444443,10,3,1,2,3,1,1,2,2,2,2
3.13,2.8,0.6222222222222222,10,2,3,3,2,3,4,2,2,4,3
3.69,3.8,0.8444444444444444,10,4,4,5,3,3,2,4,4,5,4
1.76,1.5,0.2777777777777778,10,1,2,2,1,1,2,1,1,2,2
4.38,4.8,0.17777777777777773,10,5,5,5,5,4,4,5,5,5,5
1.82,2.1,0.9888888888888889,10,2,1,4,1,2,1,3,3,2,2
4.95,5.0,0.0,10,5,5,5,5,5,5,5,5,5,5
1.74,1.4,0.2666666666666667,10,1,1,2,2,2,1,2,1,1,1
1.69,1.5,0.7222222222222222,10,1,2,3,1,1,1,3,1,1,1
1.62,1.4,0.2666666666666667,10,2,1,2,2,1,1,1,1,2,1
3.78,3.4,0.48888888888888893,10,3,4,4,4,4,3,4,2,3,3
3.84,3.8,0.6222222222222222,10,3,3,3,3,4,4,5,5,4,4
2.09,2.3,0.8999999999999999,10,4,2,2,1,3,2,2,3,3,1
4.2,4.5,0.2777777777777778,10,5,5,4,5,4,4,4,5,4,5
2.62,2.6,0.7111111111111112,10,3,3,2,1,3,3,4,2,2,3
2.25,2.7,0.4555555555555555,10,2,3,2,2,4,3,3,2,3,3
2.46,2.4,0.9333333333333333,10,3,1,2,4,2,2,3,3,1,3
2.7,2.4,0.9333333333333336,10,3,2,1,2,3,3,2,3,1,4
3.37,3.2,1.5111111111111113,10,1,2,2,3,4,5,3,4,4,4
1.83,1.9,0.9888888888888889,10,2,2,4,2,1,3,2,1,1,1
3.58,2.8,0.6222222222222222,10,3,3,3,2,2,2,2,3,4,4
4.19,4.5,0.2777777777777778,10,5,5,5,4,5,5,4,4,4,4
4.45,4.8,0.17777777777777776,10,5,5,5,5,5,5,4,5,5,4
4.470000000000001,4.0,0.8888888888888888,10,2,4,4,4,4,5,3,5,4,5
1.55,1.7,0.23333333333333334,10,2,1,1,2,2,1,2,2,2,2
2.42,2.2,0.8444444444444444,10,3,1,1,2,2,2,2,2,4,3
1.76,2.1,0.7666666666666667,10,2,2,3,1,2,2,1,4,2,2
4.61,4.7,0.23333333333333334,10,5,5,4,5,5,5,5,5,4,4
1.68,1.6,0.48888888888888893,10,1,2,2,1,2,2,3,1,1,1
3.57,3.3,1.1222222222222222,10,4,4,2,3,4,5,3,4,2,2
1.39,1.4,0.48888888888888893,10,1,1,1,2,2,1,1,1,1,3
3.2,3.3,1.3444444444444443,10,3,4,2,2,4,5,3,2,3,5
3.39,3.1,0.9888888888888889,10,2,2,3,4,2,3,3,3,5,4
3.58,3.7,1.1222222222222222,10,5,5,3,3,5,3,3,4,2,4
4.61,4.8,0.17777777777777776,10,5,5,5,5,5,5,5,5,4,4
1.41,1.3,0.23333333333333334,10,1,1,1,1,2,1,2,1,1,2
4.69,4.8,0.17777777777777773,10,5,5,5,4,4,5,5,5,5,5
4.3100000000000005,4.3,0.4555555555555555,10,5,5,4,3,4,4,4,5,5,4
4.0600000000000005,4.0,0.6666666666666666,10,3,4,3,5,5,4,3,4,5,4
4.07,4.0,0.6666666666666666,10,5,4,4,4,3,3,3,5,4,5
3.79,4.2,1.5111111111111115,10,5,5,4,5,1,4,4,5,5,4
3.83,4.1,0.5444444444444444,10,4,5,4,4,3,3,5,5,4,4
1.0699999999999998,1.1,0.09999999999999999,10,1,1,1,2,1,1,1,1,1,1
1.88,1.6,0.7111111111111112,10,1,3,2,2,1,1,3,1,1,1
1.7,1.9,0.9888888888888889,10,1,2,2,4,3,2,2,1,1,1
3.13,2.5,0.9444444444444444,10,2,2,4,2,3,3,1,2,4,2
3.01,3.0,1.3333333333333333,10,1,4,1,3,4,3,4,4,3,3
2.34,2.8,1.288888888888889,10,4,3,2,2,5,2,4,2,2,2
4.99,5.0,0.0,10,5,5,5,5,5,5,5,5,5,5
4.720000000000001,4.9,0.09999999999999998,10,5,5,4,5,5,5,5,5,5,5
1.1,1.1,0.09999999999999999,10,1,1,1,1,1,1,1,2,1,1
2.53,2.7,0.4555555555555555,10,4,3,2,3,2,2,3,3,3,2
1.91,2.1,0.5444444444444444,10,1,2,2,3,1,2,3,2,2,3
3.03,3.1,0.5444444444444443,10,3,3,3,4,2,4,2,4,3,3
3.0,3.3,0.8999999999999999,10,2,3,2,4,4,5,4,3,3,3
2.77,2.9,0.9888888888888889,10,2,3,3,4,2,5,2,2,3,3
3.71,3.6,1.3777777777777775,10,5,2,4,3,2,5,3,4,3,5
1.36,1.4,0.2666666666666667,10,1,1,1,1,2,2,2,2,1,1
2.04,2.2,0.6222222222222222,10,2,3,2,2,3,2,1,1,3,3
2.67,3.0,0.8888888888888888,10,2,4,2,4,4,2,4,3,3,2
4.83,4.8,0.17777777777777773,10,4,5,5,5,4,5,5,5,5,5
4.0,3.7,0.4555555555555555,10,5,3,4,4,4,3,3,3,4,4
1.97,2.1,0.7666666666666665,10,3,2,1,3,3,1,2,2,1,3
1.01,1.1,0.09999999999999999,10,1,1,1,1,2,1,1,1,1,1
2.34,2.4,0.9333333333333333,10,3,3,2,3,1,4,1,2,3,2
2.51,2.0,0.6666666666666666,10,3,3,2,1,2,2,1,2,3,1
4.5200000000000005,4.5,0.5,10,4,5,3,5,5,5,5,5,4,4
3.99,3.3,0.8999999999999999,10,3,2,4,5,3,4,2,3,3,4
2.55,2.8,1.288888888888889,10,3,2,2,5,2,2,4,4,2,2
4.71,4.8,0.17777777777777773,10,5,5,4,5,5,5,5,5,4,5
1.26,1.2,0.1777777777777778,10,1,1,1,2,1,1,1,2,1,1
1.23,1.3,0.23333333333333334,10,2,1,1,1,1,2,1,2,1,1
4.529999999999999,4.7,0.4555555555555555,10,5,5,5,4,5,5,5,5,5,3
3.4,3.1,0.3222222222222224,10,2,3,4,3,4,3,3,3,3,3
2.74,3.2,0.8444444444444444,10,3,3,2,4,4,3,5,2,3,3
1.76,1.4,0.2666666666666667,10,2,2,1,1,1,1,2,2,1,1
4.89,4.9,0.09999999999999998,10,5,5,5,5,4,5,5,5,5,5
4.38,3.9,0.5444444444444444,10,4,4,4,3,5,5,4,3,3,4
4.85,5.0,0.0,10,5,5,5,5,5,5,5,5,5,5
4.59,4.7,0.23333333333333334,10,5,4,5,4,5,5,5,4,5,5
2.11,1.9,0.9888888888888889,10,2,2,1,1,4,3,1,1,2,2
1.95,1.9,1.655555555555556,10,1,4,1,4,2,1,1,1,1,3
3.79,4.0,1.3333333333333333,10,5,2,5,5,5,5,3,3,4,3
1.14,1.0,0.0,10,1,1,1,1,1,1,1,1,1,1
4.21,4.2,1.0666666666666667,10,4,2,5,5,4,5,5,5,3,4
1.82,1.7,0.8999999999999999,10,2,1,2,2,1,4,1,1,1,2
4.82,4.7,0.23333333333333334,10,4,5,5,5,4,5,5,4,5,5
4.19,4.7,0.4555555555555555,10,5,5,5,4,5,5,5,5,5,3
3.1,3.1,1.6555555555555554,10,2,4,2,1,3,3,5,3,3,5
3.02,3.0,0.4444444444444444,10,2,4,3,4,3,3,3,3,2,3
4.43,4.4,0.4888888888888888,10,3,5,4,5,4,5,4,4,5,5
4.970000000000001,4.9,0.09999999999999998,10,5,5,4,5,5,5,5,5,5,5
4.29,4.1,0.5444444444444444,10,4,5,3,3,4,4,4,5,5,4
2.16,2.0,0.6666666666666666,10,2,1,2,2,3,1,2,3,1,3
4.64,4.8,0.39999999999999997,10,5,5,5,3,5,5,5,5,5,5
1.22,1.1,0.09999999999999999,10,1,1,1,1,1,1,1,2,1,1
3.55,3.2,1.066666666666667,10,3,3,3,3,3,1,5,4,4,3
2.13,1.7,0.23333333333333334,10,1,2,1,2,2,1,2,2,2,2
3.21,3.3,0.6777777777777777,10,3,3,3,3,3,2,3,4,5,4
1.82,1.5,0.2777777777777778,10,1,2,1,2,2,1,2,2,1,1
4.74,4.8,0.17777777777777773,10,5,5,5,5,4,5,4,5,5,5
4.7,4.7,0.23333333333333334,10,5,4,4,4,5,5,5,5,5,5
4.37,4.6,0.2666666666666667,10,5,4,4,4,5,5,5,5,5,4
3.85,4.1,0.3222222222222222,10,4,3,4,4,5,4,5,4,4,4
1.27,1.1,0.1,10,1,1,1,1,1,1,1,1,2,1
1.1,1.0,0.0,10,1,1,1,1,1,1,1,1,1,1
1.72,1.3,0.23333333333333334,10,1,1,1,2,1,2,2,1,1,1
3.69,3.9,0.9888888888888887,10,5,3,3,3,3,5,5,3,5,4
4.6,4.4,0.7111111111111111,10,5,5,5,5,4,5,5,3,4,3
1.12,1.1,0.09999999999999999,10,2,1,1,1,1,1,1,1,1,1
5.0,5.0,0.0,10,5,5,5,5,5,5,5,5,5,5
3.71,4.1,0.9888888888888887,10,4,5,5,4,4,5,3,2,4,5
4.7,4.7,0.23333333333333334,10,5,5,5,5,4,5,4,4,5,5
3.72,3.7,1.1222222222222222,10,2,5,4,4,4,4,4,3,5,2
1.65,1.5,0.2777777777777778,10,1,1,2,2,1,1,1,2,2,2
3.34,3.2,0.6222222222222222,10,3,3,3,3,3,3,4,3,5,2
1.64,1.9,0.7666666666666665,10,2,2,1,4,1,2,2,2,2,1
3.19,3.4,0.7111111111111112,10,3,4,4,3,5,3,2,3,4,3
1.66,1.8,0.6222222222222222,10,2,3,1,2,3,1,2,1,2,1
1.36,1.4,0.48888888888888904,10,1,2,1,1,3,1,1,1,1,2
1.28,1.0,0.0,10,1,1,1,1,1,1,1,1,1,1
4.07,4.2,0.6222222222222222,10,5,4,4,4,4,5,5,5,3,3
1.76,1.6,0.7111111111111112,10,1,2,1,3,1,1,2,1,3,1
2.3,2.6,0.9333333333333333,10,2,1,3,2,3,4,2,3,4,2
3.89,3.9,0.9888888888888889,10,5,4,3,4,2,4,4,5,5,3
1.98,2.1,0.9888888888888887,10,4,3,3,2,2,2,2,1,1,1
4.01,4.1,0.3222222222222222,10,3,4,4,4,4,5,5,4,4,4
1.06,1.0,0.0,10,1,1,1,1,1,1,1,1,1,1
2.95,3.0,1.1111111111111112,10,2,4,5,3,3,2,4,2,3,2
2.69,3.2,1.0666666666666667,10,3,3,3,4,5,4,3,3,3,1
4.33,4.1,0.5444444444444444,10,4,3,3,4,4,4,4,5,5,5
3.49,3.4,1.1555555555555557,10,5,3,4,3,3,3,4,2,5,2
3.24,3.5,1.1666666666666667,10,2,4,4,5,4,2,3,3,3,5
1.27,1.4,0.7111111111111112,10,1,1,1,3,3,1,1,1,1,1
1.58,1.5,0.5,10,1,1,3,1,1,1,1,2,2,2
3.1100000000000003,3.2,0.6222222222222222,10,2,4,3,2,3,3,4,4,3,4
2.75,2.5,0.7222222222222222,10,3,2,2,4,1,3,3,2,3,2
4.970000000000001,5.0,0.0,10,5,5,5,5,5,5,5,5,5,5
2.5,3.0,1.3333333333333333,10,3,3,2,1,2,3,4,3,4,5
3.95,3.3,0.4555555555555555,10,4,4,4,3,2,4,3,3,3,3
1.61,1.5,0.2777777777777778,10,2,1,2,1,2,2,1,1,2,1
1.63,1.7,0.6777777777777777,10,1,2,1,2,1,3,1,1,3,2
2.28,2.5,0.7222222222222222,10,2,3,2,3,4,2,2,1,3,3
3.77,4.0,1.5555555555555556,10,2,3,5,5,5,4,2,4,5,5
1.01,1.1,0.1,10,1,1,1,1,1,1,1,1,1,2
3.92,3.8,0.39999999999999997,10,4,3,4,3,4,3,5,4,4,4
3.97,3.7,0.8999999999999999,10,3,4,5,3,4,2,3,4,4,5
4.23,4.2,0.39999999999999997,10,5,4,4,4,3,5,5,4,4,4
4.39,4.5,0.5,10,5,5,5,5,5,4,3,4,5,4
4.09,4.1,0.9888888888888889,10,5,4,4,5,5,3,2,4,4,5
4.66,4.8,0.17777777777777773,10,5,4,5,5,5,5,5,5,5,4
1.41,1.6,0.48888888888888893,10,2,1,2,1,1,2,2,1,1,3
4.36,4.3,0.4555555555555555,10,5,4,5,5,4,4,5,4,4,3
1.54,1.6,0.2666666666666667,10,2,2,2,1,2,1,1,1,2,2
3.87,3.5,0.2777777777777778,10,3,4,3,4,4,3,3,4,3,4
2.91,3.2,1.7333333333333334,10,4,5,3,2,5,1,3,3,2,4
4.91,5.0,0.0,10,5,5,5,5,5,5,5,5,5,5
1.43,1.1,0.09999999999999999,10,1,1,1,2,1,1,1,1,1,1
2.02,2.1,0.9888888888888889,10,1,1,1,2,2,3,2,3,4,2
1.0699999999999998,1.1,0.09999999999999999,10,1,1,1,1,1,1,2,1,1,1
2.8,2.9,0.3222222222222223,10,3,3,3,3,4,3,2,3,2,3
2.0,2.2,1.0666666666666669,10,1,1,2,3,4,3,2,2,1,3
4.5,4.3,0.6777777777777777,10,5,3,4,5,5,4,4,5,5,3
3.42,3.8,0.6222222222222222,10,3,5,4,3,5,4,3,3,4,4
4.58,4.5,0.5,10,5,5,4,5,4,4,5,3,5,5
1.1,1.0,0.0,10,1,1,1,1,1,1,1,1,1,1
4.18,4.4,0.26666666666666666,10,4,4,5,5,4,5,4,5,4,4
3.54,3.9,0.5444444444444445,10,3,3,5,4,4,4,4,5,4,3
2.39,2.6,0.2666666666666667,10,2,3,2,3,3,3,3,2,2,3
2.2,2.5,0.5,10,3,2,2,3,3,1,3,3,3,2
3.5,3.5,0.9444444444444444,10,5,4,4,4,3,2,3,4,2,4
2.11,2.3,1.1222222222222222,10,2,2,2,2,1,5,3,2,2,2
2.2,2.2,0.8444444444444444,10,3,2,3,4,2,1,1,2,2,2
3.17,3.3,0.8999999999999999,10,3,4,3,4,3,2,5,2,3,4
1.15,1.1,0.09999999999999999,10,1,1,1,1,2,1,1,1,1,1
1.89,2.2,0.39999999999999997,10,2,1,3,2,3,2,2,3,2,2
2.74,2.7,1.1222222222222222,10,4,3,1,3,1,2,3,3,4,3
2.6,2.7,1.1222222222222222,10,3,3,4,1,1,3,3,2,4,3
2.23,2.8,0.6222222222222222,10,2,3,3,3,4,1,3,3,3,3
2.53,2.7,1.1222222222222222,10,1,2,2,4,3,4,4,3,2,2
1.78,2.2,0.8444444444444444,10,2,3,3,1,1,1,3,3,3,2
4.91,4.7,0.23333333333333334,10,5,5,5,5,4,4,5,4,5,5
4.64,4.6,0.26666666666666666,10,4,5,5,5,5,4,5,4,4,5
2.42,2.5,0.2777777777777778,10,3,3,2,3,2,3,2,3,2,2
1.94,2.1,0.5444444444444445,10,2,3,2,3,2,3,2,1,2,1
2.2,2.1,0.9888888888888887,10,1,1,3,4,2,2,3,2,1,2
2.89,2.6,1.1555555555555554,10,3,2,2,3,1,5,2,3,3,2
3.64,4.1,0.5444444444444444,10,4,5,4,4,4,3,5,3,5,4
1.09,1.2,0.1777777777777778,10,1,1,1,1,2,1,1,1,2,1
2.1,2.0,0.6666666666666666,10,2,1,3,1,3,2,3,2,1,2
2.34,2.4,0.2666666666666667,10,2,2,2,3,3,2,3,3,2,2
4.57,4.7,0.23333333333333334,10,5,5,4,4,5,5,4,5,5,5
1.75,1.6,0.7111111111111112,10,1,3,1,3,2,1,1,1,2,1
3.48,3.4,0.48888888888888893,10,3,3,4,3,3,3,4,3,5,3
2.12,1.9,0.7666666666666665,10,2,2,2,3,1,1,3,3,1,1
4.9,5.0,0.0,10,5,5,5,5,5,5,5,5,5,5
3.45,3.7,1.788888888888889,10,5,5,3,3,5,1,3,5,3,4
3.06,3.1,1.2111111111111112,10,4,2,2,3,4,4,3,2,5,2
3.92,3.4,0.2666666666666667,10,3,3,4,4,3,3,3,4,3,4
3.16,3.5,1.3888888888888888,10,5,1,3,3,4,3,4,3,5,4
2.58,2.2,0.8444444444444444,10,1,2,3,4,2,3,2,2,1,2
3.35,3.6,0.48888888888888904,10,4,4,4,4,4,2,3,4,4,3
1.82,1.8,0.4000000000000001,10,1,2,2,3,1,1,2,2,2,2
4.64,4.8,0.17777777777777773,10,5,4,5,5,5,5,4,5,5,5
1.1,1.0,0.0,10,1,1,1,1,1,1,1,1,1,1
3.05,3.2,0.8444444444444444,10,3,3,4,3,4,2,3,2,5,3
4.58,4.7,0.23333333333333334,10,4,5,5,4,5,4,5,5,5,5
4.21,4.0,1.1111111111111112,10,5,3,4,5,3,2,5,4,5,4
4.45,4.0,1.3333333333333333,10,5,5,5,5,3,2,5,4,3,3
1.29,1.2,0.1777777777777778,10,1,1,1,1,1,2,1,2,1,1
4.15,4.3,0.6777777777777777,10,5,4,5,3,3,4,4,5,5,5
4.18,4.5,0.2777777777777778,10,5,5,4,4,5,5,4,4,4,5
4.55,4.7,0.4555555555555555,10,5,5,4,5,3,5,5,5,5,5
2.15,2.6,0.2666666666666667,10,2,2,3,3,3,2,3,3,2,3
4.15,4.0,0.4444444444444444,10,3,5,4,4,4,5,4,4,3,4
3.63,3.4,1.155555555555556,10,3,4,5,2,2,3,4,3,5,3
2.36,2.1,0.9888888888888889,10,3,1,4,1,2,1,2,2,3,2
1.39,1.5,0.2777777777777778,10,2,2,1,1,2,1,2,1,1,2
1.65,1.9,0.7666666666666666,10,2,1,2,2,1,1,3,3,3,1
3.97,4.2,0.6222222222222222,10,4,5,5,4,4,5,3,5,3,4
4.5200000000000005,4.7,0.23333333333333334,10,5,4,5,5,4,5,4,5,5,5
2.8,2.7,0.8999999999999999,10,4,4,1,3,3,3,2,2,3,2
2.3,2.4,0.9333333333333333,10,3,4,3,1,2,3,1,2,2,3
1.89,1.5,0.5,10,1,2,3,2,1,2,1,1,1,1
4.8,4.7,0.23333333333333334,10,5,4,5,5,4,4,5,5,5,5
1.72,1.6,0.2666666666666667,10,1,2,1,1,2,2,1,2,2,2
2.24,2.0,0.6666666666666666,10,3,2,2,3,2,1,3,1,2,1
1.16,1.2,0.17777777777777784,10,2,2,1,1,1,1,1,1,1,1
2.89,3.3,0.8999999999999999,10,3,4,4,3,3,2,5,4,3,2
3.87,3.8,1.0666666666666669,10,5,3,3,2,5,3,4,4,4,5
4.48,4.5,0.2777777777777778,10,4,5,4,4,5,5,5,4,5,4
4.1,3.7,1.1222222222222222,10,4,2,5,3,4,3,3,5,5,3
1.52,1.3,0.23333333333333334,10,1,2,2,1,1,1,2,1,1,1
3.94,4.2,1.0666666666666667,10,4,5,5,5,3,2,5,4,5,4
4.04,3.8,0.8444444444444444,10,4,5,5,4,3,3,4,4,4,2
4.51,4.6,0.26666666666666666,10,5,5,4,5,5,5,5,4,4,4
4.39,4.0,0.8888888888888888,10,3,4,5,5,3,3,3,5,4,5
4.08,3.7,1.5666666666666667,10,4,5,3,3,3,4,5,5,4,1
3.01,3.1,1.4333333333333331,10,4,3,2,2,2,2,3,5,5,3
1.33,1.3,0.23333333333333334,10,2,2,2,1,1,1,1,1,1,1
3.44,3.5,0.5,10,3,4,4,4,4,2,3,3,4,4
4.38,4.1,0.5444444444444444,10,5,4,4,3,4,3,5,4,5,4
3.53,3.6,0.7111111111111112,10,4,4,3,4,4,2,3,3,4,5
3.84,3.9,0.7666666666666666,10,4,4,5,4,4,2,5,4,4,3
3.69,3.8,0.6222222222222222,10,5,3,4,3,4,3,4,3,4,5
3.51,2.9,0.5444444444444443,10,2,3,4,2,4,3,2,3,3,3
1.33,1.2,0.1777777777777778,10,1,1,2,1,1,1,1,1,2,1
2.21,2.4,1.3777777777777778,10,5,3,3,2,1,1,2,2,3,2
1.35,1.6,0.48888888888888893,10,2,1,2,1,1,2,2,1,1,3
3.42,3.8,0.39999999999999997,10,4,3,3,3,4,4,5,4,4,4
3.25,3.5,1.8333333333333333,10,1,3,4,5,5,2,5,3,3,4
1.87,1.9,0.9888888888888887,10,1,4,1,1,2,1,2,3,2,2
1.67,1.5,0.2777777777777778,10,1,1,2,1,1,2,1,2,2,2
2.03,1.9,0.7666666666666667,10,2,1,2,2,2,1,2,1,2,4
4.19,4.1,0.09999999999999998,10,4,4,4,4,5,4,4,4,4,4
3.56,3.8,0.8444444444444444,10,2,3,4,4,5,4,5,4,4,3
2.72,3.1,0.9888888888888889,10,2,3,3,5,4,2,3,3,2,4
2.46,2.6,0.9333333333333336,10,2,2,3,2,4,4,2,1,3,3
4.36,4.5,0.5,10,5,5,3,4,4,4,5,5,5,5
1.35,1.3,0.23333333333333334,10,1,1,1,1,2,1,2,1,2,1
2.15,2.1,0.9888888888888887,10,1,1,3,3,3,1,3,2,3,1
2.12,1.9,1.655555555555556,10,1,1,1,2,1,2,3,1,2,5
1.66,1.4,0.2666666666666667,10,1,1,2,2,2,1,1,2,1,1
3.69,3.5,2.0555555555555554,10,4,5,4,3,2,5,4,5,2,1
1.42,1.4,0.48888888888888915,10,1,3,1,1,1,1,1,2,2,1
1.41,1.3,0.23333333333333334,10,2,2,1,1,1,1,1,2,1,1
4.39,4.1,0.5444444444444444,10,5,5,3,5,3,4,4,4,4,4
3.18,3.1,0.32222222222222224,10,3,3,3,4,3,2,3,4,3,3
1.58,1.6,0.48888888888888904,10,1,1,2,1,3,2,2,1,2,1
3.54,3.4,0.48888888888888904,10,4,3,2,4,3,3,4,4,3,4
3.22,3.1,1.2111111111111112,10,4,2,4,2,2,2,5,3,4,3
1.45,1.2,0.17777777777777784,10,2,1,1,1,1,1,2,1,1,1
3.19,3.0,1.5555555555555556,10,4,4,3,2,2,4,3,2,5,1
2.04,1.9,0.5444444444444444,10,1,3,2,3,2,1,2,1,2,2
3.91,3.8,0.8444444444444444,10,4,4,5,2,3,4,3,5,4,4
3.23,2.9,1.4333333333333331,10,2,5,3,2,3,4,3,4,1,2
3.55,3.5,1.1666666666666667,10,2,4,5,4,2,3,4,5,3,3
2.67,2.6,1.1555555555555554,10,3,3,3,3,1,4,1,4,2,2
3.93,4.2,1.0666666666666667,10,5,5,4,5,4,4,3,5,5,2
4.15,4.1,0.5444444444444444,10,3,4,5,5,4,4,4,3,5,4
4.14,4.1,0.9888888888888887,10,5,5,4,2,4,4,5,3,5,4
2.27,2.4,0.7111111111111112,10,2,2,1,2,2,2,4,3,3,3
3.96,4.0,1.1111111111111112,10,5,3,4,5,4,4,5,5,3,2
4.13,3.9,0.7666666666666666,10,4,4,5,5,4,3,3,3,3,5
2.04,1.7,0.6777777777777778,10,1,3,2,2,3,1,1,1,1,2
2.95,3.7,0.8999999999999999,10,4,5,3,2,3,3,4,4,5,4
3.38,3.3,1.3444444444444443,10,2,4,4,5,3,1,4,4,3,3
3.72,4.0,1.3333333333333333,10,2,5,5,5,5,3,3,5,4,3
3.83,3.6,0.2666666666666667,10,3,4,3,4,4,4,4,4,3,3
4.279999999999999,4.0,0.6666666666666666,10,5,3,5,4,4,5,4,3,3,4
1.56,2.1,0.9888888888888889,10,3,1,3,2,1,4,2,2,2,1
2.35,2.2,0.39999999999999997,10,1,2,3,2,2,2,3,2,2,3
1.71,1.7,0.45555555555555544,10,1,2,3,2,1,1,1,2,2,2
2.56,2.4,1.6,10,2,2,1,4,3,4,1,4,1,2
2.34,2.3,0.4555555555555555,10,2,3,2,2,2,2,2,4,2,2
3.9,3.9,0.9888888888888887,10,5,4,3,5,5,3,3,3,3,5
4.95,4.9,0.09999999999999996,10,5,4,5,5,5,5,5,5,5,5
3.75,3.9,0.9888888888888889,10,5,5,3,3,4,4,2,4,4,5
1.6,1.6,0.48888888888888893,10,2,1,1,1,2,2,2,1,1,3
1.24,1.1,0.09999999999999999,10,1,1,1,1,1,1,2,1,1,1
3.05,3.2,1.288888888888889,10,4,3,3,5,4,3,4,3,1,2
1.03,1.2,0.1777777777777778,10,1,1,2,1,1,1,1,2,1,1
3.75,3.7,0.4555555555555556,10,3,3,3,3,4,4,4,5,4,4
2.7,2.7,0.6777777777777777,10,4,2,2,2,2,3,2,4,3,3
3.95,3.9,0.7666666666666666,10,4,4,4,4,3,5,2,5,4,4
1.53,1.7,1.1222222222222222,10,4,2,2,1,1,1,1,1,3,1
2.24,2.0,0.8888888888888888,10,2,1,2,4,1,2,3,2,1,2
2.04,2.3,0.8999999999999999,10,3,3,3,2,2,2,4,2,1,1
1.98,1.7,0.4555555555555555,10,2,2,2,1,1,1,2,1,2,3
2.91,2.6,0.48888888888888904,10,3,4,2,3,2,3,2,3,2,2
3.86,3.8,0.8444444444444444,10,3,3,5,5,4,3,4,3,5,3
3.01,3.4,1.3777777777777778,10,4,3,4,2,5,4,4,1,3,4
4.73,4.5,0.2777777777777778,10,4,4,5,5,5,4,4,5,4,5
3.51,3.7,1.1222222222222222,10,4,5,3,3,3,5,5,2,3,4
3.18,2.8,1.288888888888889,10,1,3,4,5,2,2,3,3,3,2
4.16,4.2,0.6222222222222222,10,5,5,4,5,4,4,4,5,3,3
1.81,1.6,0.2666666666666667,10,2,2,2,2,1,1,1,2,2,1
4.37,4.5,0.2777777777777778,10,5,5,4,4,4,5,5,5,4,4
2.37,2.9,1.4333333333333331,10,4,2,2,1,3,2,5,3,3,4
4.33,4.6,0.26666666666666666,10,5,5,5,5,5,4,4,5,4,4
4.89,4.8,0.17777777777777773,10,4,5,5,5,5,5,4,5,5,5
4.59,4.4,0.4888888888888888,10,5,5,3,4,5,4,4,5,4,5
1.55,1.8,0.6222222222222223,10,3,2,2,1,1,2,1,1,2,3
3.72,3.8,1.0666666666666669,10,4,4,4,5,5,5,2,3,3,3
1.52,1.7,0.4555555555555555,10,2,2,1,3,1,1,1,2,2,2
1.48,1.4,0.2666666666666667,10,1,1,2,1,2,1,1,2,1,2
4.9,5.0,0.0,10,5,5,5,5,5,5,5,5,5,5
1.64,1.6,0.7111111111111111,10,1,1,1,2,1,2,3,1,1,3
3.73,3.5,0.7222222222222222,10,3,3,3,3,4,4,4,5,4,2
3.5,3.6,0.2666666666666667,10,3,4,4,3,4,4,3,4,4,3
4.46,4.5,0.2777777777777778,10,4,5,4,4,4,5,5,5,4,5
2.36,2.4,1.377777777777778,10,1,2,2,2,3,1,3,3,5,2
2.04,2.2,0.6222222222222222,10,2,1,2,3,2,2,3,3,3,1
2.16,2.2,1.0666666666666667,10,2,3,3,2,1,2,1,3,1,4
2.5,2.5,1.1666666666666667,10,2,4,2,3,4,3,1,1,3,2
2.16,2.0,0.4444444444444444,10,3,2,2,3,1,2,1,2,2,2
3.04,2.9,1.6555555555555557,10,4,2,4,4,2,2,3,1,2,5
4.19,4.0,0.6666666666666666,10,5,5,3,5,3,4,4,4,4,3
2.5,2.4,0.7111111111111112,10,2,3,2,4,2,2,3,2,3,1
2.4,2.8,0.8444444444444444,10,4,2,4,3,4,2,2,2,3,2
2.38,1.8,0.6222222222222222,10,3,2,2,1,2,1,1,3,1,2
2.21,2.7,0.8999999999999999,10,3,1,2,3,2,3,4,4,2,3
1.08,1.0,0.0,10,1,1,1,1,1,1,1,1,1,1
1.35,1.6,0.48888888888888904,10,1,3,2,2,1,2,1,2,1,1
4.39,4.3,0.4555555555555555,10,4,5,4,3,5,4,4,5,4,5
1.12,1.0,0.0,10,1,1,1,1,1,1,1,1,1,1
3.35,3.0,0.4444444444444444,10,4,3,3,4,2,3,3,3,2,3
3.3600000000000003,3.6,0.9333333333333336,10,3,2,5,3,4,3,5,3,4,4
3.31,3.3,0.6777777777777777,10,4,3,2,2,3,4,3,4,4,4
1.91,2.0,0.6666666666666666,10,4,2,2,1,2,1,2,2,2,2
5.0,5.0,0.0,10,5,5,5,5,5,5,5,5,5,5
3.85,3.5,1.6111111111111112,10,4,2,1,4,5,3,5,3,4,4
3.65,3.9,1.4333333333333333,10,2,4,5,4,4,5,5,5,3,2
1.02,1.0,0.0,10,1,1,1,1,1,1,1,1,1,1
2.99,2.8,0.39999999999999997,10,2,3,3,3,3,2,3,3,4,2
3.62,3.1,0.9888888888888889,10,2,4,3,3,5,3,3,4,2,2
2.89,2.6,1.1555555555555557,10,2,4,4,2,2,2,2,1,4,3
2.99,3.0,0.6666666666666666,10,4,3,4,2,3,2,3,2,3,4
3.79,4.0,1.1111111111111112,10,5,5,3,4,4,3,5,2,4,5
3.98,4.5,0.2777777777777778,10,5,4,5,4,5,5,4,5,4,4
2.95,2.6,1.1555555555555557,10,4,2,3,1,3,3,2,3,1,4
1.7,1.5,0.5,10,1,1,1,2,1,2,1,2,1,3
1.69,1.6,0.48888888888888904,10,2,1,1,3,2,2,1,1,2,1
1.9,2.3,1.788888888888889,10,4,1,1,4,1,2,2,3,4,1
4.970000000000001,5.0,0.0,10,5,5,5,5,5,5,5,5,5,5
1.12,1.1,0.09999999999999999,10,1,2,1,1,1,1,1,1,1,1
1.15,1.3,0.4555555555555555,10,1,1,1,1,2,1,1,1,3,1
2.71,2.4,2.0444444444444443,10,1,5,1,2,4,2,2,2,1,4
1.5,1.0,0.0,10,1,1,1,1,1,1,1,1,1,1
3.14,3.3,1.3444444444444443,10,4,2,4,5,4,2,2,2,4,4
1.16,1.1,0.09999999999999999,10,1,2,1,1,1,1,1,1,1,1
1.97,2.1,0.7666666666666666,10,2,2,2,3,3,1,3,3,1,1
2.97,3.4,0.48888888888888893,10,4,4,3,3,3,4,2,3,4,4
3.3,3.2,1.288888888888889,10,2,3,4,4,5,2,2,4,4,2
2.12,1.9,0.7666666666666665,10,1,2,3,3,1,2,3,1,1,2
3.33,3.1,0.9888888888888889,10,4,3,3,3,3,3,3,3,5,1
1.64,1.7,0.6777777777777778,10,1,1,1,1,2,3,1,2,2,3
4.7700000000000005,4.7,0.23333333333333334,10,5,5,5,5,5,4,4,5,4,5
1.39,1.3,0.23333333333333334,10,1,2,1,1,1,1,1,2,1,2
3.57,3.9,0.9888888888888889,10,5,4,4,4,3,2,4,5,5,3
3.53,3.4,1.155555555555556,10,2,4,4,2,4,4,2,3,4,5
1.02,1.1,0.09999999999999999,10,1,1,2,1,1,1,1,1,1,1
4.5,4.4,0.4888888888888888,10,5,4,5,4,4,3,5,4,5,5
1.61,1.4,0.2666666666666667,10,1,1,2,2,1,1,1,2,1,2
2.08,2.0,0.6666666666666666,10,1,3,2,1,3,2,1,2,2,3
3.3,2.9,0.9888888888888887,10,3,2,3,4,2,4,4,3,3,1
1.25,1.3,0.23333333333333334,10,2,1,1,1,1,2,1,1,2,1
1.22,1.1,0.09999999999999999,10,1,2,1,1,1,1,1,1,1,1
3.49,3.4,0.2666666666666667,10,3,3,3,4,4,3,3,3,4,4
1.75,1.6,0.48888888888888893,10,2,2,1,1,1,2,1,3,2,1
3.53,3.3,0.8999999999999999,10,3,3,4,4,2,4,2,3,5,3
3.3600000000000003,3.3,1.3444444444444443,10,4,3,1,2,5,4,3,3,4,4
1.32,1.1,0.09999999999999999,10,1,1,1,1,2,1,1,1,1,1
4.19,4.6,0.26666666666666666,10,5,4,5,5,5,4,4,5,4,5
4.529999999999999,4.4,0.711111111111111,10,3,4,5,5,5,3,5,5,5,4
2.09,1.8,0.6222222222222223,10,2,2,3,3,1,1,1,1,2,2
4.37,4.5,0.2777777777777778,10,5,4,4,5,5,4,5,4,5,4
1.75,1.9,0.5444444444444443,10,2,2,3,2,3,1,1,1,2,2
4.59,4.2,0.6222222222222222,10,5,3,4,3,4,4,5,4,5,5
1.04,1.0,0.0,10,1,1,1,1,1,1,1,1,1,1
4.41,4.4,0.26666666666666666,10,5,4,5,5,4,5,4,4,4,4
2.27,2.0,0.6666666666666666,10,2,3,1,1,2,1,2,3,2,3
2.34,2.5,1.6111111111111112,10,2,3,4,1,1,2,5,2,2,3
1.24,1.4,0.48888888888888915,10,1,3,1,2,1,1,2,1,1,1
1.64,1.4,0.2666666666666667,10,1,1,1,1,2,1,1,2,2,2
1.98,1.8,0.8444444444444446,10,4,1,2,2,1,2,1,1,2,2
1.76,1.3,0.23333333333333334,10,1,1,1,1,2,1,1,1,2,2
4.41,4.8,0.17777777777777776,10,5,5,5,5,5,5,4,4,5,5
3.73,4.2,0.39999999999999997,10,3,4,5,4,5,4,4,4,5,4
2.77,2.8,0.17777777777777773,10,3,3,2,3,3,3,3,3,2,3
3.27,3.8,2.177777777777778,10,3,5,2,1,5,5,4,5,5,3
3.69,3.8,1.5111111111111113,10,2,4,5,5,5,2,5,3,4,3
4.65,4.2,0.39999999999999997,10,4,4,4,5,5,4,5,4,4,3
1.21,1.2,0.17777777777777778,10,1,1,1,1,1,1,2,1,2,1
2.1,2.1,1.8777777777777775,10,1,2,1,2,4,2,1,1,2,5
2.46,2.4,0.9333333333333333,10,3,1,1,3,2,2,3,2,4,3
3.88,3.8,1.0666666666666667,10,3,3,4,5,3,4,5,2,5,4
4.95,4.7,0.23333333333333334,10,4,5,5,5,5,4,4,5,5,5
2.96,3.1,0.9888888888888889,10,3,3,5,3,3,3,4,3,1,3
1.1800000000000002,1.3,0.23333333333333334,10,1,1,1,2,1,1,1,1,2,2
1.91,1.9,0.7666666666666666,10,2,1,3,3,2,1,2,1,1,3
2.53,2.2,1.0666666666666669,10,1,3,2,3,2,1,2,3,4,1
2.82,3.0,0.8888888888888888,10,3,2,2,3,3,4,2,3,3,5
2.73,2.7,0.6777777777777777,10,3,3,3,1,4,3,3,2,2,3
1.61,1.8,0.6222222222222222,10,3,1,2,1,1,2,1,2,2,3
1.94,1.7,0.4555555555555555,10,2,1,2,1,2,1,3,2,1,2
2.96,3.1,1.211111111111111,10,2,3,4,2,4,3,2,4,2,5
3.42,3.6,0.7111111111111111,10,4,4,3,4,3,5,4,2,4,3
3.63,3.7,0.6777777777777777,10,4,4,4,5,4,4,2,3,3,4
3.21,3.0,1.5555555555555556,10,3,3,2,2,3,5,3,5,3,1
2.21,2.5,0.7222222222222222,10,3,2,1,2,3,2,2,4,3,3
2.07,1.7,0.6777777777777777,10,1,1,1,1,2,2,1,3,2,3
3.27,3.2,0.8444444444444444,10,3,4,3,4,2,2,4,2,4,4
2.52,3.0,0.8888888888888888,10,4,2,4,2,3,4,2,3,2,4
4.99,5.0,0.0,10,5,5,5,5,5,5,5,5,5,5
3.78,3.6,1.5999999999999996,10,5,1,5,3,5,3,3,4,4,3
3.85,4.0,1.1111111111111112,10,3,3,5,5,2,4,4,4,5,5
4.37,4.4,0.4888888888888888,10,5,5,3,4,4,4,5,5,4,5
3.61,3.2,0.6222222222222222,10,4,2,4,4,2,3,3,4,3,3
2.7,3.1,0.3222222222222222,10,3,3,3,4,3,4,3,3,2,3
4.94,5.0,0.0,10,5,5,5,5,5,5,5,5,5,5
2.16,2.3,1.5666666666666667,10,1,4,3,1,3,4,1,2,3,1
4.6,4.4,0.48888888888888893,10,5,4,5,4,4,4,3,5,5,5
1.9,1.5,0.5,10,1,1,2,2,1,1,3,2,1,1
3.21,3.2,0.6222222222222222,10,4,3,4,3,3,2,4,4,2,3
4.79,4.8,0.17777777777777773,10,5,5,5,5,4,5,5,5,5,4
1.2,1.0,0.0,10,1,1,1,1,1,1,1,1,1,1
3.46,3.1,1.211111111111111,10,4,3,3,1,3,4,3,2,3,5
1.89,2.3,1.1222222222222222,10,2,1,3,3,2,1,3,4,1,3
4.63,4.7,0.4555555555555555,10,5,5,4,3,5,5,5,5,5,5
3.39,2.8,1.0666666666666669,10,3,1,3,3,2,2,4,4,4,2
4.32,4.1,0.5444444444444444,10,3,4,5,4,5,4,3,5,4,4
1.25,1.1,0.1,10,1,1,1,1,1,1,1,1,2,1
4.38,4.6,0.26666666666666666,10,4,5,5,5,4,5,4,5,5,4
3.22,3.5,1.8333333333333333,10,4,5,3,3,3,4,5,5,2,1
1.62,2.1,0.5444444444444445,10,2,1,3,2,3,2,1,2,2,3
2.11,2.7,0.8999999999999999,10,2,4,2,2,3,3,1,4,3,3
4.5600000000000005,4.7,0.4555555555555555,10,5,5,5,5,5,5,5,5,4,3
1.61,1.8,0.6222222222222222,10,2,1,2,1,2,3,2,1,1,3
1.4,1.2,0.17777777777777784,10,2,2,1,1,1,1,1,1,1,1
1.13,1.2,0.17777777777777784,10,1,2,1,1,1,1,2,1,1,1
4.67,4.9,0.09999999999999998,10,5,5,5,5,4,5,5,5,5,5
3.08,3.1,1.211111111111111,10,5,3,2,3,3,4,3,1,4,3
3.46,3.6,0.9333333333333333,10,3,3,4,5,3,4,2,5,3,4
1.88,1.9,0.5444444444444443,10,3,2,2,2,3,1,1,2,1,2
1.43,1.3,0.23333333333333334,10,2,1,1,2,1,1,1,1,2,1
4.23,4.1,0.5444444444444444,10,4,5,4,5,3,3,5,4,4,4
2.12,2.0,0.6666666666666666,10,3,1,1,2,1,2,2,3,3,2
1.14,1.0,0.0,10,1,1,1,1,1,1,1,1,1,1
2.26,2.1,0.5444444444444444,10,2,3,3,1,2,1,2,3,2,2
4.91,4.9,0.09999999999999999,10,5,5,5,5,5,5,4,5,5,5
4.86,4.9,0.09999999999999998,10,5,5,5,4,5,5,5,5,5,5
2.68,2.7,0.4555555555555555,10,3,3,2,2,3,3,2,2,3,4
3.95,3.6,0.9333333333333333,10,3,3,4,4,4,5,3,2,3,5
2.83,2.8,1.7333333333333334,10,1,3,4,3,5,1,3,2,4,2
4.96,5.0,0.0,10,5,5,5,5,5,5,5,5,5,5
1.4,1.6,0.7111111111111112,10,2,1,1,3,2,1,1,1,3,1
1.19,1.1,0.09999999999999999,10,1,1,1,1,2,1,1,1,1,1
3.09,3.8,0.39999999999999997,10,5,4,4,4,4,3,3,4,3,4
3.15,3.1,1.6555555555555557,10,2,1,5,5,3,3,2,3,4,3
2.5,2.2,0.8444444444444444,10,3,3,1,2,2,2,4,1,2,2
2.95,3.4,0.2666666666666667,10,3,3,3,4,3,3,4,4,3,4
1.55,1.5,0.5,10,2,2,3,1,2,1,1,1,1,1
2.54,2.4,1.1555555555555557,10,3,2,4,1,3,4,2,1,2,2
3.39,3.4,1.3777777777777778,10,4,2,3,4,3,4,4,5,1,4
2.84,3.0,0.6666666666666666,10,4,3,4,2,3,3,3,2,2,4
1.6,1.2,0.1777777777777778,10,1,1,1,2,1,1,1,2,1,1
1.59,1.4,0.2666666666666667,10,1,1,1,2,2,2,2,1,1,1
4.75,4.9,0.09999999999999998,10,5,5,4,5,5,5,5,5,5,5
2.72,2.7,0.8999999999999999,10,2,4,2,3,3,4,2,3,1,3
1.21,1.2,0.1777777777777778,10,1,1,1,1,1,2,1,1,2,1
1.77,2.2,1.0666666666666667,10,3,1,3,1,4,2,3,2,1,2
3.62,3.9,0.7666666666666665,10,4,3,2,4,5,4,4,4,4,5
1.96,1.6,0.9333333333333331,10,1,1,1,1,1,3,1,3,3,1
3.62,3.9,1.2111111111111112,10,5,5,3,2,4,5,5,4,3,3
2.95,2.9,1.2111111111111112,10,4,2,2,5,2,3,2,4,3,2
1.12,1.1,0.09999999999999999,10,2,1,1,1,1,1,1,1,1,1
3.84,3.6,0.9333333333333336,10,2,3,3,4,3,5,3,4,5,4
4.64,4.8,0.17777777777777773,10,5,5,5,4,4,5,5,5,5,5
4.69,4.7,0.23333333333333334,10,5,4,4,4,5,5,5,5,5,5
2.44,2.6,0.9333333333333333,10,2,3,1,3,4,3,2,2,4,2
1.55,1.6,1.1555555555555554,10,1,4,1,1,2,3,1,1,1,1
3.1,3.3,0.8999999999999999,10,5,4,3,2,4,3,3,4,2,3
1.27,1.2,0.17777777777777784,10,1,2,1,1,2,1,1,1,1,1
4.470000000000001,4.7,0.23333333333333334,10,5,4,5,4,5,4,5,5,5,5
2.15,1.8,0.6222222222222222,10,2,2,1,1,2,3,1,1,3,2
3.89,3.9,1.655555555555556,10,4,5,4,1,5,5,4,3,5,3
2.12,2.2,1.0666666666666669,10,1,1,1,4,2,3,3,2,2,3
2.83,2.9,0.7666666666666667,10,2,4,2,2,3,3,3,2,4,4
2.48,2.5,0.9444444444444444,10,3,1,2,2,2,4,3,2,4,2
2.6,2.7,1.5666666666666667,10,3,3,2,5,3,1,1,2,3,4
2.8600000000000003,2.3,0.8999999999999999,10,2,2,3,3,3,2,1,2,4,1
1.41,1.5,0.5,10,1,2,3,1,2,1,2,1,1,1
3.4,4.0,0.4444444444444444,10,5,3,4,4,4,4,4,3,5,4
3.17,2.9,1.877777777777778,10,1,2,3,1,4,2,3,4,4,5
1.8,1.7,0.8999999999999999,10,2,1,1,1,2,4,2,2,1,1
3.73,4.2,0.6222222222222222,10,4,5,4,3,5,5,4,4,5,3
2.98,3.2,2.6222222222222222,10,5,5,1,1,4,2,4,5,2,3
4.29,4.1,0.5444444444444444,10,5,4,3,4,4,4,3,5,5,4
4.8100000000000005,4.7,0.23333333333333334,10,5,5,4,4,5,5,4,5,5,5
1.44,1.6,0.2666666666666667,10,2,2,1,1,1,2,1,2,2,2
3.29,3.4,0.7111111111111114,10,5,3,3,3,2,4,3,4,4,3
4.21,4.1,0.5444444444444444,10,5,4,4,4,3,5,3,4,5,4
1.34,1.5,0.2777777777777778,10,1,2,2,1,2,1,1,2,2,1
1.48,1.7,0.6777777777777778,10,2,1,1,1,1,3,2,1,2,3
3.35,3.6,1.1555555555555557,10,5,4,2,5,4,3,4,4,2,3
2.35,2.0,0.4444444444444444,10,3,2,2,2,2,2,1,1,2,3
1.67,1.8,0.6222222222222222,10,1,3,1,2,2,1,3,2,1,2
3.96,3.7,0.8999999999999999,10,4,4,4,3,2,3,3,5,5,4
3.88,3.8,1.0666666666666669,10,5,3,4,2,4,3,4,5,3,5
2.7,3.0,0.8888888888888888,10,4,4,4,3,3,1,3,3,2,3
3.63,3.8,0.6222222222222222,10,5,3,4,3,4,5,3,4,4,3
4.43,4.3,0.4555555555555555,10,5,3,5,4,4,4,5,4,5,4
2.44,3.2,1.0666666666666667,10,2,4,3,5,4,3,2,2,4,3
2.81,3.2,0.8444444444444444,10,3,2,4,3,4,3,2,3,3,5
1.7,2.1,0.5444444444444446,10,2,1,3,2,2,3,2,3,2,1
2.56,2.8,0.8444444444444444,10,2,2,3,3,4,2,2,4,2,4
4.66,4.7,0.23333333333333334,10,4,4,5,5,5,5,5,5,4,5
1.27,1.1,0.09999999999999999,10,1,1,1,1,2,1,1,1,1,1
2.47,2.0,1.1111111111111112,10,1,1,2,1,4,2,3,2,3,1
3.59,3.6,0.7111111111111114,10,2,4,3,3,4,4,4,5,4,3
3.53,3.2,0.8444444444444444,10,3,2,3,2,5,3,4,3,4,3
3.49,3.5,0.9444444444444444,10,2,5,3,4,3,5,3,4,3,3
3.96,3.4,1.1555555555555557,10,2,5,4,4,4,2,4,4,3,2
3.57,3.6,1.1555555555555554,10,4,5,3,3,2,3,5,3,3,5
2.52,2.7,1.1222222222222222,10,3,3,1,2,3,1,3,3,4,4
3.94,4.4,0.4888888888888888,10,5,5,4,3,4,4,4,5,5,5
1.56,1.6,0.2666666666666667,10,2,1,2,2,1,1,2,2,2,1
4.7700000000000005,5.0,0.0,10,5,5,5,5,5,5,5,5,5,5
4.16,4.0,0.8888888888888888,10,3,3,4,5,3,5,5,3,5,4
2.69,2.6,1.3777777777777778,10,3,3,1,3,1,4,3,1,4,3
1.55,1.6,0.7111111111111111,10,1,2,1,1,1,1,3,1,2,3
4.96,5.0,0.0,10,5,5,5,5,5,5,5,5,5,5
4.14,4.1,0.3222222222222222,10,3,4,4,4,5,4,4,4,4,5
4.71,5.0,0.0,10,5,5,5,5,5,5,5,5,5,5
3.62,3.4,0.9333333333333333,10,3,3,5,4,3,2,5,3,3,3
2.93,2.6,1.377777777777778,10,1,4,4,1,3,3,1,3,3,3
4.24,3.9,0.7666666666666666,10,3,4,3,3,4,5,5,3,5,4
3.93,3.7,1.3444444444444443,10,4,5,4,4,3,5,2,2,5,3
2.33,2.4,0.9333333333333333,10,2,2,3,1,3,2,3,4,3,1
1.83,1.5,0.5,10,1,1,1,1,2,2,1,1,3,2
4.09,4.0,0.6666666666666666,10,4,5,2,4,4,4,5,4,4,4
1.95,2.3,0.8999999999999999,10,3,2,2,1,1,4,3,2,3,2
1.34,1.1,0.09999999999999999,10,1,1,2,1,1,1,1,1,1,1
1.17,1.1,0.1,10,1,1,1,1,1,1,1,1,1,2
4.07,3.9,0.9888888888888887,10,5,2,3,4,4,4,3,5,5,4
2.32,2.5,0.5,10,3,3,1,3,2,3,2,3,3,2
4.35,4.6,0.4888888888888887,10,3,5,4,5,5,4,5,5,5,5
4.16,4.4,0.4888888888888888,10,5,5,4,4,3,5,4,5,5,4
2.96,2.8,0.39999999999999997,10,2,2,3,3,3,4,2,3,3,3
4.71,4.8,0.17777777777777773,10,5,5,5,4,5,5,5,5,5,4
3.05,3.1,0.5444444444444444,10,3,4,3,3,3,3,2,2,4,4
1.22,1.2,0.17777777777777778,10,1,1,1,1,1,1,1,1,2,2
3.77,3.1,1.6555555555555557,10,5,2,4,2,4,2,3,2,5,2
1.76,2.0,1.3333333333333333,10,3,3,1,1,1,2,3,1,4,1
1.92,2.2,0.8444444444444444,10,3,2,2,3,2,4,1,1,2,2
4.57,4.8,0.17777777777777773,10,5,4,5,5,5,5,5,5,4,5
4.87,4.8,0.17777777777777776,10,5,5,5,5,5,5,5,4,5,4
1.58,1.5,0.5,10,1,1,1,1,2,1,3,2,2,1
3.01,3.9,0.5444444444444443,10,5,4,4,2,4,4,4,4,4,4
4.76,4.9,0.09999999999999996,10,5,4,5,5,5,5,5,5,5,5
1.42,1.7,0.4555555555555555,10,1,2,2,1,1,2,2,1,3,2
1.67,1.8,0.6222222222222222,10,2,2,1,1,1,2,3,3,1,2
2.08,2.1,0.5444444444444446,10,3,3,1,2,2,2,2,2,3,1
1.27,1.2,0.17777777777777778,10,1,1,1,1,1,1,1,1,2,2
1.38,1.4,0.2666666666666667,10,1,1,2,1,1,1,1,2,2,2
1.2,1.4,0.2666666666666667,10,2,1,1,2,2,1,1,2,1,1
4.220000000000001,3.8,0.6222222222222222,10,4,3,3,4,3,5,5,3,4,4
4.5600000000000005,4.3,0.23333333333333334,10,5,4,4,4,5,4,4,5,4,4
1.6,1.6,0.48888888888888904,10,1,2,2,3,1,1,2,1,1,2
3.7,3.4,0.48888888888888893,10,3,4,4,4,3,4,3,2,4,3
1.35,1.1,0.09999999999999999,10,1,1,1,1,1,1,2,1,1,1
2.65,3.0,0.4444444444444444,10,3,3,3,3,4,3,2,4,3,2
1.19,1.5,0.2777777777777778,10,2,2,2,1,1,2,2,1,1,1
3.33,3.2,1.0666666666666669,10,2,3,3,4,4,3,4,1,4,4
2.31,2.3,0.8999999999999999,10,1,2,3,3,2,1,2,4,3,2
3.27,2.6,1.155555555555556,10,3,4,4,3,1,2,2,3,3,1
2.66,2.4,1.3777777777777775,10,1,3,2,2,1,4,1,3,3,4
1.92,1.7,0.45555555555555544,10,3,1,1,2,1,1,2,2,2,2
3.06,2.8,0.6222222222222222,10,2,2,2,3,3,3,4,2,3,4
1.67,1.8,0.4000000000000001,10,1,2,1,2,2,1,3,2,2,2
4.970000000000001,4.9,0.09999999999999996,10,5,4,5,5,5,5,5,5,5,5
1.44,1.7,0.4555555555555555,10,2,2,1,1,3,2,1,1,2,2
1.78,1.6,0.48888888888888904,10,1,2,1,3,1,2,1,2,1,2
4.57,4.7,0.23333333333333334,10,5,5,4,4,5,5,5,5,5,4
2.85,2.8,1.0666666666666669,10,3,1,2,2,2,4,4,3,3,4
2.51,2.7,2.011111111111111,10,2,1,4,1,4,4,4,1,2,4
2.64,2.5,0.5,10,3,3,3,3,2,1,3,2,3,2
2.65,2.4,0.9333333333333333,10,3,3,1,4,3,1,2,2,3,2
4.86,4.7,0.4555555555555555,10,5,5,4,5,5,5,5,3,5,5
2.27,2.0,1.1111111111111112,10,1,3,1,1,2,1,2,2,3,4
4.85,4.6,0.48888888888888893,10,5,5,4,5,4,5,5,5,5,3
2.87,2.7,1.1222222222222222,10,1,3,3,4,1,3,3,3,4,2
3.12,2.6,0.9333333333333333,10,2,2,2,2,3,3,2,2,3,5
1.16,1.2,0.1777777777777778,10,1,1,1,1,1,2,1,2,1,1
3.73,3.9,0.32222222222222235,10,5,4,4,3,4,4,4,4,4,3
2.77,2.6,1.3777777777777778,10,3,5,1,1,3,3,2,3,3,2
1.91,1.7,0.6777777777777778,10,3,1,3,1,1,1,1,2,2,2
3.94,3.6,1.3777777777777775,10,5,2,4,3,4,3,2,5,5,3
1.57,1.5,0.2777777777777778,10,1,2,2,2,1,2,1,1,2,1
4.21,3.9,0.9888888888888889,10,5,4,5,5,3,2,4,4,3,4
2.09,1.9,0.3222222222222223,10,2,1,1,2,3,2,2,2,2,2
3.91,3.9,0.9888888888888889,10,3,5,4,5,3,3,3,5,5,3
1.4,1.3,0.23333333333333334,10,1,1,1,2,1,2,1,1,2,1
2.49,2.4,1.1555555555555557,10,3,4,2,4,2,1,3,2,2,1
3.99,4.1,0.5444444444444444,10,4,3,3,5,4,4,4,5,5,4
2.43,2.9,0.5444444444444444,10,3,4,3,3,3,3,3,1,3,3
3.39,3.6,1.1555555555555554,10,3,3,5,3,5,2,4,3,5,3
1.4,1.6,0.2666666666666667,10,2,2,2,2,1,1,2,2,1,1
1.43,1.4,0.2666666666666667,10,1,1,1,2,1,2,1,2,2,1
1.97,1.9,0.5444444444444444,10,2,1,2,2,3,2,2,3,1,1
2.63,2.8,0.8444444444444444,10,4,2,2,4,2,3,2,3,4,2
1.14,1.0,0.0,10,1,1,1,1,1,1,1,1,1,1
2.72,2.6,1.3777777777777778,10,2,3,1,3,3,3,3,5,2,1
1.36,1.3,0.23333333333333334,10,1,1,2,1,1,2,1,1,1,2
2.13,2.4,1.155555555555556,10,2,1,3,2,2,1,3,2,4,4
1.15,1.2,0.17777777777777784,10,2,2,1,1,1,1,1,1,1,1
2.8600000000000003,3.1,1.2111111111111112,10,4,3,3,1,3,5,2,3,3,4
1.88,2.1,0.5444444444444444,10,2,2,2,1,1,2,2,3,3,3
1.98,2.2,1.7333333333333336,10,1,1,3,5,1,2,3,1,3,2
1.36,1.8,0.6222222222222223,10,3,3,2,2,1,1,1,2,2,1
1.25,1.0,0.0,10,1,1,1,1,1,1,1,1,1,1
3.95,3.4,0.7111111111111112,10,4,4,2,4,2,3,4,4,4,3
3.92,4.1,0.7666666666666666,10,4,4,4,5,5,3,3,5,3,5
3.8,3.8,0.6222222222222222,10,4,4,4,4,4,4,4,3,5,2
2.35,2.5,1.1666666666666667,10,3,2,3,2,2,2,1,5,3,2
2.22,2.5,0.9444444444444444,10,3,1,3,1,3,2,4,2,3,3
3.23,2.8,0.39999999999999997,10,3,2,4,2,3,3,2,3,3,3
2.1,2.2,0.8444444444444444,10,3,3,1,2,1,2,3,3,1,3
3.08,3.0,0.4444444444444444,10,3,3,2,3,3,3,4,3,2,4
1.54,1.3,0.23333333333333334,10,1,1,2,1,1,1,1,1,2,2
3.33,3.5,0.9444444444444444,10,4,3,3,5,2,4,4,4,4,2
2.44,1.9,1.211111111111111,10,3,1,2,2,1,1,1,1,3,4
1.3,1.6,0.2666666666666667,10,1,2,2,2,1,1,2,1,2,2
3.39,3.4,0.7111111111111112,10,2,3,3,3,5,3,3,4,4,4
2.4,2.3,1.3444444444444443,10,2,3,2,2,3,2,1,5,1,2
4.94,4.8,0.17777777777777773,10,4,4,5,5,5,5,5,5,5,5
4.44,4.1,0.9888888888888887,10,5,4,3,4,4,5,5,2,4,5
4.73,4.9,0.09999999999999998,10,5,5,5,5,5,4,5,5,5,5
3.52,3.3,0.4555555555555555,10,3,2,4,3,3,4,3,3,4,4
4.8,4.7,0.23333333333333334,10,4,5,4,5,5,4,5,5,5,5
4.0600000000000005,4.2,0.39999999999999997,10,3,4,4,4,4,4,5,5,5,4
2.65,2.6,0.7111111111111112,10,3,2,2,3,4,3,3,1,3,2
2.58,3.0,1.1111111111111112,10,4,4,3,2,3,4,2,4,3,1
3.03,3.3,0.8999999999999999,10,2,4,3,2,3,5,3,4,3,4
4.34,4.2,0.8444444444444444,10,2,4,5,5,5,5,4,4,4,4
3.87,4.0,0.8888888888888888,10,4,5,5,3,5,5,4,3,3,3
2.01,2.2,0.6222222222222222,10,3,3,3,3,2,2,2,2,1,1
4.48,4.6,0.4888888888888888,10,5,5,3,5,5,5,5,4,5,4
1.5,1.8,0.6222222222222222,10,1,2,1,1,1,3,3,2,2,2
3.62,3.6,1.5999999999999999,10,4,5,2,2,4,5,3,5,4,2
3.15,2.9,0.32222222222222224,10,2,3,3,3,4,3,3,3,3,2
4.529999999999999,4.5,0.5,10,4,4,4,5,5,5,5,5,5,3
4.34,4.4,0.26666666666666666,10,4,5,4,5,5,4,4,5,4,4
1.32,1.3,0.23333333333333334,10,1,2,1,1,1,2,1,1,1,2
3.46,3.4,1.1555555555555557,10,3,5,4,4,2,5,3,3,3,2
2.42,2.3,0.6777777777777777,10,2,3,4,3,2,2,1,2,2,2
3.66,3.7,0.8999999999999999,10,3,4,3,2,4,5,4,5,3,4
2.87,2.8,0.6222222222222222,10,4,3,2,4,2,2,3,2,3,3
4.93,4.9,0.09999999999999998,10,5,5,5,5,5,4,5,5,5,5
4.2700000000000005,4.1,0.5444444444444444,10,3,5,5,4,4,5,4,3,4,4
1.52,1.3,0.23333333333333334,10,2,1,2,2,1,1,1,1,1,1
3.43,3.9,0.32222222222222224,10,5,4,4,4,4,3,4,4,4,3
4.94,5.0,0.0,10,5,5,5,5,5,5,5,5,5,5
2.79,3.2,0.8444444444444444,10,3,4,2,2,4,3,4,4,2,4
1.16,1.2,0.1777777777777778,10,1,1,1,1,2,2,1,1,1,1
2.75,2.7,1.3444444444444443,10,4,2,2,5,1,3,3,3,2,2
1.34,1.3,0.4555555555555555,10,1,1,1,2,1,1,1,3,1,1
1.23,1.4,0.2666666666666667,10,2,2,1,2,2,1,1,1,1,1
3.34,3.3,1.1222222222222222,10,5,3,3,3,4,4,4,3,3,1
3.99,3.5,0.5,10,4,3,5,4,3,3,3,4,3,3
1.88,2.0,0.4444444444444444,10,1,2,2,3,2,1,2,3,2,2
2.18,1.4,0.2666666666666667,10,1,1,2,2,1,1,1,1,2,2
1.31,1.2,0.4,10,1,1,1,1,1,1,1,1,3,1
4.4,4.1,0.5444444444444444,10,4,4,3,5,5,4,4,3,5,4
2.48,3.1,1.211111111111111,10,3,2,3,3,2,2,5,3,3,5
4.32,4.5,0.2777777777777778,10,5,5,5,4,4,4,5,5,4,4
4.5,4.4,0.26666666666666666,10,4,5,4,4,5,4,4,5,4,5
1.55,1.9,0.32222222222222235,10,3,2,1,2,2,1,2,2,2,2
2.29,2.8,0.6222222222222222,10,3,3,2,2,4,3,2,3,2,4
1.2,1.2,0.4000000000000001,10,1,3,1,1,1,1,1,1,1,1
1.93,2.5,0.9444444444444444,10,3,2,2,4,2,3,1,2,2,4
1.11,1.2,0.17777777777777778,10,1,1,1,1,1,1,2,2,1,1
3.0,3.2,0.6222222222222222,10,4,3,2,2,4,3,4,4,3,3
4.83,4.9,0.09999999999999998,10,5,5,5,5,5,4,5,5,5,5
2.2,2.3,1.788888888888889,10,3,4,1,2,1,1,2,2,2,5
2.17,2.4,1.1555555555555554,10,3,2,3,3,1,3,4,1,1,3
2.26,2.3,0.23333333333333334,10,3,2,3,2,3,2,2,2,2,2
4.94,5.0,0.0,10,5,5,5,5,5,5,5,5,5,5
2.1,2.4,0.7111111111111112,10,2,1,2,3,3,2,4,3,2,2
3.19,3.2,0.6222222222222222,10,3,4,2,3,4,4,4,3,2,3
4.91,4.9,0.09999999999999996,10,4,5,5,5,5,5,5,5,5,5
2.3,2.2,0.6222222222222222,10,4,2,1,2,2,2,2,3,2,2
1.7,1.5,0.7222222222222222,10,2,1,1,1,1,1,1,1,3,3
3.56,3.6,0.9333333333333333,10,3,3,3,4,4,5,3,2,4,5
4.35,4.7,0.23333333333333334,10,5,5,5,5,5,5,4,5,4,4
4.79,4.6,0.26666666666666666,10,4,5,5,5,4,4,4,5,5,5
2.37,2.3,0.6777777777777777,10,2,3,2,2,3,4,2,1,2,2
3.2,3.1,1.6555555555555554,10,4,5,3,4,1,1,3,3,4,3
1.71,2.0,0.4444444444444444,10,2,1,3,2,1,2,2,3,2,2
4.39,4.3,0.8999999999999999,10,5,2,5,5,4,5,4,4,5,4
1.23,1.4,0.7111111111111114,10,3,1,1,1,1,3,1,1,1,1
1.59,1.5,0.2777777777777778,10,1,2,2,1,2,1,2,2,1,1
1.05,1.0,0.0,10,1,1,1,1,1,1,1,1,1,1
3.08,3.4,1.3777777777777775,10,3,4,4,4,1,5,2,4,3,4
2.22,2.9,0.7666666666666669,10,2,3,4,3,4,3,3,3,3,1
4.87,5.0,0.0,10,5,5,5,5,5,5,5,5,5,5
2.58,2.6,1.377777777777778,10,1,3,3,3,1,4,3,4,3,1
3.54,3.6,0.7111111111111112,10,4,4,4,3,2,4,3,4,3,5
1.52,1.3,0.4555555555555555,10,1,1,1,2,1,3,1,1,1,1
3.84,4.0,0.6666666666666666,10,3,5,4,4,4,4,3,5,3,5
2.35,2.1,1.2111111111111112,10,1,4,2,2,1,4,2,2,1,2
1.69,1.5,0.2777777777777778,10,2,1,2,2,1,1,2,1,1,2
2.57,2.2,0.17777777777777773,10,2,2,2,2,3,2,2,2,3,2
1.24,1.2,0.1777777777777778,10,1,1,1,1,2,1,1,2,1,1
3.12,2.8,1.2888888888888888,10,2,2,4,3,1,3,3,2,3,5
4.92,4.9,0.09999999999999996,10,4,5,5,5,5,5,5,5,5,5
1.73,1.3,0.23333333333333334,10,1,1,2,1,1,2,1,2,1,1
4.65,4.6,0.4888888888888888,10,5,5,5,5,4,5,3,4,5,5
4.04,4.1,0.5444444444444444,10,4,4,5,4,5,3,4,3,5,4
3.39,3.3,1.3444444444444443,10,3,3,3,5,4,4,1,4,4,2
3.22,3.8,0.39999999999999997,10,3,3,4,4,4,4,5,3,4,4
4.43,4.8,0.17777777777777773,10,5,5,5,5,4,5,4,5,5,5
3.19,2.7,1.5666666666666667,10,2,4,3,2,2,4,1,4,4,1
1.04,1.0,0.0,10,1,1,1,1,1,1,1,1,1,1
4.779999999999999,4.6,0.26666666666666666,10,5,4,5,5,4,4,4,5,5,5
4.89,4.7,0.23333333333333334,10,5,5,5,4,5,5,5,5,4,4
2.39,2.2,0.8444444444444444,10,2,2,1,4,3,2,2,1,3,2
3.54,3.0,0.6666666666666666,10,4,2,2,4,3,2,3,4,3,3
1.29,1.3,0.23333333333333334,10,2,2,2,1,1,1,1,1,1,1
3.23,3.2,0.6222222222222222,10,3,2,3,4,3,4,4,4,2,3
2.59,2.7,0.6777777777777778,10,2,2,3,2,2,4,3,2,4,3
1.94,2.7,1.3444444444444443,10,4,3,3,4,4,2,3,1,2,1
3.72,3.4,1.155555555555556,10,3,3,2,5,2,3,4,4,5,3
3.86,3.3,0.4555555555555555,10,4,2,3,3,4,4,3,3,3,4
1.59,1.5,0.5,10,1,1,1,2,2,1,1,1,3,2
2.44,2.4,0.48888888888888893,10,2,3,2,3,3,2,2,3,1,3
1.46,1.7,0.4555555555555555,10,2,1,2,3,1,2,2,2,1,1
2.95,3.0,1.5555555555555556,10,3,4,3,2,5,2,2,4,1,4
4.75,4.8,0.17777777777777773,10,5,4,5,5,5,4,5,5,5,5
1.27,1.5,0.5,10,1,2,3,2,1,1,1,2,1,1
4.84,4.8,0.17777777777777773,10,5,5,4,5,5,4,5,5,5,5
3.8,3.6,0.9333333333333336,10,4,4,4,4,3,2,5,2,4,4
4.42,4.5,0.5,10,4,5,3,4,5,4,5,5,5,5
3.56,3.5,1.6111111111111112,10,4,5,3,5,3,3,1,3,3,5
1.44,1.2,0.17777777777777784,10,2,1,2,1,1,1,1,1,1,1
1.44,2.0,1.1111111111111112,10,1,2,3,1,3,4,2,2,1,1
3.63,3.9,0.9888888888888887,10,5,4,4,3,5,2,4,3,5,4
2.96,3.2,0.8444444444444444,10,3,4,3,4,4,1,3,3,3,4
4.73,4.8,0.17777777777777773,10,5,5,5,5,4,5,5,5,4,5
4.6,4.9,0.09999999999999999,10,5,5,5,5,5,5,5,5,5,4
2.35,2.0,0.6666666666666666,10,3,2,1,3,2,2,1,3,2,1
4.1,4.1,0.7666666666666666,10,5,4,4,4,5,4,4,2,5,4
2.02,1.7,0.4555555555555556,10,1,1,2,2,2,2,1,2,3,1
3.95,4.0,0.6666666666666666,10,4,4,2,4,5,4,4,4,5,4
3.05,3.6,1.155555555555556,10,4,2,4,4,5,5,3,3,4,2
4.18,3.8,1.066666666666667,10,3,5,5,4,5,2,4,3,3,4
1.97,1.8,0.6222222222222222,10,1,3,2,1,1,3,2,1,2,2
4.970000000000001,5.0,0.0,10,5,5,5,5,5,5,5,5,5,5
2.25,2.3,1.1222222222222222,10,1,3,2,1,2,3,4,1,3,3
1.68,1.4,0.2666666666666667,10,1,1,2,1,2,1,1,1,2,2
4.57,4.6,0.26666666666666666,10,5,4,5,5,4,4,5,4,5,5
4.73,4.6,0.26666666666666666,10,5,5,4,5,4,4,5,4,5,5
3.68,3.8,0.8444444444444444,10,5,4,4,4,4,2,4,3,5,3
4.17,4.3,0.6777777777777777,10,3,5,4,3,5,5,5,4,4,5
2.36,2.2,0.39999999999999997,10,3,3,3,2,2,2,1,2,2,2
4.99,4.9,0.09999999999999998,10,5,5,5,5,4,5,5,5,5,5
3.01,2.7,0.8999999999999999,10,2,5,2,3,2,3,2,2,3,3
2.18,2.1,0.9888888888888889,10,3,1,1,2,2,3,2,1,2,4
2.2,1.7,0.8999999999999999,10,1,1,2,1,2,2,2,1,4,1
2.91,3.0,0.6666666666666666,10,2,4,4,3,2,2,3,3,3,4
3.03,3.4,0.9333333333333333,10,3,5,2,2,4,4,3,4,3,4
2.98,2.6,0.9333333333333333,10,3,2,2,5,2,3,2,2,3,2
1.39,1.6,0.7111111111111112,10,3,1,1,1,1,1,1,3,2,2
4.62,4.6,0.2666666666666667,10,5,5,4,4,5,5,4,5,5,4
2.68,2.9,0.9888888888888887,10,2,2,4,4,3,3,3,3,4,1
2.58,2.5,0.7222222222222222,10,3,4,3,2,3,2,2,3,1,2
3.57,3.6,1.1555555555555557,10,4,5,3,2,4,2,4,3,5,4
2.15,2.4,0.2666666666666667,10,2,2,3,2,2,2,2,3,3,3
1.08,1.2,0.17777777777777778,10,1,1,1,1,1,1,1,1,2,2
2.16,1.5,0.5,10,3,2,1,1,1,1,2,1,1,2
4.08,3.7,1.1222222222222222,10,4,5,2,5,4,2,4,4,3,4
3.96,3.9,0.9888888888888889,10,3,4,3,5,4,5,4,5,4,2
2.47,2.3,1.3444444444444443,10,1,2,3,2,2,1,4,3,1,4
4.61,4.7,0.23333333333333334,10,5,4,5,5,4,5,5,5,4,5
4.55,4.4,0.26666666666666666,10,4,5,5,4,5,4,5,4,4,4
3.39,3.4,1.3777777777777775,10,4,5,2,5,2,4,3,3,4,2
2.8600000000000003,2.9,0.7666666666666666,10,3,4,3,2,4,3,4,2,2,2
2.89,3.0,1.1111111111111112,10,3,4,2,2,3,2,3,5,4,2
2.83,2.9,1.4333333333333333,10,2,4,5,3,3,3,2,1,4,2
2.81,3.1,1.4333333333333336,10,4,5,3,1,2,3,4,4,2,3
4.65,4.7,0.4555555555555555,10,5,4,3,5,5,5,5,5,5,5
3.01,3.5,0.7222222222222222,10,3,4,4,3,2,3,3,4,4,5
3.64,3.4,0.48888888888888893,10,4,3,4,4,3,3,4,4,3,2
4.15,4.1,0.9888888888888887,10,4,5,4,4,5,4,5,3,5,2
3.46,3.1,0.9888888888888889,10,2,3,3,4,3,4,2,5,2,3
1.38,1.1,0.09999999999999999,10,1,2,1,1,1,1,1,1,1,1
1.4,1.3,0.4555555555555555,10,1,1,2,1,1,1,1,1,3,1
2.85,2.9,0.9888888888888887,10,2,3,4,2,2,2,4,4,2,4
1.1,1.4,0.2666666666666667,10,2,1,2,2,1,2,1,1,1,1
1.9,2.0,1.7777777777777777,10,1,1,3,1,1,4,4,1,3,1
3.65,3.6,0.7111111111111112,10,4,5,4,4,4,3,4,3,2,3
2.36,2.2,0.6222222222222222,10,2,3,2,2,1,2,3,3,3,1
4.08,4.0,0.4444444444444444,10,5,4,4,3,4,5,4,4,3,4
1.5,1.5,0.5,10,1,1,1,2,1,1,1,2,3,2
3.3600000000000003,3.4,0.9333333333333333,10,4,2,4,4,4,2,4,4,2,4
2.46,2.4,1.822222222222222,10,1,4,1,4,3,1,2,3,4,1
1.67,1.7,0.4555555555555556,10,1,2,2,2,1,1,2,3,1,2
3.17,3.8,0.8444444444444444,10,3,4,4,4,4,3,2,5,5,4
4.3100000000000005,4.2,0.39999999999999997,10,5,4,4,4,5,3,4,4,4,5
2.88,2.5,0.9444444444444444,10,2,2,2,4,1,4,2,3,2,3
3.52,3.4,0.9333333333333333,10,5,2,4,3,2,4,4,3,3,4
4.43,4.5,0.5,10,5,5,5,4,4,5,4,5,5,3
3.58,3.5,0.9444444444444444,10,4,4,4,4,3,2,3,5,4,2
4.76,4.7,0.4555555555555555,10,5,5,5,5,5,5,5,4,5,3
1.01,1.0,0.0,10,1,1,1,1,1,1,1,1,1,1
2.63,3.0,1.7777777777777777,10,4,3,3,2,2,5,3,5,2,1
2.78,3.0,0.8888888888888888,10,3,3,3,3,4,1,2,4,4,3
1.55,1.3,0.45555555555555544,10,1,1,2,1,3,1,1,1,1,1
2.38,2.1,0.3222222222222222,10,3,2,2,2,2,2,2,2,3,1
1.52,1.6,0.2666666666666667,10,2,1,2,2,2,2,2,1,1,1
4.05,3.7,0.8999999999999999,10,4,4,3,4,5,3,4,3,2,5
1.34,1.2,0.17777777777777778,10,1,1,1,1,1,1,1,2,1,2
3.78,3.5,1.1666666666666667,10,4,5,2,3,2,4,3,3,4,5
4.46,4.5,0.5,10,4,5,5,5,5,5,5,4,3,4
4.64,4.6,0.4888888888888888,10,5,5,5,5,3,4,5,5,4,5
1.73,2.1,0.5444444444444445,10,3,2,3,2,1,2,2,2,1,3
1.45,1.5,0.5,10,3,1,2,1,1,2,1,2,1,1
1.83,2.1,0.5444444444444445,10,2,1,3,3,2,2,2,3,1,2
1.62,2.1,0.9888888888888892,10,1,2,2,2,3,2,1,4,1,3
2.28,2.5,0.7222222222222222,10,3,3,2,3,3,3,1,3,1,3
1.35,1.1,0.09999999999999999,10,2,1,1,1,1,1,1,1,1,1
3.07,3.2,0.6222222222222222,10,3,4,2,4,3,4,3,2,4,3
4.88,4.7,0.23333333333333334,10,5,5,5,5,4,4,5,5,4,5
4.29,4.5,0.2777777777777778,10,5,4,5,4,5,4,4,5,4,5
4.04,3.9,0.7666666666666666,10,5,5,3,4,3,4,3,4,3,5
3.49,3.6,1.6,10,3,4,5,2,4,1,4,5,4,4
3.94,3.8,0.39999999999999997,10,3,4,4,3,4,3,5,4,4,4
4.43,4.3,0.4555555555555555,10,4,5,5,5,4,4,3,5,4,4
1.94,2.0,0.6666666666666666,10,2,3,3,2,1,2,1,2,1,3
3.6,3.4,1.1555555555555557,10,4,4,3,3,3,2,3,5,5,2
2.53,2.8,1.0666666666666667,10,3,3,2,3,3,3,5,2,1,3
4.62,4.4,0.9333333333333333,10,5,5,5,3,5,5,5,3,3,5
2.63,2.9,0.5444444444444445,10,3,2,3,3,2,2,4,3,4,3
1.99,2.6,1.6,10,4,2,3,4,1,1,1,3,4,3
2.58,1.8,1.0666666666666667,10,1,2,1,1,1,4,3,2,2,1
2.87,3.1,0.7666666666666666,10,3,5,3,2,3,3,3,2,3,4
3.27,3.5,0.9444444444444444,10,3,3,2,4,5,4,3,3,5,3
1.86,1.8,0.4000000000000001,10,1,2,1,2,2,1,2,3,2,2
1.74,1.8,0.8444444444444446,10,1,3,3,1,2,1,1,1,2,3
4.46,4.7,0.23333333333333334,10,5,4,4,5,5,5,5,4,5,5
3.23,3.4,1.8222222222222224,10,5,3,5,5,4,2,3,3,1,3
1.93,1.9,0.7666666666666665,10,1,3,2,3,1,2,1,3,2,1
1.43,1.4,0.2666666666666667,10,1,1,1,2,1,1,1,2,2,2
1.14,1.3,0.23333333333333334,10,1,2,1,1,1,1,2,1,2,1
1.76,1.8,0.4000000000000001,10,1,2,2,1,3,2,2,2,1,2
4.1,3.9,1.2111111111111112,10,4,3,5,4,5,3,5,2,3,5
2.82,2.3,1.1222222222222222,10,3,1,2,2,4,3,1,1,3,3
3.13,3.4,1.1555555555555557,10,2,3,3,4,4,5,3,3,5,2
4.92,5.0,0.0,10,5,5,5,5,5,5,5,5,5,5
2.18,1.8,0.6222222222222223,10,3,3,2,2,1,2,2,1,1,1
2.14,2.0,0.4444444444444444,10,2,2,2,2,1,3,2,1,2,3
3.94,3.9,0.7666666666666666,10,5,4,4,4,4,5,4,2,4,3
3.06,2.8,1.7333333333333334,10,4,3,1,1,4,1,3,4,4,3
1.86,1.7,0.6777777777777777,10,1,3,1,1,2,3,1,2,1,2
3.02,3.0,1.1111111111111112,10,4,4,2,4,1,4,3,3,2,3
1.24,1.2,0.17777777777777784,10,1,2,1,1,1,1,2,1,1,1
2.32,2.7,1.788888888888889,10,3,4,1,2,5,1,4,3,2,2
1.87,2.1,0.7666666666666666,10,1,1,3,2,1,2,3,3,3,2
1.06,1.0,0.0,10,1,1,1,1,1,1,1,1,1,1
1.64,1.7,0.6777777777777777,10,3,1,1,1,1,1,2,2,3,2
2.39,2.2,0.17777777777777776,10,2,2,2,2,2,3,2,2,3,2
1.6,1.5,0.2777777777777778,10,2,2,1,2,1,1,2,1,2,1
4.82,5.0,0.0,10,5,5,5,5,5,5,5,5,5,5
1.16,1.0,0.0,10,1,1,1,1,1,1,1,1,1,1
2.85,2.7,1.788888888888889,10,2,3,5,1,2,4,1,4,3,2
1.0,1.0,0.0,10,1,1,1,1,1,1,1,1,1,1
1.85,1.7,0.6777777777777778,10,2,1,1,2,1,1,2,3,3,1
1.6,1.4,0.2666666666666667,10,1,1,1,1,2,2,1,1,2,2
2.8,2.9,1.4333333333333331,10,4,2,2,4,2,3,1,3,3,5
3.22,2.9,0.7666666666666665,10,3,2,3,4,4,2,4,2,2,3
1.51,2.0,0.6666666666666666,10,2,2,3,3,1,2,2,3,1,1
3.93,3.8,1.0666666666666669,10,3,4,4,2,4,3,5,3,5,5
2.31,2.2,0.39999999999999997,10,2,2,2,1,3,3,2,2,2,3
3.63,3.5,0.7222222222222222,10,4,3,3,4,5,3,4,4,2,3
1.45,1.1,0.1,10,1,1,1,1,1,1,1,1,1,2
3.28,3.0,0.4444444444444444,10,3,4,3,4,2,3,3,3,2,3
3.27,3.7,0.6777777777777777,10,4,3,5,4,4,2,3,4,4,4
4.3,4.5,0.2777777777777778,10,4,4,5,5,5,5,5,4,4,4
3.52,3.2,1.0666666666666669,10,3,5,4,4,3,3,2,2,2,4
4.1,3.9,0.32222222222222224,10,4,4,3,4,4,4,4,5,4,3
2.69,2.7,1.3444444444444443,10,4,3,4,2,2,4,1,1,3,3
4.91,5.0,0.0,10,5,5,5,5,5,5,5,5,5,5
3.52,3.3,0.8999999999999999,10,3,4,4,4,3,4,3,3,1,4
3.03,2.9,1.2111111111111112,10,2,3,1,5,3,4,3,3,3,2
4.76,4.8,0.17777777777777773,10,4,4,5,5,5,5,5,5,5,5
1.49,1.5,0.5,10,3,1,1,1,1,2,2,1,1,2
3.37,2.9,1.2111111111111112,10,4,3,4,4,3,1,2,4,2,2
1.95,1.9,0.7666666666666666,10,1,1,3,2,2,3,2,3,1,1
3.0,3.5,0.7222222222222222,10,2,3,3,4,4,3,5,3,4,4
4.970000000000001,5.0,0.0,10,5,5,5,5,5,5,5,5,5,5
1.06,1.1,0.1,10,1,1,1,1,1,1,1,1,2,1
4.7,4.8,0.17777777777777776,10,5,5,5,5,5,5,4,4,5,5
2.47,2.2,1.0666666666666667,10,3,4,3,3,2,1,1,2,1,2
4.1,4.0,0.4444444444444444,10,4,4,4,4,5,3,4,4,3,5
2.28,2.6,1.1555555555555557,10,2,3,3,1,4,4,1,3,2,3
1.49,1.2,0.1777777777777778,10,1,1,1,1,2,1,1,2,1,1
1.42,1.7,0.6777777777777778,10,2,1,2,3,1,3,2,1,1,1
1.37,1.5,0.2777777777777778,10,1,2,1,1,1,2,2,2,2,1
4.32,4.3,0.4555555555555555,10,4,3,4,5,5,5,4,4,5,4
3.83,3.9,1.4333333333333336,10,2,4,5,4,2,5,3,5,4,5
3.98,4.4,0.9333333333333331,10,5,5,2,5,4,5,4,5,4,5
2.09,1.8,0.4000000000000001,10,1,1,3,2,2,2,2,1,2,2
1.7,1.4,0.2666666666666667,10,1,1,2,1,2,1,2,1,2,1
4.470000000000001,4.8,0.17777777777777773,10,5,5,4,5,4,5,5,5,5,5
3.65,3.1,0.7666666666666664,10,1,3,4,4,3,3,3,3,4,3
1.2,1.2,0.1777777777777778,10,1,1,1,2,1,1,1,1,1,2
2.16,1.9,0.9888888888888887,10,4,1,2,1,2,1,3,2,2,1
4.9,5.0,0.0,10,5,5,5,5,5,5,5,5,5,5
4.5200000000000005,4.6,0.48888888888888893,10,5,5,5,5,4,5,4,5,5,3
2.53,2.1,0.9888888888888889,10,1,3,1,2,3,2,1,2,4,2
2.27,2.5,0.7222222222222222,10,3,2,2,2,3,3,1,3,4,2
2.6100000000000003,2.9,0.5444444444444445,10,3,3,3,3,2,4,4,3,2,2
2.83,3.1,0.7666666666666665,10,2,4,3,4,4,2,3,3,2,4
3.01,3.0,1.3333333333333333,10,1,4,3,2,4,4,4,4,2,2
2.45,2.4,1.5999999999999999,10,5,4,2,2,3,1,2,2,1,2
4.2700000000000005,4.1,0.9888888888888887,10,4,2,5,5,3,4,4,5,5,4
2.39,2.1,0.7666666666666665,10,3,3,1,1,1,2,2,3,2,3
5.0,5.0,0.0,10,5,5,5,5,5,5,5,5,5,5
1.39,1.4,0.48888888888888904,10,1,2,1,1,1,3,2,1,1,1
1.54,1.4,0.48888888888888893,10,1,1,1,1,2,1,1,1,3,2
1.74,1.7,0.6777777777777778,10,1,3,1,3,2,2,1,1,1,2
3.72,3.9,0.9888888888888887,10,5,3,2,4,3,4,5,4,5,4
4.19,4.1,0.3222222222222222,10,5,4,4,4,3,4,4,4,4,5
1.42,1.5,0.7222222222222222,10,1,1,1,3,1,1,1,3,1,2
1.97,1.9,0.7666666666666665,10,3,2,1,3,1,3,2,2,1,1
4.64,4.3,1.1222222222222222,10,4,5,5,3,4,5,5,5,5,2
1.65,1.7,0.6777777777777777,10,1,1,1,2,3,1,1,3,2,2
2.07,2.0,0.6666666666666666,10,2,1,2,3,3,1,2,3,2,1
4.98,4.9,0.09999999999999999,10,5,5,5,5,5,5,5,5,5,4
4.14,4.4,0.711111111111111,10,4,3,5,5,5,5,5,4,5,3
1.53,1.4,0.2666666666666667,10,2,2,1,1,2,1,1,1,2,1
1.16,1.1,0.1,10,1,1,1,1,1,1,1,1,2,1
3.69,3.5,0.9444444444444444,10,4,5,2,3,5,3,4,3,3,3
4.21,4.0,0.8888888888888888,10,2,4,4,4,5,5,5,4,4,3
2.79,3.1,0.7666666666666665,10,2,3,2,4,4,4,3,2,4,3
2.99,3.0,1.1111111111111112,10,2,2,4,3,2,2,3,3,4,5
3.64,3.4,0.9333333333333333,10,5,2,2,3,3,4,3,4,4,4
3.37,3.1,0.7666666666666667,10,2,4,3,3,4,4,3,2,2,4
4.279999999999999,4.3,0.6777777777777777,10,5,3,3,5,5,4,4,5,4,5
1.61,1.5,0.2777777777777778,10,2,1,1,1,1,2,2,1,2,2
4.24,3.9,0.5444444444444444,10,3,3,5,4,5,4,4,3,4,4
2.84,3.3,1.3444444444444443,10,5,2,3,4,3,4,4,3,1,4
1.52,1.3,0.23333333333333334,10,1,1,2,1,1,2,1,2,1,1
4.92,4.9,0.09999999999999999,10,5,5,5,5,5,5,5,5,4,5
1.35,1.4,0.48888888888888893,10,1,2,1,1,1,1,2,1,3,1
1.3,1.5,0.5,10,1,1,2,1,3,1,2,2,1,1
1.68,2.2,1.0666666666666669,10,1,3,2,2,3,2,1,1,4,3
2.08,1.9,0.5444444444444443,10,1,2,3,3,1,2,2,2,1,2
1.89,2.4,0.7111111111111112,10,3,2,1,4,3,2,2,2,3,2
4.220000000000001,4.5,0.5,10,5,3,4,5,4,5,5,5,5,4
2.22,1.9,0.5444444444444444,10,2,2,2,2,1,3,1,1,3,2
1.22,1.4,0.48888888888888904,10,2,1,1,1,3,1,1,1,1,2
1.3,1.2,0.4,10,1,1,1,1,1,1,3,1,1,1
4.83,4.7,0.23333333333333334,10,5,4,5,4,5,4,5,5,5,5
3.66,3.6,1.155555555555556,10,2,5,4,4,3,4,4,5,2,3
3.32,3.1,0.7666666666666665,10,4,4,3,3,4,4,2,3,2,2
1.72,1.5,0.2777777777777778,10,2,2,2,2,1,1,2,1,1,1
3.8,4.5,0.2777777777777778,10,5,5,4,4,5,5,5,4,4,4
3.25,3.3,0.8999999999999999,10,2,4,5,3,3,4,4,2,3,3
1.79,1.7,1.1222222222222222,10,3,2,1,1,2,1,1,1,4,1
1.85,2.1,0.7666666666666666,10,3,3,3,2,2,1,1,1,2,3
1.61,2.0,1.1111111111111112,10,1,3,2,2,1,3,2,1,1,4
2.79,2.9,1.211111111111111,10,3,2,2,3,3,5,4,1,3,3
1.14,1.2,0.1777777777777778,10,1,1,1,1,1,2,2,1,1,1
4.35,4.9,0.09999999999999996,10,5,4,5,5,5,5,5,5,5,5
3.93,4.2,0.6222222222222222,10,5,4,3,5,4,5,3,4,4,5
3.65,4.1,0.9888888888888887,10,5,5,4,5,4,5,3,4,4,2
4.49,4.7,0.23333333333333334,10,5,5,5,4,5,5,5,4,5,4
2.31,2.0,0.6666666666666666,10,1,2,3,2,2,1,1,3,3,2
3.1,3.3,1.3444444444444443,10,3,2,4,3,2,2,5,3,4,5
2.22,2.0,0.8888888888888888,10,3,1,3,3,1,3,2,2,1,1
3.27,3.2,0.8444444444444444,10,3,4,3,3,1,3,4,4,3,4
3.67,3.6,1.3777777777777775,10,4,5,5,3,2,5,4,3,3,2
1.22,1.1,0.09999999999999999,10,1,2,1,1,1,1,1,1,1,1
4.8100000000000005,4.5,0.7222222222222222,10,4,5,5,5,5,5,3,5,5,3
3.26,3.2,1.0666666666666669,10,4,4,4,4,3,3,3,1,2,4
1.91,2.2,1.9555555555555557,10,2,1,1,5,3,1,2,4,2,1
4.51,4.4,0.26666666666666666,10,4,5,4,4,5,5,4,4,4,5
1.38,1.1,0.09999999999999999,10,1,1,1,1,1,1,1,2,1,1
1.38,1.3,0.23333333333333334,10,2,1,1,1,2,2,1,1,1,1
4.61,4.8,0.17777777777777773,10,5,5,5,5,4,5,5,4,5,5
1.0699999999999998,1.1,0.09999999999999999,10,1,1,1,2,1,1,1,1,1,1
2.35,2.5,0.7222222222222222,10,1,3,4,3,2,3,2,3,2,2
1.73,2.0,0.6666666666666666,10,2,1,2,1,3,3,2,1,3,2
1.23,1.1,0.09999999999999999,10,2,1,1,1,1,1,1,1,1,1
2.06,1.7,0.6777777777777777,10,2,2,1,1,1,3,1,3,1,2
2.11,1.9,0.7666666666666664,10,4,2,1,2,1,2,2,2,2,1
1.96,1.5,0.2777777777777778,10,1,1,1,2,1,2,1,2,2,2
4.0600000000000005,4.4,0.26666666666666666,10,5,4,5,4,5,4,4,5,4,4
2.04,1.9,0.7666666666666665,10,2,2,4,2,1,2,1,2,1,2
1.58,1.2,0.1777777777777778,10,1,1,1,2,1,1,2,1,1,1
2.16,2.7,0.23333333333333334,10,2,2,3,3,3,3,3,3,3,2
4.18,4.3,0.4555555555555555,10,4,4,5,4,5,4,5,5,3,4
1.34,1.5,0.2777777777777778,10,1,1,2,1,2,1,1,2,2,2
1.68,1.8,0.1777777777777778,10,2,2,2,2,2,1,1,2,2,2
3.82,4.1,0.7666666666666666,10,4,3,4,3,5,5,3,5,5,4
2.82,3.5,0.9444444444444444,10,5,2,4,4,4,2,4,3,4,3
4.57,4.6,0.26666666666666666,10,5,5,4,5,4,5,4,5,4,5
2.92,2.5,0.9444444444444444,10,3,1,2,2,4,4,2,2,3,2
4.15,4.0,0.8888888888888888,10,4,4,2,3,4,5,4,4,5,5
3.64,3.4,1.1555555555555557,10,3,4,5,2,3,2,5,3,4,3
2.06,2.6,1.3777777777777778,10,2,3,1,2,4,3,4,1,2,4
4.83,4.8,0.17777777777777776,10,5,5,5,5,5,4,4,5,5,5
2.66,2.7,0.4555555555555555,10,3,3,3,2,2,2,3,4,3,2
2.58,2.4,1.155555555555556,10,3,1,2,4,1,2,2,3,4,2
2.49,2.9,1.4333333333333333,10,2,4,4,1,1,4,3,3,4,3
2.51,2.3,0.4555555555555555,10,2,3,2,3,2,1,2,2,3,3
2.97,2.6,1.6,10,2,3,3,2,2,1,4,5,3,1
1.19,1.0,0.0,10,1,1,1,1,1,1,1,1,1,1
4.79,4.7,0.23333333333333334,10,4,5,5,4,5,5,5,5,5,4
1.8,1.6,0.2666666666666667,10,2,1,1,2,2,2,2,2,1,1
3.75,4.6,0.26666666666666666,10,5,5,5,5,4,4,4,4,5,5
2.9,2.3,1.1222222222222222,10,3,1,1,2,3,4,2,3,3,1
3.75,3.6,1.1555555555555557,10,3,2,2,5,4,3,4,4,4,5
2.05,1.8,0.8444444444444446,10,3,1,3,2,2,1,1,1,1,3
1.0,1.0,0.0,10,1,1,1,1,1,1,1,1,1,1
3.68,3.8,0.6222222222222222,10,3,4,4,4,3,5,4,3,3,5
1.57,1.7,0.8999999999999998,10,2,1,1,2,1,1,4,2,2,1
1.58,1.3,0.23333333333333334,10,1,1,1,1,1,1,2,2,1,2
3.69,3.9,0.3222222222222223,10,4,4,4,5,3,4,4,4,3,4
1.79,1.7,0.45555555555555544,10,3,1,2,2,1,2,1,2,1,2
2.19,2.4,0.48888888888888893,10,3,2,2,3,3,3,2,3,2,1
4.73,4.9,0.09999999999999998,10,5,5,5,4,5,5,5,5,5,5
3.3600000000000003,3.8,0.8444444444444444,10,4,5,5,3,4,4,3,4,4,2
2.47,2.9,0.9888888888888889,10,4,4,3,3,2,1,2,3,4,3
2.4,1.9,0.5444444444444444,10,2,2,1,2,1,2,2,3,1,3
1.98,2.2,0.6222222222222222,10,1,2,2,2,3,3,2,3,1,3
4.970000000000001,5.0,0.0,10,5,5,5,5,5,5,5,5,5,5
2.58,2.5,0.9444444444444444,10,1,2,3,3,4,3,2,1,3,3
1.83,1.6,0.48888888888888904,10,3,2,1,1,2,1,2,1,1,2
4.79,4.9,0.09999999999999998,10,5,5,5,4,5,5,5,5,5,5
2.14,2.0,0.6666666666666666,10,2,2,3,2,1,1,3,2,3,1
3.53,3.3,0.6777777777777777,10,4,3,2,3,3,3,5,4,3,3
2.94,2.7,1.3444444444444443,10,1,5,4,3,2,3,2,3,2,2
4.04,4.6,0.2666666666666667,10,4,4,5,5,5,4,5,5,4,5
3.0,3.0,1.3333333333333333,10,2,2,4,3,4,2,4,5,2,2
1.75,1.6,0.48888888888888904,10,2,3,2,1,1,1,2,2,1,1
1.69,1.4,0.2666666666666667,10,1,2,2,2,1,2,1,1,1,1
2.75,2.8,0.8444444444444444,10,2,3,2,3,1,4,3,4,3,3
3.44,3.5,0.9444444444444444,10,2,4,4,4,4,2,5,4,3,3
4.92,4.9,0.09999999999999999,10,5,5,5,5,5,5,5,5,5,4
3.29,3.5,0.2777777777777778,10,4,3,4,3,3,4,3,4,4,3
2.29,2.1,1.655555555555556,10,1,2,4,3,1,1,1,4,3,1
1.75,1.8,0.6222222222222222,10,1,1,3,2,2,3,1,2,1,2
1.19,1.1,0.1,10,1,1,1,1,1,1,1,1,2,1
2.35,2.4,0.2666666666666667,10,3,2,3,2,2,2,2,3,2,3
3.74,4.1,0.3222222222222222,10,4,4,4,5,4,4,3,4,4,5
2.47,2.9,0.7666666666666665,10,1,4,2,3,3,3,3,3,4,3
3.88,4.0,0.4444444444444444,10,5,3,4,4,5,4,4,4,4,3
4.21,3.8,0.8444444444444444,10,2,3,5,4,4,3,4,4,5,4
4.3,4.2,0.17777777777777776,10,4,4,4,4,4,4,5,5,4,4
4.55,4.5,0.2777777777777778,10,5,5,4,4,5,5,5,4,4,4
3.51,3.4,0.9333333333333333,10,4,3,2,5,4,3,4,4,3,2
3.21,3.3,1.3444444444444443,10,5,1,3,3,4,3,3,3,5,3
1.38,1.1,0.09999999999999999,10,1,1,1,1,1,2,1,1,1,1
2.84,2.9,0.9888888888888889,10,2,3,3,4,2,2,3,5,2,3
2.13,1.6,0.48888888888888893,10,2,1,1,2,1,2,1,3,2,1
3.41,3.6,0.9333333333333333,10,3,3,2,3,4,5,4,3,5,4
2.7,2.9,1.211111111111111,10,3,1,2,3,4,2,3,5,3,3
4.48,4.0,0.6666666666666666,10,5,3,4,3,3,5,4,5,4,4
1.0,1.0,0.0,10,1,1,1,1,1,1,1,1,1,1
4.0600000000000005,3.5,1.3888888888888888,10,2,2,3,5,3,3,5,3,5,4
2.7,2.7,1.3444444444444443,10,4,1,3,4,3,3,2,2,1,4
4.32,4.5,0.5,10,5,4,5,3,5,5,4,4,5,5
3.06,3.3,0.6777777777777777,10,3,4,2,4,3,2,3,4,4,4
2.43,2.0,0.6666666666666666,10,1,3,2,2,3,1,2,2,3,1
2.47,2.3,1.5666666666666667,10,1,4,1,3,4,2,1,3,1,3
4.64,4.4,0.711111111111111,10,4,4,5,3,5,5,3,5,5,5
4.779999999999999,4.8,0.17777777777777776,10,5,5,5,5,5,5,5,4,4,5
1.83,1.6,0.2666666666666667,10,1,2,2,1,2,1,2,2,1,2
1.86,1.9,0.3222222222222223,10,2,1,1,2,2,3,2,2,2,2
2.52,2.3,0.8999999999999999,10,2,3,2,1,3,2,3,4,2,1
2.08,2.2,1.0666666666666667,10,2,4,1,1,3,1,3,2,3,2
4.63,4.5,0.5,10,5,5,5,4,4,5,3,5,5,4
2.29,2.6,2.0444444444444447,10,3,4,4,1,2,2,1,3,1,5
3.6,3.8,1.0666666666666669,10,5,5,4,2,3,5,3,4,4,3
4.529999999999999,4.5,0.2777777777777778,10,5,4,5,5,4,4,4,4,5,5
2.54,2.3,1.3444444444444443,10,4,1,2,2,1,4,1,3,3,2
2.42,2.2,0.6222222222222222,10,3,1,1,3,3,2,2,3,2,2
4.39,4.2,0.8444444444444444,10,5,3,4,3,4,5,5,5,3,5
4.9,4.9,0.09999999999999998,10,5,5,5,4,5,5,5,5,5,5
4.970000000000001,4.9,0.09999999999999996,10,5,4,5,5,5,5,5,5,5,5
2.6,2.2,0.8444444444444444,10,3,2,2,1,2,2,4,2,1,3
1.64,1.7,0.4555555555555555,10,1,2,2,1,1,2,1,3,2,2
1.92,2.1,0.7666666666666667,10,2,3,3,3,2,1,2,3,1,1
4.11,4.0,0.6666666666666666,10,4,4,4,4,5,3,3,3,5,5
4.7700000000000005,4.8,0.17777777777777776,10,5,5,5,5,5,5,4,5,4,5
1.1800000000000002,1.3,0.23333333333333334,10,2,2,1,1,1,1,1,2,1,1
4.21,4.4,0.4888888888888888,10,5,3,5,5,5,4,4,5,4,4
3.49,3.6,1.3777777777777775,10,2,5,5,4,2,3,5,4,3,3
1.73,1.9,0.5444444444444444,10,2,1,2,1,1,2,3,3,2,2
3.79,3.6,0.7111111111111112,10,3,3,4,5,3,3,3,5,4,3
4.58,4.7,0.8999999999999999,10,5,5,5,5,5,2,5,5,5,5
4.73,4.7,0.23333333333333334,10,5,5,5,5,4,5,5,4,4,5
1.52,1.4,0.48888888888888904,10,1,2,1,3,1,1,1,1,1,2
1.13,1.2,0.17777777777777784,10,1,2,1,1,1,1,1,2,1,1
1.2,1.2,0.1777777777777778,10,1,1,1,1,1,2,2,1,1,1
4.83,4.8,0.17777777777777776,10,5,5,5,5,5,4,5,5,4,5
4.0600000000000005,3.9,1.655555555555556,10,3,4,5,1,5,3,4,5,5,4
2.2,1.8,0.1777777777777778,10,2,2,1,2,2,2,2,1,2,2
2.35,2.2,0.39999999999999997,10,2,2,3,1,2,3,2,3,2,2
3.8,4.2,0.6222222222222222,10,4,3,5,4,4,5,5,3,4,5
4.220000000000001,4.0,0.6666666666666666,10,5,4,4,5,5,3,3,3,4,4
1.01,1.0,0.0,10,1,1,1,1,1,1,1,1,1,1
3.58,3.6,0.48888888888888893,10,4,4,3,4,3,4,2,4,4,4
2.62,2.2,1.9555555555555562,10,5,2,3,1,1,1,2,2,1,4
4.85,4.9,0.09999999999999999,10,5,5,5,5,5,5,4,5,5,5
3.55,3.6,1.155555555555556,10,4,2,4,5,3,5,4,4,2,3
1.8,2.0,1.1111111111111112,10,4,1,1,1,2,2,3,3,2,1
4.41,4.2,0.39999999999999997,10,3,4,5,4,4,4,4,5,5,4
1.82,2.1,0.7666666666666667,10,2,1,3,2,2,1,2,4,2,2
2.09,2.0,0.6666666666666666,10,2,1,1,3,2,2,1,2,3,3
2.65,2.6,1.155555555555556,10,1,3,4,2,3,4,3,2,1,3
4.51,4.5,0.2777777777777778,10,4,5,5,5,4,4,5,5,4,4
1.83,1.8,0.4000000000000001,10,3,1,2,2,2,1,2,2,1,2
1.17,1.1,0.09999999999999999,10,1,1,1,1,2,1,1,1,1,1
2.13,1.7,0.45555555555555544,10,2,1,1,3,1,1,2,2,2,2
1.16,1.3,0.9000000000000001,10,1,1,1,1,1,1,1,4,1,1
4.2700000000000005,4.4,0.711111111111111,10,4,5,5,3,3,4,5,5,5,5
3.94,3.8,0.6222222222222222,10,3,4,4,5,3,3,3,4,5,4
2.96,2.6,0.48888888888888904,10,4,2,3,2,3,2,3,2,3,2
3.87,3.8,0.8444444444444444,10,4,3,5,4,4,5,2,4,3,4
4.16,4.4,0.4888888888888888,10,4,4,5,4,5,3,5,4,5,5
1.17,1.2,0.17777777777777784,10,2,2,1,1,1,1,1,1,1,1
1.53,1.5,0.2777777777777778,10,1,2,2,2,1,1,2,1,1,2
2.04,2.0,1.5555555555555556,10,2,3,2,2,1,1,1,1,2,5
4.34,3.8,0.8444444444444444,10,3,4,4,4,2,4,5,3,4,5
2.28,1.9,0.32222222222222224,10,2,2,2,1,2,2,3,2,2,1
3.86,4.1,0.5444444444444444,10,3,4,4,5,4,5,4,4,5,3
4.05,4.1,0.5444444444444444,10,4,5,3,4,4,4,5,5,3,4
4.74,4.8,0.17777777777777773,10,4,5,5,5,5,5,5,5,4,5
4.99,5.0,0.0,10,5,5,5,5,5,5,5,5,5,5
3.52,3.0,0.6666666666666666,10,2,3,3,2,3,4,4,4,2,3
3.31,3.7,0.23333333333333334,10,4,3,4,3,4,4,4,4,3,4
3.37,3.3,0.8999999999999999,10,1,4,3,3,4,3,4,4,4,3
2.43,2.4,0.7111111111111112,10,3,1,2,1,3,3,3,3,2,3
2.09,2.4,0.7111111111111112,10,3,3,3,4,2,2,1,2,2,2
2.2,2.2,0.8444444444444444,10,1,3,3,2,3,3,1,3,2,1
4.65,4.8,0.17777777777777776,10,5,5,5,5,5,5,5,4,4,5
1.57,1.2,0.4000000000000001,10,3,1,1,1,1,1,1,1,1,1
3.83,3.4,1.155555555555556,10,3,5,3,3,2,2,4,4,5,3
4.73,4.7,0.23333333333333334,10,5,4,5,4,5,5,5,5,4,5
4.64,4.7,0.23333333333333334,10,5,4,4,5,5,5,4,5,5,5
4.46,4.7,0.23333333333333334,10,5,5,4,5,5,5,4,5,4,5
1.49,1.4,0.2666666666666667,10,1,1,1,2,1,1,2,1,2,2
1.28,1.3,0.23333333333333334,10,1,1,2,2,1,1,1,1,2,1
2.81,2.7,0.6777777777777777,10,2,2,3,2,2,2,3,3,4,4
1.34,1.1,0.09999999999999999,10,1,1,1,1,1,1,1,2,1,1
1.99,2.0,0.4444444444444444,10,3,2,2,3,2,2,1,1,2,2
2.33,2.9,0.9888888888888889,10,3,2,2,3,4,5,3,2,2,3
3.27,3.3,0.6777777777777777,10,4,3,4,2,3,3,3,5,3,3
4.64,4.5,0.9444444444444444,10,5,5,5,5,5,5,5,4,2,4
4.0,3.7,0.6777777777777777,10,4,3,4,3,5,3,5,3,3,4
1.25,1.1,0.09999999999999999,10,1,1,1,1,1,1,1,2,1,1
2.15,2.1,0.32222222222222224,10,2,2,2,2,3,2,3,1,2,2
3.32,3.8,1.0666666666666667,10,3,3,5,4,5,4,2,3,5,4
1.68,1.3,0.23333333333333334,10,1,2,2,1,1,1,1,2,1,1
1.65,1.4,0.2666666666666667,10,2,1,2,1,2,1,1,2,1,1
1.37,1.5,0.7222222222222222,10,1,1,2,1,1,1,1,3,3,1
2.73,2.6,0.48888888888888904,10,2,4,2,3,3,3,2,2,2,3
4.54,4.7,0.23333333333333334,10,4,5,5,5,4,5,5,5,5,4
1.24,1.6,0.9333333333333333,10,1,4,2,2,1,2,1,1,1,1
4.5600000000000005,4.1,1.2111111111111112,10,3,4,4,5,2,5,5,5,3,5
1.6,1.7,0.8999999999999999,10,1,2,1,2,1,4,2,1,2,1
3.93,3.2,0.6222222222222222,10,4,4,4,3,4,2,3,2,3,3
4.7700000000000005,4.8,0.17777777777777773,10,4,5,5,4,5,5,5,5,5,5
4.42,4.2,0.39999999999999997,10,4,5,5,4,4,4,4,5,3,4
3.06,3.0,1.3333333333333333,10,4,4,2,4,2,2,4,1,4,3
3.16,3.2,0.39999999999999997,10,3,3,4,3,2,3,3,4,4,3
2.12,2.8,1.2888888888888888,10,3,2,1,3,4,3,2,2,5,3
1.23,1.3,0.23333333333333334,10,1,2,1,2,1,1,1,1,1,2
3.44,3.2,1.288888888888889,10,2,4,2,4,5,2,2,3,4,4
4.46,4.5,0.5,10,4,5,5,5,3,4,5,5,5,4
2.92,3.3,0.8999999999999999,10,3,3,2,2,4,5,3,3,4,4
3.92,4.4,0.48888888888888893,10,5,4,4,4,5,5,4,5,5,3
4.71,4.6,0.4888888888888887,10,4,3,5,5,5,5,5,4,5,5
1.64,1.6,0.2666666666666667,10,2,1,2,1,1,2,1,2,2,2
3.73,3.8,1.0666666666666669,10,5,3,4,3,3,5,5,2,4,4
3.63,3.8,1.0666666666666669,10,4,3,5,4,3,4,5,3,2,5
4.62,4.6,0.4888888888888888,10,5,5,5,5,3,5,5,4,4,5
4.09,3.3,1.1222222222222222,10,5,3,5,3,3,2,4,3,2,3
2.91,2.9,1.4333333333333333,10,4,1,2,2,3,5,3,2,3,4
2.26,2.7,0.6777777777777777,10,2,4,2,4,3,3,3,2,2,2
4.08,4.2,0.6222222222222222,10,4,5,5,5,4,4,3,4,5,3
1.16,1.1,0.09999999999999999,10,1,1,1,1,1,2,1,1,1,1
2.19,2.1,0.5444444444444445,10,1,2,2,2,3,2,1,2,3,3
3.33,3.4,0.48888888888888893,10,4,4,3,4,3,4,3,3,4,2
3.87,3.6,1.3777777777777778,10,2,3,5,5,4,2,5,3,3,4
1.57,1.2,0.17777777777777784,10,1,2,1,1,2,1,1,1,1,1
4.96,5.0,0.0,10,5,5,5,5,5,5,5,5,5,5
1.13,1.1,0.09999999999999999,10,2,1,1,1,1,1,1,1,1,1
2.97,3.2,1.0666666666666667,10,3,5,4,4,2,3,4,2,2,3
4.25,4.0,0.6666666666666666,10,5,5,4,4,5,3,4,3,4,3
2.51,1.7,0.6777777777777778,10,1,1,2,1,1,2,3,2,1,3
3.89,3.9,0.9888888888888889,10,4,4,5,5,2,4,3,5,4,3
4.8,4.8,0.17777777777777773,10,5,5,5,4,5,5,5,5,4,5
3.08,2.6,0.48888888888888893,10,3,2,2,2,3,2,3,2,4,3
3.3600000000000003,3.2,1.0666666666666669,10,3,4,4,2,2,5,3,3,4,2
4.720000000000001,4.6,0.26666666666666666,10,4,4,5,5,5,5,4,4,5,5
4.41,3.9,0.32222222222222224,10,4,4,4,3,4,5,4,4,4,3
1.95,1.9,0.3222222222222223,10,2,2,1,3,2,2,2,2,1,2
3.3,3.1,0.5444444444444445,10,4,4,4,2,3,3,3,2,3,3
1.59,1.6,0.7111111111111112,10,1,1,2,1,3,1,3,1,2,1
3.68,3.5,0.9444444444444444,10,3,2,4,4,4,5,4,4,2,3
3.22,3.5,0.7222222222222222,10,3,4,3,3,5,4,4,2,3,4
4.86,4.8,0.17777777777777773,10,5,5,4,5,5,5,5,5,4,5
2.63,2.9,1.4333333333333333,10,4,3,4,4,4,1,3,1,3,2
2.64,2.9,0.9888888888888887,10,5,3,4,2,3,3,2,2,2,3
2.78,2.9,1.6555555555555557,10,4,2,2,4,5,2,1,3,4,2
4.5600000000000005,4.7,0.4555555555555555,10,5,5,5,3,5,5,5,4,5,5
4.21,4.2,0.6222222222222222,10,4,4,5,4,3,5,4,5,5,3
1.65,1.5,0.2777777777777778,10,1,2,2,2,2,1,1,1,2,1
1.1,1.0,0.0,10,1,1,1,1,1,1,1,1,1,1
3.35,3.5,1.1666666666666667,10,5,3,3,5,3,4,2,4,4,2
3.65,3.7,0.6777777777777777,10,3,3,4,3,5,5,3,4,3,4
2.38,2.3,0.6777777777777777,10,2,2,2,2,3,1,2,3,4,2
3.07,2.9,1.211111111111111,10,3,4,1,3,3,2,2,3,5,3
3.3600000000000003,3.1,0.9888888888888889,10,3,3,4,2,5,3,2,4,3,2
3.24,3.6,1.3777777777777778,10,2,4,3,5,5,4,3,2,5,3
1.03,1.0,0.0,10,1,1,1,1,1,1,1,1,1,1
4.16,3.8,0.8444444444444444,10,3,4,4,5,4,4,3,4,5,2
3.7,3.6,1.1555555555555557,10,4,4,4,2,3,4,2,3,5,5
1.42,1.4,0.7111111111111112,10,1,1,1,1,1,3,1,3,1,1
3.92,4.2,0.8444444444444444,10,2,4,4,5,5,4,5,5,4,4
4.46,4.8,0.17777777777777773,10,4,4,5,5,5,5,5,5,5,5
3.45,3.7,1.3444444444444443,10,5,2,4,3,5,4,3,5,2,4
3.34,3.4,1.155555555555556,10,5,3,3,2,4,3,2,5,4,3
1.2,1.4,0.2666666666666667,10,2,1,1,1,2,1,1,1,2,2
1.43,1.3,0.23333333333333334,10,1,2,1,1,1,2,1,1,2,1
4.19,4.2,1.5111111111111113,10,5,4,5,4,5,5,4,5,1,4
3.44,3.0,0.6666666666666666,10,2,2,4,3,3,4,3,2,3,4
3.04,3.1,0.9888888888888887,10,2,3,5,3,4,2,4,3,3,2
3.91,3.5,0.2777777777777778,10,3,3,4,4,4,3,3,3,4,4
1.2,1.1,0.1,10,1,1,1,1,1,1,1,1,1,2
4.3100000000000005,4.3,0.4555555555555555,10,4,5,5,3,5,4,4,4,5,4
3.23,3.4,1.3777777777777775,10,4,1,2,4,4,5,4,3,3,4
1.82,1.7,0.4555555555555555,10,2,2,2,1,3,2,1,2,1,1
4.5,4.7,0.23333333333333334,10,5,5,5,4,5,4,5,5,5,4
3.83,3.6,1.155555555555556,10,2,5,5,4,3,2,4,4,4,3
1.74,1.3,0.23333333333333334,10,1,2,1,2,1,2,1,1,1,1
2.01,2.0,0.6666666666666666,10,3,1,2,3,3,2,2,1,2,1
1.5,1.2,0.1777777777777778,10,1,1,2,1,1,1,1,2,1,1
4.779999999999999,4.5,0.5,10,5,3,5,4,5,5,5,5,4,4
4.14,3.9,0.5444444444444444,10,4,5,3,4,5,3,4,4,3,4
2.75,2.5,0.7222222222222222,10,3,4,2,2,2,2,3,3,3,1
2.52,2.7,1.3444444444444443,10,2,2,2,1,4,3,2,5,3,3
1.64,1.7,0.45555555555555544,10,2,1,3,1,2,2,1,2,1,2
3.06,3.2,1.288888888888889,10,3,1,3,3,2,5,4,3,4,4
1.89,2.1,0.5444444444444444,10,1,3,2,2,2,3,1,3,2,2
1.32,1.4,0.2666666666666667,10,1,2,1,1,1,2,2,1,2,1
3.62,3.5,0.7222222222222222,10,4,3,4,2,5,3,3,4,4,3
3.89,4.1,0.5444444444444444,10,4,4,4,4,5,3,5,3,4,5
4.94,5.0,0.0,10,5,5,5,5,5,5,5,5,5,5
3.04,3.0,0.8888888888888888,10,4,2,2,2,3,3,3,3,5,3
1.56,1.4,0.48888888888888904,10,1,1,1,3,1,2,1,1,1,2
3.54,3.7,1.1222222222222222,10,4,4,2,2,5,4,4,4,5,3
4.5600000000000005,4.7,0.23333333333333334,10,5,5,4,5,4,4,5,5,5,5
3.73,2.9,1.2111111111111112,10,4,2,1,2,3,4,2,4,4,3
1.57,1.9,0.5444444444444445,10,1,3,2,2,3,2,2,1,2,1
4.46,4.6,0.4888888888888888,10,5,5,4,5,5,5,3,5,4,5
4.58,4.7,0.4555555555555555,10,3,5,5,5,5,5,5,5,5,4
4.38,4.4,0.4888888888888888,10,4,5,3,5,5,4,4,5,5,4
2.74,2.7,0.4555555555555555,10,2,4,2,3,3,2,2,3,3,3
4.529999999999999,4.1,0.5444444444444444,10,4,4,4,3,5,4,5,3,5,4
3.75,3.7,1.3444444444444443,10,5,4,2,4,4,3,5,3,2,5
2.37,2.1,0.3222222222222222,10,2,3,2,2,2,3,2,2,2,1
3.73,4.0,0.6666666666666666,10,4,4,4,4,4,4,2,5,5,4
4.12,4.0,0.2222222222222222,10,4,4,4,4,3,4,5,4,4,4
4.82,4.8,0.17777777777777773,10,5,4,5,5,5,4,5,5,5,5
1.68,1.6,0.48888888888888904,10,3,1,2,2,2,1,1,1,2,1
3.14,3.0,1.5555555555555556,10,2,1,4,2,5,4,4,3,2,3
1.32,1.1,0.09999999999999999,10,1,1,1,2,1,1,1,1,1,1
4.11,4.4,0.26666666666666666,10,4,4,5,4,4,4,5,4,5,5
3.86,3.7,0.6777777777777777,10,3,3,3,3,5,3,5,4,4,4
2.93,2.6,1.155555555555556,10,2,2,4,3,4,3,3,3,1,1
1.97,1.7,0.4555555555555555,10,1,2,1,2,3,2,2,2,1,1
4.970000000000001,5.0,0.0,10,5,5,5,5,5,5,5,5,5,5
2.71,3.0,1.1111111111111112,10,2,4,2,5,3,2,2,3,4,3
3.47,3.3,1.3444444444444443,10,5,4,3,3,4,1,3,4,4,2
2.78,2.7,1.3444444444444443,10,4,3,1,4,2,4,1,2,3,3
1.37,1.3,0.23333333333333334,10,1,2,1,1,1,1,2,1,2,1
2.32,2.5,0.2777777777777778,10,2,3,3,2,3,2,3,2,3,2
1.47,1.4,0.48888888888888904,10,1,2,1,3,1,1,1,1,2,1
1.12,1.0,0.0,10,1,1,1,1,1,1,1,1,1,1
2.54,2.8,0.8444444444444444,10,3,2,3,4,3,1,3,4,2,3
4.79,4.9,0.09999999999999996,10,5,4,5,5,5,5,5,5,5,5
3.92,3.6,0.9333333333333333,10,5,3,3,4,2,4,3,3,4,5
5.0,5.0,0.0,10,5,5,5,5,5,5,5,5,5,5
3.15,3.1,0.7666666666666666,10,4,3,2,4,4,3,2,2,4,3
4.62,4.8,0.17777777777777773,10,4,5,5,5,5,5,5,4,5,5
4.09,4.3,0.8999999999999999,10,3,5,3,5,4,3,5,5,5,5
4.76,4.6,0.2666666666666667,10,5,4,5,4,5,5,5,4,5,4
1.98,2.0,0.4444444444444444,10,2,1,3,3,1,2,2,2,2,2
3.45,3.3,0.6777777777777777,10,4,4,4,2,4,3,4,3,2,3
4.5,4.2,0.39999999999999997,10,4,4,4,3,4,4,5,5,4,5
4.35,4.3,0.4555555555555555,10,4,5,4,3,5,4,4,5,5,4
2.45,2.6,1.3777777777777775,10,4,3,1,4,4,2,2,1,2,3
1.54,1.8,0.8444444444444447,10,2,1,1,2,1,4,1,2,2,2
4.3,4.7,0.23333333333333334,10,4,5,5,5,4,4,5,5,5,5
1.73,2.1,0.5444444444444445,10,1,3,1,2,2,2,2,3,2,3
3.55,3.8,1.288888888888889,10,4,3,3,3,3,5,5,5,2,5
1.98,2.0,0.4444444444444444,10,3,2,2,1,1,2,2,2,3,2
3.28,3.3,1.5666666666666667,10,4,5,4,4,2,3,4,1,2,4
3.38,3.4,0.48888888888888904,10,2,3,4,3,4,3,3,4,4,4
1.15,1.1,0.09999999999999999,10,1,1,2,1,1,1,1,1,1,1
1.48,1.4,0.2666666666666667,10,1,2,2,1,2,1,1,1,2,1
1.53,1.7,0.4555555555555555,10,3,2,2,1,1,1,2,2,2,1
3.19,2.8,0.6222222222222222,10,2,3,3,2,4,2,3,4,3,2
3.08,2.9,0.7666666666666666,10,4,3,2,2,3,4,2,3,4,2
3.49,3.4,0.2666666666666667,10,4,3,4,4,3,3,3,4,3,3
3.43,3.7,0.6777777777777777,10,4,5,3,4,3,4,3,3,5,3
1.6,1.4,0.2666666666666667,10,1,1,2,1,2,1,2,2,1,1
3.81,3.8,0.6222222222222222,10,4,4,2,4,4,4,4,4,3,5
4.3,4.3,0.6777777777777777,10,4,5,4,5,4,5,3,5,3,5
2.08,2.1,0.7666666666666669,10,2,1,3,2,2,2,2,2,1,4
1.61,1.5,0.2777777777777778,10,2,2,2,1,1,2,1,2,1,1
3.62,3.9,0.5444444444444443,10,4,4,3,4,5,3,5,4,4,3
2.93,3.1,0.9888888888888889,10,2,4,3,3,5,3,2,4,2,3
1.54,1.6,0.2666666666666667,10,2,2,2,2,1,2,1,1,1,2
4.779999999999999,4.7,0.23333333333333334,10,5,5,4,4,5,4,5,5,5,5
2.76,2.8,1.0666666666666667,10,2,3,4,2,3,4,2,4,1,3
4.62,4.8,0.17777777777777773,10,5,5,4,5,5,5,5,5,5,4
1.87,2.4,1.377777777777778,10,1,1,4,3,3,2,3,2,1,4
1.23,1.3,0.23333333333333334,10,2,1,1,2,2,1,1,1,1,1
1.82,2.1,1.4333333333333333,10,1,1,1,4,2,4,3,2,1,2
3.43,3.1,0.5444444444444445,10,4,3,3,4,3,3,4,3,2,2
4.95,5.0,0.0,10,5,5,5,5,5,5,5,5,5,5
2.19,1.8,0.6222222222222222,10,1,1,2,3,1,3,2,1,2,2
4.29,4.3,0.6777777777777777,10,3,5,5,4,5,5,4,3,5,4
4.8,4.7,0.23333333333333334,10,5,5,4,5,5,5,5,5,4,4
3.73,3.7,0.8999999999999999,10,3,3,4,4,5,2,4,3,5,4
3.47,3.9,0.7666666666666665,10,5,5,3,5,4,3,4,3,4,3
4.51,4.2,0.6222222222222222,10,4,5,4,3,4,5,5,4,3,5
4.75,4.6,0.26666666666666666,10,5,4,4,4,5,4,5,5,5,5
4.5600000000000005,4.5,0.2777777777777778,10,4,4,4,5,4,5,5,5,5,4
3.18,2.8,0.8444444444444444,10,3,3,3,1,2,4,2,4,3,3
3.82,4.2,0.39999999999999997,10,4,4,4,5,4,4,3,5,5,4
2.89,2.2,0.17777777777777773,10,2,2,2,2,3,2,2,2,2,3
2.52,2.6,0.2666666666666667,10,3,3,3,2,3,2,3,2,3,2
1.99,2.3,0.8999999999999999,10,3,2,1,4,1,3,2,2,2,3
3.52,3.3,2.011111111111111,10,3,5,4,5,2,3,2,1,3,5
1.43,1.3,0.23333333333333334,10,1,1,2,1,1,1,2,1,2,1
4.15,4.2,0.39999999999999997,10,4,4,4,4,3,4,5,4,5,5
1.54,1.7,0.45555555555555544,10,3,2,1,1,2,1,1,2,2,2
4.62,4.5,0.2777777777777778,10,5,5,4,5,4,5,4,4,5,4
2.83,2.5,0.9444444444444444,10,3,3,3,3,2,4,3,1,2,1
1.77,2.1,0.7666666666666666,10,2,2,2,3,2,2,4,1,2,1
2.01,1.9,0.5444444444444444,10,2,1,2,2,2,2,3,1,1,3
3.49,3.4,1.1555555555555557,10,4,2,5,4,4,2,3,4,4,2
1.03,1.1,0.09999999999999999,10,1,1,1,1,2,1,1,1,1,1
3.07,2.6,1.1555555555555557,10,1,4,1,2,3,4,2,3,3,3
4.8,4.8,0.17777777777777773,10,5,5,4,4,5,5,5,5,5,5
2.09,2.0,0.4444444444444444,10,2,3,3,2,2,2,2,1,1,2
4.279999999999999,4.3,0.4555555555555555,10,4,3,4,5,4,5,5,5,4,4
1.47,1.5,0.5,10,1,2,1,2,2,1,1,1,3,1
1.21,1.2,0.17777777777777784,10,1,2,1,1,2,1,1,1,1,1
4.14,4.2,0.39999999999999997,10,3,5,4,5,4,4,4,4,5,4
3.65,3.7,0.6777777777777777,10,4,5,2,4,4,3,3,4,4,4
4.23,4.0,1.1111111111111112,10,5,5,4,4,2,5,4,5,3,3
3.87,4.3,0.4555555555555555,10,5,4,3,4,5,4,4,4,5,5
3.15,2.8,0.6222222222222222,10,1,3,3,2,3,3,3,3,3,4
2.26,2.3,0.8999999999999999,10,1,3,2,2,1,2,4,3,3,2
1.44,1.2,0.1777777777777778,10,1,1,1,1,2,1,1,2,1,1
2.6,2.5,0.5,10,2,3,3,3,2,2,3,1,3,3
2.28,2.6,0.48888888888888904,10,4,2,3,2,2,2,2,3,3,3
3.66,3.7,0.8999999999999999,10,3,4,2,3,4,3,4,5,5,4
4.25,4.4,0.9333333333333333,10,4,5,4,5,4,5,5,5,2,5
3.41,3.2,0.6222222222222222,10,4,4,2,3,3,2,4,3,3,4
3.56,3.1,0.7666666666666666,10,4,3,4,4,2,3,4,2,3,2
3.78,4.0,0.6666666666666666,10,5,4,5,3,3,4,3,4,4,5
4.42,4.1,0.9888888888888889,10,4,4,5,4,5,5,4,2,3,5
4.12,3.9,1.2111111111111112,10,5,5,5,4,3,4,3,3,2,5
4.98,4.9,0.09999999999999998,10,5,5,5,4,5,5,5,5,5,5
3.78,3.9,0.7666666666666668,10,4,3,5,4,4,4,4,5,4,2
3.84,3.4,0.9333333333333333,10,3,2,4,4,5,2,3,3,4,4
4.76,4.8,0.17777777777777773,10,5,5,4,5,5,5,5,4,5,5
2.58,2.5,0.7222222222222222,10,3,2,2,3,1,3,4,2,3,2
3.09,2.8,0.6222222222222222,10,2,4,4,2,3,3,2,2,3,3
3.87,3.9,0.5444444444444445,10,5,4,3,4,5,4,3,3,4,4
4.83,4.9,0.09999999999999999,10,5,5,5,5,5,5,5,4,5,5
1.91,1.9,0.5444444444444445,10,2,2,1,3,2,1,2,1,3,2
2.23,2.4,0.9333333333333333,10,3,2,2,2,1,3,3,4,3,1
3.48,3.1,0.3222222222222223,10,3,3,2,4,3,3,4,3,3,3
2.43,3.0,1.1111111111111112,10,2,3,3,5,2,2,4,3,4,2
2.97,3.1,1.4333333333333333,10,4,2,3,4,2,3,5,4,3,1
1.71,2.0,0.6666666666666666,10,3,2,1,3,1,2,1,2,2,3
3.5,3.7,0.8999999999999999,10,4,5,5,4,3,4,2,4,3,3
3.82,3.9,0.5444444444444444,10,3,4,3,4,4,3,4,5,5,4
2.69,2.5,1.1666666666666667,10,3,3,3,3,1,3,1,3,4,1
2.47,3.0,1.5555555555555556,10,2,2,4,4,5,1,2,3,3,4
1.0699999999999998,1.1,0.1,10,1,1,1,1,1,1,1,1,1,2
3.59,3.7,0.4555555555555555,10,3,4,3,4,3,4,3,4,5,4
1.48,1.4,0.48888888888888915,10,3,1,2,1,2,1,1,1,1,1
1.41,1.1,0.09999999999999999,10,1,1,1,1,1,1,1,2,1,1
3.1,2.9,0.5444444444444444,10,2,4,2,2,3,3,4,3,3,3
2.6100000000000003,2.3,0.6777777777777777,10,2,3,1,2,2,2,4,3,2,2
1.03,1.0,0.0,10,1,1,1,1,1,1,1,1,1,1
4.54,4.6,0.26666666666666666,10,4,5,4,5,4,4,5,5,5,5
4.720000000000001,4.6,0.2666666666666667,10,5,4,4,5,4,5,5,5,4,5
1.96,2.4,1.155555555555556,10,3,1,3,2,1,2,4,4,2,2
3.02,3.4,1.3777777777777775,10,3,4,2,5,3,4,5,2,4,2
1.53,1.9,0.9888888888888889,10,3,1,2,1,4,2,2,1,2,1
3.72,3.8,0.39999999999999997,10,4,3,3,4,5,4,4,3,4,4
4.63,4.6,0.26666666666666666,10,5,5,4,5,5,4,4,4,5,5
4.11,4.1,0.9888888888888889,10,5,4,5,4,5,2,4,4,5,3
3.26,3.2,0.6222222222222222,10,2,5,3,3,3,4,3,3,3,3
1.79,1.8,0.4000000000000001,10,2,1,2,3,2,2,1,2,1,2
1.42,1.7,0.4555555555555555,10,2,2,2,2,3,1,1,1,1,2
1.1800000000000002,1.0,0.0,10,1,1,1,1,1,1,1,1,1,1
1.3,1.3,0.23333333333333334,10,1,1,1,2,2,1,2,1,1,1
3.8,4.2,0.6222222222222222,10,5,5,4,4,3,3,5,4,4,5
1.93,1.6,0.7111111111111112,10,1,1,3,1,2,2,1,1,3,1
1.94,2.0,0.4444444444444444,10,1,2,3,2,3,2,2,2,2,1
1.66,1.7,0.23333333333333334,10,2,1,2,2,2,1,1,2,2,2
3.27,3.4,1.3777777777777775,10,4,4,4,2,5,5,2,2,3,3
3.16,3.3,1.1222222222222222,10,3,4,2,4,2,2,3,4,4,5
1.3,1.5,0.2777777777777778,10,1,2,2,1,2,2,1,1,2,1
1.46,1.6,0.2666666666666667,10,2,2,1,2,2,1,2,2,1,1
1.92,1.9,0.9888888888888889,10,3,1,2,1,3,3,3,1,1,1
3.43,3.2,0.39999999999999997,10,3,3,3,3,2,3,4,4,3,4
4.03,4.3,0.4555555555555555,10,5,4,4,5,5,3,5,4,4,4
1.64,1.6,0.7111111111111111,10,1,2,1,1,2,3,1,1,1,3
4.89,5.0,0.0,10,5,5,5,5,5,5,5,5,5,5
1.66,1.7,0.6777777777777778,10,1,1,1,3,2,2,3,2,1,1
1.4,1.3,0.4555555555555555,10,1,1,1,1,1,1,1,1,3,2
2.78,2.9,0.9888888888888887,10,2,3,4,2,4,4,3,1,3,3
2.37,2.2,0.6222222222222222,10,3,3,3,2,1,2,2,3,1,2
3.3,3.6,1.3777777777777778,10,4,5,4,3,5,3,2,3,5,2
1.87,2.1,1.4333333333333336,10,1,1,1,2,2,2,1,4,3,4
1.57,1.7,0.6777777777777778,10,1,2,2,1,3,3,1,1,2,1
4.23,3.9,0.9888888888888889,10,2,4,4,4,3,5,5,4,5,3
2.98,2.7,0.8999999999999999,10,2,1,3,3,4,3,2,3,2,4
1.69,1.8,0.6222222222222222,10,1,3,1,1,3,2,1,2,2,2
3.47,3.3,0.4555555555555555,10,3,3,4,4,3,4,2,3,3,4
2.8600000000000003,3.1,0.7666666666666665,10,4,3,3,4,1,3,4,3,3,3
2.97,2.4,0.48888888888888904,10,3,3,2,4,2,2,2,2,2,2
4.41,4.2,0.39999999999999997,10,4,4,5,4,4,5,3,4,4,5
2.46,2.8,0.8444444444444444,10,2,3,2,2,3,4,4,4,2,2
2.17,2.6,0.7111111111111112,10,3,4,2,3,2,3,3,3,1,2
2.46,1.9,0.7666666666666666,10,2,3,3,2,2,3,1,1,1,1
1.65,1.3,0.23333333333333334,10,1,1,1,2,2,1,1,1,1,2
1.57,1.2,0.17777777777777784,10,2,1,1,2,1,1,1,1,1,1
4.46,4.2,0.8444444444444444,10,4,4,5,2,4,4,4,5,5,5
3.98,3.8,1.066666666666667,10,3,5,4,5,4,2,5,3,3,4
4.12,3.7,0.23333333333333334,10,3,4,3,4,4,4,3,4,4,4
4.51,4.4,0.48888888888888893,10,5,4,5,5,4,4,5,3,5,4
4.8,4.9,0.09999999999999999,10,5,5,5,5,5,5,5,4,5,5
3.63,3.9,0.7666666666666666,10,4,4,4,2,4,3,5,5,4,4
2.25,2.0,0.6666666666666666,10,2,2,2,1,2,3,3,3,1,1
3.45,3.4,0.9333333333333333,10,4,5,2,3,4,3,3,2,4,4
1.72,1.3,0.23333333333333334,10,2,1,1,1,2,1,1,2,1,1
1.51,1.4,0.2666666666666667,10,1,2,1,1,2,1,1,2,1,2
3.25,3.6,1.6,10,4,5,5,4,1,4,4,2,3,4
2.03,2.5,0.9444444444444444,10,3,2,4,2,3,3,3,3,1,1
4.92,5.0,0.0,10,5,5,5,5,5,5,5,5,5,5
2.12,2.3,1.3444444444444443,10,2,2,3,2,2,3,2,1,5,1
3.04,3.0,0.6666666666666666,10,3,4,2,4,3,4,2,3,3,2
4.69,4.7,0.23333333333333334,10,5,5,5,4,5,4,4,5,5,5
2.65,2.6,0.7111111111111111,10,2,3,3,3,3,4,2,2,3,1
3.31,3.7,0.8999999999999999,10,3,3,3,5,3,3,4,3,5,5
2.44,2.5,1.1666666666666667,10,2,3,3,2,4,1,4,2,1,3
4.2700000000000005,4.3,0.23333333333333334,10,5,5,4,4,4,4,4,5,4,4
2.15,1.9,0.32222222222222235,10,1,2,3,2,2,2,2,2,2,1
4.61,4.7,0.23333333333333334,10,5,5,5,5,4,5,4,5,5,4
1.15,1.4,0.48888888888888904,10,2,1,1,1,1,3,1,2,1,1
1.16,1.2,0.17777777777777784,10,2,1,1,1,1,1,2,1,1,1
2.99,3.1,1.4333333333333336,10,3,4,4,1,5,4,3,2,3,2
3.74,4.0,0.8888888888888888,10,3,3,5,3,4,4,5,3,5,5
4.2700000000000005,4.3,0.8999999999999999,10,4,5,5,5,2,4,5,4,4,5
2.34,2.5,0.7222222222222222,10,2,3,3,2,2,1,4,2,3,3
4.5200000000000005,4.6,0.4888888888888888,10,5,5,5,5,5,3,4,5,5,4
2.8,2.9,1.655555555555556,10,4,2,4,4,1,2,3,4,1,4
1.78,1.8,0.8444444444444446,10,3,1,2,2,1,1,3,3,1,1
3.22,3.3,0.8999999999999999,10,3,4,3,3,4,2,2,3,4,5
3.81,3.8,0.8444444444444444,10,5,4,4,4,2,4,3,5,3,4
4.46,4.5,0.5,10,5,5,4,5,5,4,5,3,4,5
2.94,2.9,1.2111111111111112,10,1,4,3,1,3,3,3,3,4,4
4.43,4.5,0.5,10,4,5,5,5,5,4,5,3,5,4
1.32,1.1,0.09999999999999999,10,1,1,2,1,1,1,1,1,1,1
4.32,4.3,0.4555555555555555,10,5,4,4,5,4,5,5,4,3,4
4.57,4.5,0.2777777777777778,10,4,5,5,5,4,5,4,4,5,4
1.92,2.1,0.9888888888888889,10,3,3,3,1,1,3,2,1,1,3
4.2,4.4,0.7111111111111111,10,4,5,5,5,4,5,3,5,3,5
4.34,4.5,0.2777777777777778,10,5,4,5,5,4,4,4,5,5,4
1.67,1.6,0.2666666666666667,10,2,2,1,1,2,1,2,2,1,2
3.17,2.7,1.5666666666666667,10,1,1,2,3,5,4,2,3,3,3
1.51,1.6,0.2666666666666667,10,2,2,2,2,2,1,1,1,1,2
3.24,3.3,0.6777777777777777,10,3,4,3,4,3,3,3,5,3,2
4.85,5.0,0.0,10,5,5,5,5,5,5,5,5,5,5
4.92,4.9,0.09999999999999996,10,4,5,5,5,5,5,5,5,5,5
3.12,2.9,0.7666666666666665,10,3,3,3,4,1,4,3,2,3,3
2.71,2.3,1.5666666666666667,10,2,3,3,2,1,1,2,3,1,5
2.74,3.1,1.2111111111111112,10,3,3,3,2,5,4,3,3,1,4
3.32,3.3,0.4555555555555555,10,3,3,3,4,3,4,4,2,4,3
4.470000000000001,4.3,0.23333333333333334,10,5,5,4,4,4,4,4,5,4,4
1.8,1.9,0.5444444444444445,10,1,1,2,3,2,2,1,2,3,2
3.3600000000000003,3.8,0.39999999999999997,10,4,4,5,3,3,4,4,4,4,3
4.470000000000001,4.4,0.9333333333333333,10,4,5,4,5,2,4,5,5,5,5
4.41,4.8,0.17777777777777773,10,5,5,4,5,5,5,5,5,5,4
4.02,3.9,0.9888888888888887,10,3,3,5,5,4,4,4,4,5,2
2.56,2.7,0.6777777777777777,10,2,2,4,3,4,3,3,2,2,2
3.73,3.6,0.7111111111111112,10,4,4,3,2,4,3,4,3,5,4
1.01,1.0,0.0,10,1,1,1,1,1,1,1,1,1,1
2.04,2.2,1.0666666666666669,10,3,3,1,2,2,1,4,1,2,3
4.14,4.3,0.4555555555555555,10,5,4,5,5,4,3,4,4,4,5
4.95,5.0,0.0,10,5,5,5,5,5,5,5,5,5,5
1.26,1.5,0.5,10,2,2,1,1,2,1,1,3,1,1
3.89,3.8,0.6222222222222222,10,3,3,3,4,4,5,3,4,5,4
4.9,4.9,0.09999999999999999,10,5,5,5,5,5,5,4,5,5,5
3.73,3.8,0.39999999999999997,10,5,4,3,4,3,4,3,4,4,4
4.59,4.4,0.26666666666666666,10,5,4,4,5,5,4,4,5,4,4
1.29,1.0,0.0,10,1,1,1,1,1,1,1,1,1,1
3.61,4.3,0.23333333333333334,10,4,4,5,4,4,4,4,5,5,4
1.56,1.3,0.23333333333333334,10,1,1,1,1,1,1,1,2,2,2
3.48,3.5,0.5,10,5,3,3,4,3,4,4,3,3,3
4.720000000000001,4.5,0.5,10,3,4,5,4,5,5,5,5,4,5
4.86,4.9,0.09999999999999999,10,5,5,5,5,5,5,4,5,5,5
2.45,3.0,0.6666666666666666,10,3,4,3,3,3,1,3,4,3,3
4.66,4.6,0.26666666666666666,10,5,5,5,5,5,4,4,4,5,4
1.47,1.3,0.45555555555555544,10,1,3,1,1,1,2,1,1,1,1
1.49,1.7,0.4555555555555555,10,1,1,2,2,3,2,2,2,1,1
1.72,2.2,1.0666666666666669,10,1,3,2,3,1,2,4,3,2,1
3.8,4.0,0.4444444444444444,10,5,5,4,4,3,4,3,4,4,4
2.97,2.3,1.3444444444444443,10,2,3,2,4,2,1,1,1,3,4
4.95,5.0,0.0,10,5,5,5,5,5,5,5,5,5,5
1.85,2.0,1.1111111111111112,10,2,4,1,3,2,2,1,1,3,1
1.06,1.1,0.09999999999999999,10,2,1,1,1,1,1,1,1,1,1
3.2,3.4,0.9333333333333333,10,4,4,3,4,4,1,4,4,3,3
2.23,2.2,0.6222222222222222,10,3,2,2,3,1,2,3,3,2,1
4.13,3.7,0.8999999999999999,10,4,4,5,3,4,4,3,3,5,2
1.44,1.4,0.2666666666666667,10,1,2,2,1,2,1,1,2,1,1
4.58,4.7,0.23333333333333334,10,4,5,4,5,5,5,4,5,5,5
3.53,3.7,0.6777777777777777,10,2,4,4,5,4,3,4,4,4,3
2.93,3.5,0.7222222222222222,10,4,3,3,3,4,5,4,4,2,3
3.57,3.4,1.155555555555556,10,3,3,2,3,4,3,5,2,4,5
2.59,2.4,0.48888888888888904,10,2,3,2,1,3,3,3,3,2,2
2.97,2.9,1.211111111111111,10,3,3,4,2,2,3,5,1,3,3
4.0,3.7,0.8999999999999999,10,4,5,2,5,3,3,3,4,4,4
3.7,3.4,0.7111111111111112,10,3,4,3,2,3,4,5,4,3,3
1.1800000000000002,1.3,0.45555555555555544,10,1,3,1,1,1,2,1,1,1,1
4.32,4.3,0.8999999999999999,10,2,4,5,4,4,5,5,5,4,5
4.67,4.9,0.09999999999999998,10,5,5,5,4,5,5,5,5,5,5
2.27,2.2,0.6222222222222222,10,3,2,2,3,1,2,3,3,2,1
3.48,3.3,0.6777777777777777,10,4,4,3,3,3,4,2,4,2,4
2.93,3.3,0.8999999999999999,10,2,4,4,5,2,4,3,3,3,3
4.19,4.6,0.2666666666666667,10,4,4,5,5,4,5,5,5,5,4
1.65,1.5,0.2777777777777778,10,2,1,1,1,2,2,1,1,2,2
2.56,2.7,1.1222222222222222,10,3,3,3,1,2,3,3,5,2,2
3.69,3.9,1.655555555555556,10,5,4,5,4,4,3,5,1,3,5
2.33,2.2,0.8444444444444444,10,4,2,3,3,2,2,2,1,1,2
4.3100000000000005,4.8,0.17777777777777773,10,5,5,5,5,4,5,5,5,4,5
3.29,3.1,0.32222222222222224,10,3,3,2,3,3,3,4,4,3,3
4.15,4.2,0.6222222222222222,10,5,4,5,3,5,4,3,4,5,4
3.77,4.0,1.1111111111111112,10,3,5,2,4,4,5,5,4,5,3
4.2700000000000005,4.3,0.4555555555555555,10,3,5,5,4,4,5,4,4,4,5
1.0699999999999998,1.2,0.1777777777777778,10,1,1,2,1,1,1,1,1,2,1
4.48,4.5,0.5,10,5,3,5,4,4,5,5,5,4,5
1.93,1.9,0.3222222222222223,10,2,2,2,2,1,2,3,2,1,2
2.58,2.8,0.39999999999999997,10,3,4,3,3,3,3,3,2,2,2
2.99,3.2,1.5111111111111113,10,5,3,4,4,4,2,1,4,3,2
4.75,4.7,0.4555555555555555,10,5,5,5,5,5,5,3,5,4,5
1.14,1.2,0.17777777777777784,10,1,2,1,1,1,2,1,1,1,1
4.88,4.9,0.09999999999999998,10,5,5,5,5,5,4,5,5,5,5
2.7,2.6,0.7111111111111112,10,3,3,3,1,2,2,4,3,2,3
3.42,3.5,0.5,10,4,4,5,3,3,3,3,4,3,3
4.83,4.6,0.4888888888888888,10,4,5,5,5,5,3,5,5,5,4
2.4,2.3,0.23333333333333334,10,2,2,2,3,2,2,2,3,2,3
2.29,2.2,0.6222222222222222,10,2,3,1,2,2,4,2,2,2,2
1.46,1.1,0.1,10,1,1,1,1,1,1,1,1,2,1
3.4,3.0,1.5555555555555556,10,4,1,3,1,4,4,4,3,2,4
2.21,2.3,0.6777777777777777,10,3,2,3,2,1,2,3,3,3,1
1.19,1.2,0.1777777777777778,10,1,1,1,2,1,1,1,2,1,1
2.76,2.8,1.2888888888888892,10,3,2,1,5,3,2,2,3,4,3
4.33,4.3,0.4555555555555555,10,4,4,4,4,4,5,3,5,5,5
4.279999999999999,4.6,0.7111111111111109,10,5,5,5,3,5,5,5,5,3,5
3.15,2.8,1.2888888888888894,10,5,1,3,2,3,3,2,3,4,2
1.39,1.4,0.2666666666666667,10,1,2,1,1,2,1,2,1,2,1
3.37,4.0,1.1111111111111112,10,5,4,4,3,4,5,3,5,2,5
4.18,4.4,0.711111111111111,10,3,5,3,5,4,4,5,5,5,5
1.05,1.2,0.17777777777777784,10,2,1,1,1,1,2,1,1,1,1
3.7,3.4,0.7111111111111112,10,3,4,3,5,4,3,2,3,4,3
3.06,2.7,0.4555555555555555,10,3,3,3,3,2,3,1,3,3,3
2.65,3.0,1.1111111111111112,10,4,2,3,4,3,4,2,1,4,3
3.66,3.5,1.3888888888888888,10,4,3,3,5,3,3,5,1,4,4
2.47,2.4,1.1555555555555557,10,2,1,2,4,1,3,2,4,3,2
2.1,2.0,0.6666666666666666,10,2,2,3,3,3,2,2,1,1,1
1.25,1.3,0.23333333333333334,10,1,2,1,1,2,1,2,1,1,1
4.83,4.7,0.23333333333333334,10,5,5,5,4,4,5,4,5,5,5
1.88,1.7,0.6777777777777778,10,3,1,3,1,1,1,2,2,1,2
3.68,3.8,0.8444444444444444,10,3,3,3,5,4,4,5,5,3,3
3.39,3.1,0.9888888888888887,10,3,2,3,5,3,3,4,2,4,2
1.27,1.4,0.2666666666666667,10,1,2,1,1,2,1,2,1,1,2
2.26,2.2,0.39999999999999997,10,3,2,3,3,2,2,2,1,2,2
1.09,1.1,0.09999999999999999,10,1,1,1,1,2,1,1,1,1,1
4.75,4.7,0.23333333333333334,10,5,5,4,5,5,5,4,5,5,4
4.0600000000000005,3.8,0.6222222222222222,10,4,4,4,4,3,4,4,4,2,5
1.11,1.1,0.09999999999999999,10,1,1,2,1,1,1,1,1,1,1
2.89,3.4,0.7111111111111112,10,4,2,3,3,4,4,4,4,4,2
1.37,1.4,0.2666666666666667,10,2,1,2,1,2,1,1,2,1,1
2.22,2.8,1.0666666666666669,10,1,3,4,3,2,4,3,2,4,2
2.05,1.8,0.6222222222222222,10,1,2,3,1,1,2,1,3,2,2
1.63,1.4,0.48888888888888915,10,3,1,1,1,2,1,1,1,1,2
2.33,2.4,0.48888888888888893,10,2,2,3,2,2,2,2,4,3,2
3.59,3.5,1.1666666666666667,10,2,2,3,4,5,5,4,3,4,3
3.05,3.1,0.9888888888888889,10,5,3,3,1,3,4,3,3,3,3
3.42,3.3,0.4555555555555555,10,3,3,3,4,3,2,3,4,4,4
2.8600000000000003,2.6,0.9333333333333336,10,2,2,4,3,2,3,3,2,4,1
1.34,1.2,0.1777777777777778,10,1,1,1,2,2,1,1,1,1,1
4.55,4.6,0.2666666666666667,10,4,5,5,4,4,5,5,5,5,4
2.87,3.0,0.2222222222222222,10,3,4,3,3,2,3,3,3,3,3
1.71,1.6,0.2666666666666667,10,1,1,2,2,1,2,1,2,2,2
4.87,4.9,0.09999999999999999,10,5,5,5,5,5,5,5,5,4,5
1.63,1.5,0.7222222222222222,10,2,1,1,3,1,1,3,1,1,1
2.08,2.2,0.39999999999999997,10,1,3,2,2,2,3,3,2,2,2
1.37,1.2,0.17777777777777778,10,1,1,1,1,1,1,2,2,1,1
4.51,4.5,0.2777777777777778,10,5,4,5,4,5,4,5,4,5,4
4.57,4.7,0.23333333333333334,10,4,4,5,5,5,4,5,5,5,5
2.33,1.9,0.5444444444444444,10,3,2,3,2,2,1,1,2,2,1
2.54,2.8,1.511111111111111,10,2,2,2,5,3,2,4,1,4,3
4.33,4.4,0.2666666666666667,10,4,5,5,4,4,5,4,4,5,4
4.07,4.1,0.9888888888888889,10,4,4,5,4,4,3,5,5,2,5
1.72,1.6,0.2666666666666667,10,1,2,2,2,1,2,2,1,1,2
3.19,3.2,0.8444444444444444,10,4,3,3,3,3,2,5,2,3,4
4.64,4.5,0.2777777777777778,10,5,4,4,4,5,5,4,4,5,5
2.53,2.2,0.39999999999999997,10,2,2,2,1,2,3,3,3,2,2
4.92,4.5,0.2777777777777778,10,5,4,5,5,4,5,4,4,4,5
1.33,1.5,0.2777777777777778,10,2,2,2,1,1,1,2,1,2,1
3.03,3.0,0.6666666666666666,10,4,3,2,4,2,3,2,3,4,3
2.35,2.0,0.8888888888888888,10,3,1,1,2,2,2,2,1,4,2
4.68,4.6,0.26666666666666666,10,4,5,4,5,5,5,4,4,5,5
1.25,1.4,0.48888888888888893,10,2,1,1,2,1,1,1,1,1,3
3.34,3.4,0.9333333333333333,10,2,5,2,4,3,4,3,4,3,4
3.9,4.1,0.7666666666666666,10,3,5,5,3,4,5,4,3,4,5
1.64,1.5,0.2777777777777778,10,1,2,2,1,2,1,1,2,2,1
1.41,1.6,0.48888888888888893,10,2,2,2,2,1,1,1,1,3,1
1.56,1.4,0.2666666666666667,10,1,1,2,1,1,1,2,2,1,2
3.75,4.1,0.7666666666666666,10,3,4,5,5,4,5,3,4,3,5
1.84,1.8,0.6222222222222222,10,1,3,2,1,1,2,1,2,3,2
2.87,2.6,0.48888888888888904,10,2,4,2,2,2,2,3,3,3,3
4.24,4.2,0.6222222222222222,10,4,5,5,5,3,4,4,3,5,4
3.22,3.2,0.6222222222222222,10,3,3,4,2,4,4,3,2,4,3
1.39,1.4,0.2666666666666667,10,1,1,1,2,2,2,1,1,1,2
1.01,1.0,0.0,10,1,1,1,1,1,1,1,1,1,1
3.1100000000000003,3.7,1.1222222222222222,10,3,3,3,4,3,5,5,2,4,5
1.24,1.0,0.0,10,1,1,1,1,1,1,1,1,1,1
4.73,4.8,0.17777777777777773,10,4,5,5,5,5,4,5,5,5,5
2.17,1.8,0.4000000000000001,10,1,2,2,3,2,1,2,1,2,2
2.33,2.2,1.0666666666666669,10,1,3,2,4,2,2,1,3,1,3
3.51,3.2,0.6222222222222222,10,2,3,3,3,4,3,2,4,4,4
4.5200000000000005,4.4,0.4888888888888888,10,5,3,5,4,4,5,5,5,4,4
1.55,1.9,0.7666666666666666,10,2,1,3,1,2,3,1,3,2,1
2.28,2.3,0.4555555555555555,10,1,2,3,3,3,2,3,2,2,2
2.63,2.6,0.7111111111111111,10,3,3,3,2,3,2,2,1,4,3
1.62,1.2,0.17777777777777784,10,1,2,1,1,2,1,1,1,1,1
4.8,4.9,0.09999999999999996,10,4,5,5,5,5,5,5,5,5,5
3.94,3.7,0.8999999999999999,10,3,5,4,4,2,3,5,4,3,4
3.81,4.2,0.39999999999999997,10,4,4,4,4,5,4,5,5,4,3
1.27,1.3,0.23333333333333334,10,1,2,2,1,1,1,1,2,1,1
2.64,3.0,0.6666666666666666,10,4,2,3,3,2,4,2,3,3,4
2.92,2.9,1.655555555555556,10,4,4,2,5,2,3,2,1,4,2
4.86,4.9,0.09999999999999996,10,4,5,5,5,5,5,5,5,5,5
2.01,2.2,0.8444444444444444,10,1,3,3,1,2,1,2,3,3,3
2.84,2.9,0.5444444444444444,10,3,4,2,3,2,4,2,3,3,3
4.09,4.2,0.8444444444444444,10,5,5,4,4,4,4,5,2,5,4
3.02,2.4,0.7111111111111112,10,3,2,2,3,4,1,3,2,2,2
2.57,2.6,1.3777777777777775,10,3,1,2,1,2,4,3,4,4,2
2.93,3.2,0.39999999999999997,10,3,4,3,4,4,3,3,3,2,3
4.8,4.9,0.09999999999999998,10,5,5,4,5,5,5,5,5,5,5
2.08,1.7,0.6777777777777777,10,1,1,3,2,2,1,3,2,1,1
1.45,1.4,0.2666666666666667,10,2,2,2,1,1,1,2,1,1,1
3.47,3.6,1.1555555555555557,10,2,3,4,3,2,4,5,5,4,4
3.06,3.5,0.5,10,4,4,4,2,3,4,4,3,4,3
2.63,2.9,0.7666666666666667,10,3,3,2,4,3,4,3,3,1,3
3.3600000000000003,3.4,0.9333333333333333,10,4,3,5,2,4,4,4,3,2,3
2.12,2.0,0.8888888888888888,10,3,1,4,2,1,1,2,2,2,2
4.02,4.4,0.4888888888888888,10,5,4,4,5,4,3,5,5,5,4
2.78,2.5,0.5,10,3,2,2,3,2,3,3,3,1,3
4.86,4.9,0.09999999999999996,10,4,5,5,5,5,5,5,5,5,5
3.34,3.5,0.7222222222222222,10,2,3,4,4,4,4,2,4,4,4
2.8600000000000003,3.0,0.8888888888888888,10,3,3,4,4,3,3,2,4,3,1
3.56,2.9,0.7666666666666666,10,2,3,4,2,3,3,2,4,2,4
2.55,2.1,0.9888888888888889,10,1,2,2,3,4,2,1,1,3,2
2.78,3.1,0.7666666666666666,10,4,2,2,3,4,4,3,3,2,4
3.97,3.9,0.5444444444444444,10,4,4,4,3,4,5,4,3,5,3
3.25,4.2,0.6222222222222222,10,5,4,5,4,4,5,3,4,3,5
2.93,3.4,0.7111111111111111,10,4,3,3,3,4,3,2,5,3,4
2.18,2.1,0.7666666666666666,10,2,3,2,2,2,2,2,1,4,1
3.53,3.8,0.8444444444444444,10,5,5,3,3,3,3,4,4,3,5
4.46,4.5,0.2777777777777778,10,4,4,4,5,5,5,4,5,4,5
2.92,2.5,0.2777777777777778,10,2,3,3,2,3,3,2,2,3,2
4.61,4.4,0.2666666666666667,10,5,4,4,5,4,4,5,4,5,4
2.69,2.2,1.0666666666666669,10,3,1,2,1,3,2,1,4,2,3
2.58,2.6,1.6,10,3,2,4,2,5,3,3,1,2,1
3.07,2.3,2.011111111111111,10,2,1,2,4,1,5,1,3,1,3
2.32,2.3,0.8999999999999999,10,3,3,1,3,1,3,3,3,1,2
4.09,4.4,0.711111111111111,10,5,3,4,5,4,5,5,3,5,5
2.63,2.5,0.7222222222222222,10,3,2,2,3,4,1,3,3,2,2
3.02,3.8,0.8444444444444444,10,5,4,5,3,4,4,4,4,2,3
3.55,3.4,0.7111111111111114,10,5,2,3,3,4,3,4,4,3,3
1.22,1.6,0.48888888888888904,10,1,1,3,2,2,2,1,1,2,1
2.41,2.6,0.48888888888888893,10,3,2,2,2,2,4,3,3,3,2
1.37,1.3,0.23333333333333334,10,1,2,2,1,1,1,1,1,2,1
1.42,1.5,0.2777777777777778,10,1,2,1,2,2,1,1,2,2,1
4.84,4.8,0.17777777777777773,10,5,5,5,5,4,5,5,5,4,5
3.18,3.4,0.7111111111111112,10,3,3,3,3,2,4,4,3,5,4
4.19,3.9,0.5444444444444445,10,4,3,4,4,5,4,5,4,3,3
4.2,4.4,0.2666666666666667,10,5,4,4,5,4,5,4,4,5,4
4.720000000000001,4.7,0.23333333333333334,10,5,5,5,4,5,4,5,5,5,4
4.48,4.5,0.2777777777777778,10,4,5,5,4,5,5,4,5,4,4
4.36,4.8,0.17777777777777776,10,5,5,5,5,5,5,4,5,4,5
1.19,1.1,0.09999999999999999,10,1,1,1,1,1,2,1,1,1,1
1.96,2.2,1.0666666666666667,10,2,1,3,3,2,1,1,3,2,4
3.14,3.7,0.8999999999999999,10,3,4,4,4,5,2,3,3,4,5
1.0,1.0,0.0,10,1,1,1,1,1,1,1,1,1,1
1.3,1.2,0.1777777777777778,10,1,1,1,1,1,2,1,1,2,1
1.45,1.3,0.23333333333333334,10,1,2,1,2,1,1,1,1,2,1
3.67,3.5,1.1666666666666667,10,2,4,2,5,4,3,3,3,5,4
1.61,1.8,0.8444444444444446,10,1,2,1,2,2,2,1,4,2,1
1.1,1.2,0.1777777777777778,10,1,1,2,1,2,1,1,1,1,1
1.99,1.8,0.8444444444444446,10,2,2,1,2,1,1,4,2,1,2
3.7,4.0,0.8888888888888888,10,4,3,5,5,5,4,3,5,3,3
1.83,1.5,0.2777777777777778,10,2,1,2,1,2,1,1,2,1,2
4.09,4.2,1.0666666666666667,10,5,4,4,5,5,5,3,4,5,2
1.86,2.4,1.3777777777777775,10,1,1,2,3,2,4,4,3,3,1
3.26,3.1,1.6555555555555557,10,3,4,4,1,4,4,4,4,1,2
2.48,3.0,0.6666666666666666,10,3,3,2,3,3,4,2,4,4,2
4.2,4.3,0.6777777777777777,10,3,5,4,4,3,5,5,5,4,5
4.7700000000000005,4.9,0.09999999999999999,10,5,5,5,5,5,5,5,4,5,5
3.95,4.2,0.39999999999999997,10,5,5,5,4,4,4,3,4,4,4
2.94,3.3,0.8999999999999999,10,3,4,4,3,2,4,2,5,3,3
1.75,1.8,0.6222222222222222,10,1,2,2,1,3,3,2,1,2,1
3.79,3.8,0.6222222222222222,10,5,4,4,4,4,3,3,5,3,3
4.21,4.2,0.39999999999999997,10,3,4,4,4,4,4,5,5,5,4
3.99,3.7,1.1222222222222222,10,5,4,4,2,4,3,4,2,5,4
2.19,1.6,0.7111111111111112,10,1,2,3,1,1,3,1,1,2,1
4.07,4.3,0.4555555555555555,10,5,4,4,5,4,4,5,4,3,5
3.03,3.6,1.3777777777777775,10,4,3,4,5,4,4,5,1,3,3
3.59,2.8,0.8444444444444444,10,1,2,3,3,4,3,3,4,2,3
4.26,4.1,0.5444444444444444,10,5,3,5,4,5,4,3,4,4,4
1.92,2.4,1.155555555555556,10,3,4,2,2,1,1,2,3,2,4
3.68,3.8,0.8444444444444444,10,2,4,3,4,5,4,4,4,3,5
4.16,4.3,0.4555555555555555,10,3,5,5,4,4,4,4,4,5,5
3.79,3.9,0.9888888888888889,10,3,4,5,4,4,4,3,2,5,5
1.58,1.3,0.23333333333333334,10,2,1,1,1,2,1,1,1,1,2
4.16,4.0,0.4444444444444444,10,4,5,4,4,3,4,4,3,4,5
1.87,1.7,0.4555555555555555,10,2,3,2,1,1,1,2,2,1,2
3.56,3.5,0.5,10,2,4,4,4,4,3,3,4,4,3
3.62,4.0,0.8888888888888888,10,4,5,3,4,5,4,4,5,2,4
1.71,1.7,1.1222222222222222,10,1,1,2,4,1,1,3,2,1,1
3.04,3.1,0.5444444444444445,10,3,3,3,4,4,4,2,3,2,3
3.76,3.8,0.8444444444444444,10,3,5,3,3,3,4,5,3,5,4
4.13,4.3,0.8999999999999999,10,3,5,5,3,5,4,5,5,3,5
3.69,4.0,1.5555555555555556,10,5,4,4,3,5,5,5,1,4,4
3.2,3.2,0.8444444444444444,10,4,3,3,4,1,3,4,3,4,3
1.34,1.2,0.1777777777777778,10,1,1,1,1,2,2,1,1,1,1
2.51,2.0,0.4444444444444444,10,2,3,2,2,3,2,1,1,2,2
1.93,2.5,0.5,10,3,2,1,3,3,2,2,3,3,3
1.96,2.3,0.8999999999999999,10,2,3,1,3,3,1,1,3,3,3
1.17,1.3,0.23333333333333334,10,1,2,1,1,1,2,1,2,1,1
2.72,3.0,0.8888888888888888,10,4,2,3,4,4,3,2,2,2,4
3.14,3.4,0.7111111111111114,10,5,3,3,4,3,3,3,4,4,2
2.71,2.7,1.3444444444444443,10,4,3,4,3,3,1,1,2,2,4
4.720000000000001,4.6,0.4888888888888887,10,5,3,5,5,5,4,5,4,5,5
3.54,3.3,0.4555555555555555,10,3,3,4,4,4,3,3,2,4,3
3.45,3.4,1.3777777777777778,10,5,3,3,2,3,3,5,3,5,2
4.24,4.2,0.6222222222222222,10,4,3,4,5,4,4,5,5,5,3
1.33,1.3,0.23333333333333334,10,1,2,1,1,2,2,1,1,1,1
1.51,1.6,0.48888888888888893,10,1,1,2,1,2,1,3,2,2,1
1.8,1.8,0.6222222222222222,10,1,2,3,2,1,3,1,2,1,2
1.83,2.1,1.6555555555555557,10,1,1,3,3,1,5,2,1,2,2
4.29,4.3,0.4555555555555555,10,5,3,5,4,5,4,4,4,5,4
2.34,2.3,1.3444444444444443,10,2,2,3,2,2,5,1,2,3,1
3.86,3.6,0.48888888888888893,10,4,4,4,4,3,3,2,4,4,4
1.23,1.1,0.09999999999999999,10,1,1,1,1,1,2,1,1,1,1
1.32,1.4,0.2666666666666667,10,2,1,1,2,2,1,1,1,1,2
4.26,4.4,0.4888888888888888,10,4,3,4,5,5,5,5,5,4,4
1.26,1.4,0.2666666666666667,10,1,1,1,1,2,2,1,2,1,2
4.529999999999999,4.8,0.17777777777777773,10,5,5,5,5,4,4,5,5,5,5
2.6100000000000003,2.6,1.1555555555555554,10,4,3,3,3,1,4,3,1,2,2
2.65,2.9,1.6555555555555557,10,5,4,4,2,2,3,2,4,1,2
3.79,3.8,0.17777777777777773,10,3,4,4,4,4,4,3,4,4,4
4.18,3.5,1.8333333333333333,10,3,4,1,5,5,3,5,4,3,2
4.5200000000000005,4.5,0.5,10,5,4,5,3,5,4,5,4,5,5
4.32,4.7,0.4555555555555555,10,5,3,5,5,5,5,5,5,4,5
1.87,2.0,0.2222222222222222,10,2,2,2,3,2,2,2,2,2,1
3.71,3.9,1.4333333333333336,10,2,3,5,3,3,5,5,5,3,5
3.52,3.8,1.288888888888889,10,2,4,2,3,5,4,4,4,5,5
2.73,2.8,0.8444444444444444,10,4,2,4,4,2,2,2,3,2,3
4.2,4.3,0.8999999999999999,10,4,5,5,3,5,5,5,3,3,5
2.76,2.7,1.3444444444444443,10,2,2,4,2,4,2,2,5,2,2
1.39,1.4,0.2666666666666667,10,2,1,1,1,2,1,2,2,1,1
3.84,4.2,0.39999999999999997,10,4,5,4,3,4,4,4,5,4,5
1.99,1.7,0.4555555555555556,10,2,2,1,2,1,1,2,3,1,2
1.0,1.0,0.0,10,1,1,1,1,1,1,1,1,1,1
2.13,2.1,0.7666666666666665,10,4,2,3,2,1,2,2,2,2,1
2.34,2.7,1.3444444444444443,10,3,2,4,2,2,3,3,1,2,5
4.08,3.8,1.0666666666666669,10,5,2,4,3,4,5,5,3,4,3
1.24,1.1,0.09999999999999999,10,1,1,1,2,1,1,1,1,1,1
3.82,4.3,0.4555555555555555,10,5,5,4,4,5,4,4,5,3,4
4.11,4.4,0.48888888888888893,10,4,5,5,4,5,5,5,4,3,4
3.78,3.7,0.4555555555555555,10,4,3,5,4,4,4,3,3,4,3
2.03,2.1,1.4333333333333336,10,1,2,1,2,1,2,4,3,4,1
3.24,2.6,0.9333333333333336,10,4,2,3,2,3,4,2,3,2,1
1.19,1.1,0.09999999999999999,10,1,1,1,2,1,1,1,1,1,1
1.17,1.2,0.4,10,1,1,1,1,1,1,3,1,1,1
1.92,1.8,0.1777777777777778,10,2,2,1,2,1,2,2,2,2,2
4.26,4.4,0.48888888888888893,10,5,5,4,4,5,5,4,5,3,4
1.95,1.5,0.2777777777777778,10,2,1,1,2,2,1,1,1,2,2
2.31,2.3,0.8999999999999999,10,3,2,3,2,4,1,2,1,2,3
3.18,2.9,1.4333333333333333,10,2,4,4,1,3,5,3,3,2,2
1.71,1.3,0.23333333333333334,10,1,2,1,1,1,2,1,1,2,1
1.38,1.4,0.48888888888888904,10,1,1,1,3,1,2,1,2,1,1
3.81,3.6,0.9333333333333333,10,5,4,4,5,3,3,4,2,3,3
2.53,3.1,0.9888888888888889,10,2,3,4,2,3,3,5,4,3,2
2.26,2.5,0.5,10,3,2,4,2,3,3,2,2,2,2
1.88,1.5,0.2777777777777778,10,2,2,1,2,2,1,1,1,2,1
2.32,1.9,0.5444444444444443,10,1,2,2,3,1,1,3,2,2,2
1.02,1.0,0.0,10,1,1,1,1,1,1,1,1,1,1
1.28,1.2,0.4,10,1,1,1,1,1,1,3,1,1,1
1.27,1.4,0.2666666666666667,10,1,2,1,1,1,1,1,2,2,2
1.06,1.0,0.0,10,1,1,1,1,1,1,1,1,1,1
1.77,1.7,0.45555555555555544,10,2,3,1,2,1,2,2,2,1,1
1.77,1.8,0.4000000000000001,10,2,2,2,3,1,1,2,2,1,2
4.220000000000001,4.1,1.2111111111111112,10,5,5,5,5,3,5,2,4,4,3
4.96,5.0,0.0,10,5,5,5,5,5,5,5,5,5,5
1.61,1.3,0.9000000000000001,10,1,1,1,1,4,1,1,1,1,1
2.7,3.2,1.066666666666667,10,3,3,4,2,2,5,2,4,4,3
4.74,4.6,0.2666666666666667,10,5,5,4,4,5,4,5,5,5,4
1.8,1.5,0.7222222222222222,10,1,1,1,1,1,1,3,3,1,2
1.62,1.5,0.2777777777777778,10,1,1,2,1,2,2,2,1,1,2
4.69,4.3,1.1222222222222222,10,5,5,3,5,4,5,5,2,4,5
3.43,3.4,1.6000000000000003,10,5,4,4,4,3,2,3,5,1,3
3.29,3.5,0.2777777777777778,10,4,3,4,4,3,3,4,3,4,3
3.25,2.8,1.0666666666666669,10,2,4,4,3,3,2,1,4,3,2
2.88,2.4,1.155555555555556,10,2,1,1,4,3,3,2,2,4,2
4.99,5.0,0.0,10,5,5,5,5,5,5,5,5,5,5
1.25,1.1,0.09999999999999999,10,1,1,1,2,1,1,1,1,1,1
2.24,2.2,1.2888888888888892,10,1,3,1,2,5,2,2,2,2,2
3.47,3.8,0.8444444444444444,10,3,5,5,5,4,3,3,3,3,4
4.68,4.8,0.17777777777777773,10,5,4,5,5,5,5,5,5,4,5
2.71,3.1,1.2111111111111112,10,5,3,4,4,2,2,4,3,2,2
1.81,1.6,0.48888888888888904,10,2,3,2,1,1,1,1,2,2,1
1.47,1.6,0.48888888888888893,10,2,1,1,1,2,1,1,2,3,2
3.53,3.5,0.7222222222222222,10,4,4,3,5,4,3,4,3,2,3
3.85,3.8,0.6222222222222222,10,4,4,4,4,4,4,5,3,4,2
1.08,1.1,0.09999999999999999,10,2,1,1,1,1,1,1,1,1,1
2.83,2.9,0.5444444444444446,10,3,3,2,4,3,2,3,2,3,4
4.6,4.9,0.09999999999999999,10,5,5,5,5,5,5,5,5,5,4
1.0,1.0,0.0,10,1,1,1,1,1,1,1,1,1,1
2.82,2.3,0.6777777777777777,10,2,1,3,2,2,2,2,3,4,2
2.75,2.4,0.48888888888888904,10,2,2,3,1,3,3,2,3,2,3
4.2700000000000005,4.3,0.6777777777777777,10,3,5,4,5,4,4,5,3,5,5
1.79,1.8,0.8444444444444444,10,1,2,2,3,1,1,1,1,3,3
1.82,1.7,0.4555555555555555,10,1,2,2,2,2,1,1,1,3,2
2.27,2.1,0.32222222222222224,10,3,2,2,2,2,2,2,1,2,3
3.21,2.7,0.6777777777777777,10,1,4,3,3,3,3,3,2,3,2
4.7700000000000005,4.7,0.23333333333333334,10,5,5,4,4,5,5,4,5,5,5
1.98,2.1,0.3222222222222223,10,2,2,1,2,2,2,3,2,3,2
1.72,1.7,0.6777777777777777,10,1,1,2,1,3,1,1,3,2,2
3.21,3.6,0.7111111111111112,10,4,4,2,3,4,4,5,3,3,4
3.79,3.7,0.6777777777777777,10,5,3,4,3,3,5,3,4,4,3
1.83,2.0,0.6666666666666666,10,3,3,1,1,2,2,1,2,2,3
4.73,4.7,0.23333333333333334,10,5,5,5,5,4,5,5,5,4,4
4.63,4.8,0.17777777777777773,10,5,4,5,5,5,5,5,5,5,4
4.35,4.2,0.39999999999999997,10,4,4,4,5,5,3,4,4,5,4
2.36,2.7,1.788888888888889,10,1,5,3,3,3,3,4,3,1,1
2.66,2.4,0.48888888888888904,10,2,2,2,3,4,2,2,3,2,2
2.83,2.7,2.233333333333333,10,5,4,1,1,2,2,4,1,4,3
1.16,1.2,0.1777777777777778,10,1,1,1,2,1,2,1,1,1,1
4.24,4.4,0.2666666666666667,10,4,5,4,5,4,5,4,4,4,5
2.14,2.2,1.0666666666666669,10,1,2,4,2,1,2,3,3,1,3
3.37,3.4,1.155555555555556,10,3,4,4,2,2,3,5,5,3,3
4.62,4.7,0.23333333333333334,10,5,5,4,5,5,5,5,4,5,4
2.46,2.7,1.3444444444444443,10,2,1,4,3,1,3,2,4,3,4
1.79,1.8,0.8444444444444446,10,2,1,3,3,3,1,2,1,1,1
2.39,2.5,1.1666666666666667,10,3,1,3,4,3,2,2,2,4,1
4.92,4.9,0.09999999999999998,10,5,5,4,5,5,5,5,5,5,5
3.16,3.1,1.6555555555555557,10,3,3,2,5,1,3,5,4,2,3
3.53,3.7,0.23333333333333334,10,3,4,4,4,4,3,4,4,3,4
3.27,2.7,0.6777777777777777,10,2,4,2,2,4,3,2,2,3,3
2.13,1.8,0.4000000000000001,10,3,2,2,1,2,1,1,2,2,2
3.05,3.4,0.7111111111111112,10,3,4,3,3,2,5,3,4,4,3
2.81,2.6,0.7111111111111112,10,3,3,3,1,3,3,3,1,3,3
1.41,1.0,0.0,10,1,1,1,1,1,1,1,1,1,1
4.5,4.2,0.6222222222222222,10,4,3,5,4,5,4,5,3,4,5
4.11,4.1,0.5444444444444444,10,3,5,5,4,4,4,4,3,4,5
1.22,1.4,0.48888888888888893,10,1,2,2,1,1,1,1,1,3,1
2.78,2.9,1.8777777777777775,10,4,3,2,4,1,5,1,3,4,2
2.95,2.8,1.0666666666666669,10,2,3,2,3,4,2,2,3,5,2
4.76,4.8,0.17777777777777773,10,5,5,5,5,4,5,4,5,5,5
3.76,4.2,0.39999999999999997,10,3,4,4,5,4,4,5,5,4,4
2.26,2.6,0.48888888888888904,10,2,3,3,3,3,1,2,3,3,3
4.88,4.6,0.4888888888888888,10,5,5,5,4,4,3,5,5,5,5
1.11,1.0,0.0,10,1,1,1,1,1,1,1,1,1,1
2.99,3.3,1.3444444444444443,10,5,3,4,3,4,3,2,4,1,4
4.74,4.7,0.23333333333333334,10,5,4,4,5,5,4,5,5,5,5
4.21,4.1,0.5444444444444444,10,5,5,3,3,4,4,4,5,4,4
4.3100000000000005,4.5,0.5,10,4,5,5,5,3,5,5,4,5,4
3.65,4.3,0.4555555555555555,10,4,5,4,4,4,4,5,3,5,5
1.32,1.2,0.17777777777777784,10,1,1,2,2,1,1,1,1,1,1
3.55,3.2,0.8444444444444444,10,3,2,3,4,3,3,2,5,3,4
2.88,3.0,1.3333333333333333,10,3,5,4,3,2,3,2,1,4,3
2.64,2.5,1.1666666666666667,10,2,3,4,2,3,3,2,4,1,1
3.87,4.3,0.4555555555555555,10,5,5,4,5,4,4,3,4,5,4
4.8100000000000005,4.7,0.4555555555555555,10,5,3,5,5,4,5,5,5,5,5
4.98,5.0,0.0,10,5,5,5,5,5,5,5,5,5,5
2.07,2.5,1.3888888888888888,10,1,3,4,3,1,3,1,4,2,3
3.13,3.5,1.8333333333333333,10,4,4,2,3,3,5,1,3,5,5
2.89,2.8,1.511111111111111,10,3,1,3,3,3,4,1,5,2,3
2.73,2.5,0.9444444444444444,10,4,2,2,4,2,3,1,3,2,2
1.42,1.1,0.09999999999999999,10,1,1,1,1,1,2,1,1,1,1
3.99,3.6,0.9333333333333336,10,3,2,3,4,4,3,4,5,3,5
3.6,3.1,0.9888888888888889,10,3,4,2,3,5,3,4,2,2,3
3.04,3.2,0.39999999999999997,10,3,3,3,3,4,4,3,4,2,3
4.68,4.4,0.4888888888888888,10,5,5,5,3,4,4,4,5,5,4
2.26,2.5,1.1666666666666667,10,3,2,4,3,1,1,3,2,2,4
1.33,1.6,0.7111111111111112,10,3,1,2,1,2,1,1,1,1,3
2.28,2.5,0.7222222222222222,10,3,2,4,1,2,3,3,2,2,3
1.74,1.7,0.45555555555555544,10,1,1,2,3,1,2,2,2,1,2
3.3,2.9,1.211111111111111,10,4,1,2,2,3,5,3,3,3,3
3.77,3.7,0.8999999999999999,10,3,3,4,3,4,5,4,5,4,2
2.06,1.7,0.6777777777777777,10,3,2,1,1,1,1,3,2,2,1
4.04,4.1,0.7666666666666666,10,5,3,5,5,4,3,5,4,3,4
2.64,2.5,1.8333333333333333,10,3,2,3,2,3,1,5,4,1,1
2.56,2.5,0.5,10,3,3,2,3,1,3,2,3,3,2
4.16,4.2,0.8444444444444444,10,5,3,5,3,5,3,5,4,5,4
4.01,3.7,1.1222222222222222,10,2,2,4,5,4,3,4,5,4,4
2.38,2.2,0.6222222222222222,10,3,2,3,2,3,2,1,1,2,3
2.68,2.7,0.6777777777777777,10,2,2,4,3,2,4,3,2,2,3
3.62,3.8,0.8444444444444444,10,3,5,5,3,3,3,5,4,4,3
3.73,3.4,0.9333333333333336,10,4,2,3,3,4,2,4,4,5,3
2.52,2.5,0.7222222222222222,10,3,4,2,2,2,3,3,2,1,3
3.39,3.5,0.5,10,3,4,3,3,3,4,5,4,3,3
3.76,3.3,0.4555555555555555,10,2,3,3,4,3,4,4,3,3,4
4.8,4.8,0.17777777777777776,10,5,5,5,5,5,5,4,5,4,5
2.49,2.9,1.877777777777778,10,4,3,4,1,4,3,4,1,4,1
4.64,4.7,0.23333333333333334,10,4,5,5,5,4,5,5,5,4,5
3.97,3.8,0.8444444444444444,10,5,4,5,4,3,3,4,4,2,4
4.64,4.8,0.17777777777777773,10,5,5,5,5,4,5,5,5,4,5
4.68,4.8,0.17777777777777776,10,5,5,5,5,5,4,5,5,4,5
4.67,4.8,0.4,10,5,5,5,5,5,5,5,5,3,5
2.18,2.9,0.7666666666666666,10,1,3,3,2,3,3,3,4,3,4
4.5200000000000005,4.6,0.4888888888888888,10,5,5,5,4,5,5,3,5,5,4
3.1100000000000003,3.0,1.5555555555555556,10,2,3,4,4,2,2,1,5,3,4
4.75,4.9,0.09999999999999998,10,5,5,5,5,4,5,5,5,5,5
1.49,1.4,0.2666666666666667,10,1,2,1,1,2,2,2,1,1,1
1.67,1.8,0.6222222222222222,10,2,1,3,2,3,2,1,1,2,1
1.13,1.3,0.23333333333333334,10,2,1,1,2,1,1,1,2,1,1
1.61,1.7,0.9000000000000001,10,3,1,3,1,2,1,1,1,1,3
2.18,1.7,0.6777777777777778,10,2,2,1,1,2,1,1,3,1,3
2.18,2.3,0.4555555555555555,10,2,3,1,3,3,3,2,2,2,2
4.34,4.3,1.1222222222222222,10,5,2,4,5,3,5,5,5,5,4
4.69,4.3,0.6777777777777777,10,5,5,3,5,4,4,5,5,4,3
4.93,4.8,0.17777777777777776,10,5,5,5,5,5,5,5,5,4,4
4.74,4.7,0.23333333333333334,10,5,4,5,4,4,5,5,5,5,5
2.95,2.8,0.6222222222222222,10,2,4,2,4,3,3,2,3,3,2
4.03,4.0,0.8888888888888888,10,4,3,3,5,3,5,4,5,3,5
2.42,2.5,1.1666666666666667,10,2,2,3,4,4,1,3,1,3,2
4.55,4.5,0.2777777777777778,10,5,5,4,4,4,4,5,5,4,5
1.95,1.7,0.8999999999999998,10,1,1,2,1,4,2,2,1,2,1
3.64,3.2,1.7333333333333334,10,1,4,5,4,2,3,2,3,3,5
4.09,3.9,0.5444444444444443,10,4,5,5,3,3,3,4,4,4,4
1.02,1.0,0.0,10,1,1,1,1,1,1,1,1,1,1
1.48,1.1,0.09999999999999999,10,1,1,1,1,1,1,2,1,1,1
1.24,1.3,0.23333333333333334,10,2,1,1,2,1,1,1,1,2,1
1.62,1.3,0.23333333333333334,10,1,2,2,1,1,1,1,1,1,2
4.04,4.6,0.2666666666666667,10,5,4,5,4,5,5,4,5,5,4
3.75,3.7,0.8999999999999999,10,3,4,3,4,3,4,2,4,5,5
4.7700000000000005,4.7,0.23333333333333334,10,5,4,4,5,5,5,5,5,5,4
3.03,2.9,1.2111111111111112,10,4,3,4,2,3,2,4,1,4,2
2.53,2.9,1.4333333333333331,10,3,4,4,2,1,2,3,2,5,3
4.23,3.8,0.6222222222222222,10,3,4,5,5,3,4,4,3,4,3
3.69,3.7,2.011111111111111,10,3,5,4,4,3,1,5,5,5,2
3.2,3.7,1.1222222222222222,10,4,4,4,4,3,1,5,4,4,4
3.25,3.4,0.2666666666666667,10,3,3,3,4,3,4,4,3,4,3
2.39,2.4,1.3777777777777778,10,4,1,1,3,4,3,3,2,1,2
3.98,3.6,0.7111111111111114,10,2,3,5,4,3,4,3,4,4,4
1.23,1.3,0.23333333333333334,10,2,1,1,1,1,1,2,2,1,1
1.47,1.2,0.4000000000000001,10,1,1,3,1,1,1,1,1,1,1
1.66,1.3,0.23333333333333334,10,1,1,1,1,1,2,1,2,1,2
1.13,1.0,0.0,10,1,1,1,1,1,1,1,1,1,1
4.88,4.9,0.09999999999999998,10,5,5,4,5,5,5,5,5,5,5
2.1,1.9,0.9888888888888887,10,1,1,4,3,1,2,2,2,2,1
3.89,3.9,0.7666666666666666,10,4,4,3,5,4,3,5,3,5,3
4.13,4.1,0.5444444444444444,10,4,4,5,3,4,5,5,4,3,4
1.7,1.6,0.48888888888888904,10,1,3,1,2,1,2,2,1,1,2
2.42,2.6,0.48888888888888893,10,2,3,2,3,2,2,2,4,3,3
4.4,4.5,0.5,10,5,3,4,5,5,4,5,4,5,5
1.6,2.0,0.6666666666666666,10,2,1,3,2,3,1,2,2,3,1
1.93,1.9,0.7666666666666666,10,3,1,1,2,3,3,2,2,1,1
3.45,3.5,1.3888888888888888,10,1,3,3,5,5,4,4,3,3,4
4.34,4.2,0.6222222222222222,10,5,3,4,4,5,4,5,4,3,5
2.8600000000000003,2.4,0.9333333333333333,10,4,2,2,3,1,3,3,2,1,3
1.78,1.7,0.4555555555555555,10,2,2,1,2,1,1,2,1,3,2
4.3,4.3,0.23333333333333334,10,4,4,5,5,5,4,4,4,4,4
1.36,1.2,0.1777777777777778,10,1,1,1,1,1,2,2,1,1,1
2.83,3.0,1.1111111111111112,10,2,4,3,4,3,3,2,5,2,2
3.06,2.7,0.6777777777777777,10,3,2,4,2,3,2,2,3,2,4
1.1800000000000002,1.2,0.17777777777777784,10,1,2,1,1,1,1,1,1,2,1
4.26,4.5,0.2777777777777778,10,5,4,4,5,5,4,5,5,4,4
2.64,2.8,2.1777777777777776,10,2,1,1,3,2,5,4,5,3,2
4.49,4.6,0.48888888888888893,10,5,4,5,5,4,5,5,5,3,5
3.91,4.1,0.5444444444444444,10,5,4,3,4,4,4,5,4,3,5
2.38,2.6,0.48888888888888893,10,3,3,3,2,2,4,2,2,3,2
1.96,1.9,0.7666666666666665,10,2,2,1,3,1,3,1,3,1,2
2.14,2.5,1.8333333333333333,10,4,5,2,3,3,1,1,1,3,2
4.3,4.7,0.23333333333333334,10,4,4,5,5,5,5,5,5,5,4
1.82,1.8,1.0666666666666667,10,1,4,2,1,1,1,2,1,2,3
3.78,3.7,1.3444444444444443,10,5,2,4,5,3,4,3,5,4,2
2.27,2.6,0.7111111111111111,10,3,2,2,2,3,4,2,4,2,2
4.779999999999999,4.7,0.23333333333333334,10,5,5,5,5,4,4,5,5,4,5
2.72,2.8,0.6222222222222222,10,3,3,2,3,1,3,3,4,3,3
2.52,2.2,0.6222222222222222,10,3,3,2,1,2,3,1,2,3,2
3.99,4.0,0.2222222222222222,10,4,4,4,4,5,4,4,4,4,3
4.73,4.9,0.09999999999999999,10,5,5,5,5,5,5,5,4,5,5
1.31,1.4,0.48888888888888893,10,1,1,1,1,1,2,1,1,3,2
3.02,3.6,1.155555555555556,10,3,5,4,2,5,4,4,3,2,4
3.54,3.2,1.0666666666666667,10,3,4,2,2,2,4,3,4,5,3
4.21,4.3,0.4555555555555555,10,5,4,3,5,5,4,5,4,4,4
4.2700000000000005,4.2,0.6222222222222222,10,4,4,5,3,4,5,4,5,3,5
3.29,3.2,1.2888888888888888,10,3,4,4,2,2,4,4,2,2,5
2.52,2.9,1.6555555555555557,10,1,4,2,2,3,2,5,4,4,2
1.31,1.3,0.23333333333333334,10,1,1,1,1,1,1,2,1,2,2
2.48,3.0,1.1111111111111112,10,1,4,3,2,3,4,3,4,4,2
2.82,3.3,0.6777777777777777,10,2,3,4,2,4,3,4,4,4,3
4.5200000000000005,4.4,0.26666666666666666,10,5,5,5,4,4,4,5,4,4,4
1.23,1.3,0.23333333333333334,10,2,1,1,1,1,1,2,1,1,2
1.2,1.3,0.23333333333333334,10,1,1,2,2,1,1,1,1,1,2
2.04,2.2,1.288888888888889,10,3,1,1,4,2,2,2,1,2,4
2.35,2.1,0.9888888888888889,10,4,1,2,1,1,3,2,3,2,2
3.58,3.7,1.3444444444444443,10,4,5,2,4,5,4,5,3,2,3
2.87,2.9,1.6555555555555554,10,4,2,2,4,4,2,2,3,1,5
2.42,2.2,0.39999999999999997,10,3,3,1,2,2,3,2,2,2,2
3.69,4.0,0.8888888888888888,10,5,2,5,4,4,4,4,3,4,5
1.87,2.2,1.0666666666666667,10,2,1,3,1,2,1,2,3,3,4
4.44,4.5,0.5,10,5,4,4,4,5,5,5,5,3,5
2.83,2.5,1.3888888888888888,10,4,2,3,1,3,3,1,3,1,4
1.36,1.6,0.48888888888888893,10,1,2,1,1,2,2,3,2,1,1
2.07,1.8,0.6222222222222222,10,2,2,2,1,1,3,1,2,3,1
4.5200000000000005,4.5,0.2777777777777778,10,5,5,4,5,4,4,4,5,5,4
3.81,4.0,1.1111111111111112,10,5,3,5,4,2,3,4,5,5,4
4.46,4.4,0.48888888888888893,10,5,4,5,4,5,5,5,4,4,3
2.54,2.4,0.7111111111111111,10,2,2,2,2,2,2,4,4,2,2
3.9,4.3,0.4555555555555555,10,4,5,3,4,4,5,5,4,5,4
4.24,4.4,0.4888888888888888,10,5,3,5,4,4,5,5,4,4,5
3.46,3.3,2.011111111111111,10,5,5,5,4,2,3,2,3,1,3
3.51,2.3,0.4555555555555555,10,3,3,2,1,3,2,2,2,2,3
1.92,1.6,0.2666666666666667,10,2,1,2,1,2,1,2,2,1,2
3.48,3.7,0.6777777777777777,10,3,4,4,5,2,4,4,4,4,3
3.52,3.6,0.9333333333333333,10,3,5,2,5,4,4,3,4,3,3
4.02,4.2,0.8444444444444444,10,4,4,4,2,5,5,4,5,4,5
1.09,1.1,0.1,10,1,1,1,1,1,1,1,1,1,2
2.53,2.3,0.4555555555555555,10,2,2,2,3,1,3,2,3,3,2
1.96,2.1,0.7666666666666666,10,4,2,2,2,3,2,2,1,2,1
4.25,4.5,0.2777777777777778,10,4,4,5,5,5,5,5,4,4,4
3.39,3.1,0.7666666666666666,10,2,3,4,5,3,3,3,3,2,3
1.3,1.3,0.4555555555555555,10,1,1,1,1,1,3,2,1,1,1
2.02,2.4,0.2666666666666667,10,2,3,2,2,3,2,2,3,3,2
2.34,2.6,1.3777777777777778,10,2,3,4,3,1,2,2,2,5,2
4.49,4.6,0.4888888888888888,10,4,5,5,5,3,5,5,4,5,5
1.96,2.4,1.3777777777777778,10,5,3,2,3,1,2,3,2,1,2
1.48,1.7,1.1222222222222222,10,1,2,3,4,1,2,1,1,1,1
2.85,2.4,1.3777777777777778,10,2,2,1,2,1,2,4,4,2,4
3.57,4.0,0.6666666666666666,10,3,5,4,5,3,3,4,5,4,4
2.78,3.1,1.4333333333333336,10,4,4,3,1,5,4,2,3,3,2
1.97,2.0,0.6666666666666666,10,3,2,3,2,2,2,1,1,3,1
4.51,4.5,0.7222222222222222,10,5,5,5,4,3,5,5,5,3,5
2.98,3.1,0.5444444444444445,10,3,4,4,3,3,2,4,3,2,3
1.67,1.5,0.5,10,1,2,1,2,1,2,1,1,1,3
3.12,3.7,0.23333333333333334,10,4,4,4,3,4,4,3,3,4,4
3.62,3.0,0.6666666666666666,10,4,3,4,3,2,4,3,3,2,2
4.86,4.8,0.17777777777777773,10,5,5,5,4,5,5,5,5,4,5
3.81,3.7,0.8999999999999999,10,5,4,4,3,2,3,3,5,4,4
3.83,3.5,1.3888888888888888,10,2,4,2,4,4,2,3,5,5,4
1.34,1.4,0.2666666666666667,10,1,1,1,1,2,2,1,1,2,2
1.3,1.3,0.45555555555555544,10,1,3,1,1,1,1,1,2,1,1
4.82,5.0,0.0,10,5,5,5,5,5,5,5,5,5,5
2.23,2.1,1.2111111111111112,10,1,3,3,1,1,2,3,4,2,1
2.7,2.1,0.9888888888888889,10,1,1,2,1,4,3,2,2,2,3
1.09,1.2,0.17777777777777784,10,2,1,1,1,1,1,1,2,1,1
2.88,3.0,0.8888888888888888,10,3,3,4,2,3,1,4,3,3,4
1.75,1.9,0.7666666666666666,10,3,1,3,2,1,1,2,3,2,1
4.14,4.5,0.2777777777777778,10,5,4,5,5,4,4,4,4,5,5
2.13,2.4,0.48888888888888915,10,4,2,2,2,2,3,2,2,3,2
4.96,5.0,0.0,10,5,5,5,5,5,5,5,5,5,5
4.18,4.2,0.6222222222222222,10,5,4,4,4,5,5,5,3,4,3
4.43,4.4,0.4888888888888888,10,5,3,5,4,4,4,5,5,4,5
1.73,1.7,0.6777777777777777,10,1,1,3,1,3,1,2,2,1,2
4.62,4.7,0.23333333333333334,10,4,5,5,4,5,5,4,5,5,5
3.3,3.2,1.0666666666666669,10,4,2,3,4,4,2,5,3,3,2
1.66,1.4,0.48888888888888904,10,1,2,1,1,1,3,2,1,1,1
1.27,1.3,0.23333333333333334,10,2,1,2,1,1,2,1,1,1,1
4.11,3.8,0.8444444444444444,10,4,5,4,4,5,3,2,3,4,4
3.64,3.1,0.7666666666666665,10,2,2,4,2,4,3,3,4,3,4
4.44,4.7,0.23333333333333334,10,5,4,5,4,5,5,4,5,5,5
1.84,1.9,0.9888888888888887,10,3,1,2,1,1,1,4,2,2,2
2.42,2.3,0.6777777777777777,10,1,3,2,2,2,3,2,2,2,4
1.74,1.7,1.1222222222222225,10,3,4,1,1,2,1,1,1,1,2
4.45,4.6,0.26666666666666666,10,4,4,5,5,4,5,4,5,5,5
3.88,3.3,0.8999999999999999,10,5,4,4,2,3,2,3,4,3,3
2.07,2.2,1.288888888888889,10,1,2,4,2,2,1,3,4,2,1
4.08,4.3,0.6777777777777777,10,5,5,5,5,5,4,3,3,4,4
2.39,2.3,1.7888888888888888,10,4,1,1,4,2,1,4,3,1,2
3.23,3.1,0.9888888888888889,10,3,5,3,4,2,3,4,3,2,2
3.47,3.5,0.2777777777777778,10,4,4,3,3,3,4,3,3,4,4
2.14,1.8,0.6222222222222223,10,1,2,3,2,2,2,1,3,1,1
2.81,2.9,0.9888888888888887,10,2,3,1,3,4,2,3,4,4,3
4.73,4.8,0.17777777777777773,10,5,5,5,4,5,5,4,5,5,5
1.7,1.5,0.2777777777777778,10,2,1,1,2,1,2,2,1,1,2
4.29,4.6,0.4888888888888888,10,5,4,5,5,5,3,5,5,5,4
4.6,4.7,0.23333333333333334,10,4,4,5,5,5,5,5,4,5,5
1.64,1.6,0.48888888888888904,10,3,2,2,2,2,1,1,1,1,1
2.15,2.0,0.6666666666666666,10,1,3,2,3,2,2,2,1,3,1
2.46,2.6,0.48888888888888904,10,2,3,3,4,2,2,3,2,2,3
3.31,2.9,1.4333333333333333,10,3,1,1,5,3,3,3,3,4,3
4.51,4.4,0.48888888888888893,10,5,5,4,5,4,5,5,3,4,4
2.82,2.5,0.7222222222222222,10,2,4,2,3,2,2,2,2,2,4
1.03,1.1,0.09999999999999999,10,2,1,1,1,1,1,1,1,1,1
4.63,4.7,0.23333333333333334,10,5,5,5,5,5,4,5,5,4,4
4.8100000000000005,4.8,0.17777777777777773,10,5,5,5,4,5,4,5,5,5,5
2.76,2.8,1.5111111111111113,10,3,3,4,3,2,1,1,5,3,3
4.8,4.9,0.09999999999999999,10,5,5,5,5,5,5,5,5,5,4
3.81,3.8,0.6222222222222222,10,3,4,4,4,2,4,4,4,4,5
2.47,2.5,0.9444444444444444,10,3,3,3,2,1,3,3,1,2,4
3.18,3.5,2.0555555555555554,10,1,4,5,3,5,4,2,5,2,4
4.87,5.0,0.0,10,5,5,5,5,5,5,5,5,5,5
1.98,2.4,0.48888888888888893,10,2,3,2,3,3,3,3,1,2,2
1.97,1.7,0.23333333333333334,10,1,2,1,2,2,2,2,1,2,2
1.14,1.1,0.09999999999999999,10,1,1,1,1,2,1,1,1,1,1
4.02,4.4,0.4888888888888888,10,5,3,5,5,4,4,5,4,5,4
4.2700000000000005,4.0,1.1111111111111112,10,2,3,4,4,4,5,5,5,3,5
4.75,4.8,0.17777777777777773,10,5,5,5,5,4,4,5,5,5,5
4.63,4.7,0.23333333333333334,10,5,4,4,5,4,5,5,5,5,5
2.37,2.6,1.8222222222222224,10,2,4,4,2,4,1,3,1,1,4
4.91,4.9,0.09999999999999996,10,5,4,5,5,5,5,5,5,5,5
4.79,4.9,0.09999999999999999,10,5,5,5,5,5,5,4,5,5,5
1.46,1.8,0.6222222222222222,10,1,1,2,3,1,3,2,2,1,2
4.91,4.8,0.17777777777777773,10,5,5,5,4,5,5,4,5,5,5
3.6,3.6,0.9333333333333336,10,4,3,4,5,5,3,3,4,3,2
4.79,4.7,0.23333333333333334,10,5,5,4,5,4,5,5,5,4,5
4.5200000000000005,4.6,0.26666666666666666,10,5,5,5,5,4,5,4,4,4,5
4.14,4.4,0.48888888888888893,10,5,4,5,5,5,4,5,3,4,4
1.98,1.6,0.7111111111111111,10,2,1,2,1,1,3,1,1,1,3
1.32,1.3,0.23333333333333334,10,2,1,1,1,2,2,1,1,1,1
1.99,1.8,0.17777777777777778,10,2,2,2,2,2,2,2,1,1,2
1.88,1.9,0.5444444444444444,10,1,3,2,2,2,1,1,3,2,2
4.98,5.0,0.0,10,5,5,5,5,5,5,5,5,5,5
2.59,2.9,1.2111111111111112,10,2,1,2,4,3,4,2,4,4,3
3.01,2.9,1.877777777777778,10,2,5,1,2,5,3,2,2,4,3
2.82,3.4,2.0444444444444443,10,1,2,5,2,5,3,3,4,4,5
2.0,2.4,0.7111111111111112,10,1,3,2,4,2,2,3,2,3,2
3.89,4.0,0.8888888888888888,10,4,4,4,2,5,5,4,3,4,5
4.63,4.4,0.48888888888888893,10,5,5,5,4,4,5,5,4,4,3
2.3,2.2,1.288888888888889,10,4,2,3,1,2,2,2,4,1,1
3.22,3.8,1.0666666666666669,10,5,3,4,4,4,5,3,5,2,3
1.86,1.5,0.5,10,1,1,1,3,1,2,1,2,2,1
1.02,1.0,0.0,10,1,1,1,1,1,1,1,1,1,1
1.05,1.0,0.0,10,1,1,1,1,1,1,1,1,1,1
3.74,4.0,0.4444444444444444,10,4,4,4,4,4,5,3,3,5,4
1.03,1.1,0.09999999999999999,10,1,2,1,1,1,1,1,1,1,1
4.16,4.5,1.1666666666666667,10,5,5,5,5,5,5,3,2,5,5
1.37,1.6,0.48888888888888893,10,2,1,1,2,1,1,2,3,2,1
1.08,1.0,0.0,10,1,1,1,1,1,1,1,1,1,1
4.14,3.8,0.6222222222222222,10,4,2,4,5,4,4,3,4,4,4
1.86,1.7,0.6777777777777777,10,3,2,1,1,2,1,3,2,1,1
1.62,1.4,0.48888888888888893,10,2,2,1,1,1,1,1,1,3,1
4.5,4.7,0.23333333333333334,10,5,4,5,5,5,5,4,5,4,5
2.71,3.0,1.5555555555555556,10,4,3,4,4,3,1,2,4,1,4
4.0,4.7,0.23333333333333334,10,4,5,5,5,4,4,5,5,5,5
4.279999999999999,4.5,0.2777777777777778,10,4,5,4,4,5,5,5,5,4,4
4.64,5.0,0.0,10,5,5,5,5,5,5,5,5,5,5
1.1800000000000002,1.2,0.1777777777777778,10,1,1,2,1,2,1,1,1,1,1
2.33,2.2,0.8444444444444444,10,3,3,2,2,2,4,2,1,2,1
2.17,1.9,0.3222222222222222,10,2,1,1,2,2,2,2,2,2,3
3.74,3.5,0.9444444444444444,10,3,3,5,5,3,3,2,3,4,4
4.17,4.2,0.39999999999999997,10,4,5,4,4,5,4,5,4,3,4
4.82,4.9,0.09999999999999999,10,5,5,5,5,5,5,5,5,4,5
2.17,2.0,1.1111111111111112,10,2,4,3,3,1,1,1,2,2,1
1.0699999999999998,1.0,0.0,10,1,1,1,1,1,1,1,1,1,1
4.95,4.9,0.09999999999999998,10,5,5,4,5,5,5,5,5,5,5
1.95,1.6,0.2666666666666667,10,1,1,2,2,2,2,1,2,2,1
2.57,2.7,0.6777777777777777,10,2,3,4,3,2,3,1,3,3,3
3.72,3.7,0.6777777777777778,10,3,4,4,3,3,3,5,3,5,4
2.19,2.2,0.6222222222222222,10,2,3,1,3,2,2,3,3,1,2
1.01,1.0,0.0,10,1,1,1,1,1,1,1,1,1,1
4.5,4.4,0.4888888888888888,10,5,5,5,5,3,5,4,4,4,4
1.7,2.0,0.2222222222222222,10,2,2,3,2,2,1,2,2,2,2
2.26,2.0,0.6666666666666666,10,1,3,3,2,1,2,2,3,2,1
3.78,3.9,0.5444444444444444,10,4,3,4,3,4,3,5,5,4,4
2.87,3.0,1.1111111111111112,10,4,4,3,3,3,2,4,2,4,1
4.63,4.6,0.4888888888888888,10,5,5,5,3,5,5,5,4,4,5
3.25,2.9,1.4333333333333333,10,3,4,3,4,4,1,3,2,1,4
4.7700000000000005,4.6,0.26666666666666666,10,4,5,5,5,4,4,4,5,5,5
2.32,2.5,2.0555555555555554,10,2,4,1,1,1,4,3,5,2,2
3.37,3.3,0.6777777777777777,10,3,5,3,3,2,3,3,4,4,3
3.65,3.9,0.5444444444444443,10,5,4,4,4,2,4,4,4,4,4
3.08,3.2,1.0666666666666667,10,3,3,4,2,4,2,5,4,2,3
2.58,3.2,1.7333333333333336,10,1,4,2,2,3,3,5,4,5,3
2.73,2.6,0.48888888888888893,10,2,2,2,3,2,3,4,2,3,3
2.78,2.6,2.0444444444444443,10,3,2,5,5,2,1,1,3,2,2
4.220000000000001,4.1,0.5444444444444444,10,3,4,4,4,5,5,4,5,4,3
4.79,4.6,0.2666666666666667,10,5,5,5,4,4,4,5,5,4,5
1.29,1.1,0.1,10,1,1,1,1,1,1,1,1,2,1
2.17,2.5,0.7222222222222222,10,3,2,3,2,2,3,2,4,3,1
1.75,1.9,0.9888888888888889,10,2,1,1,3,1,3,1,3,3,1
3.23,3.1,0.9888888888888887,10,4,2,4,3,4,4,3,1,3,3
2.38,2.0,0.6666666666666666,10,2,1,2,3,3,3,2,2,1,1
3.73,3.9,0.7666666666666666,10,4,4,4,3,4,5,2,4,4,5
3.63,3.8,1.288888888888889,10,5,5,5,4,4,2,4,3,4,2
2.29,1.8,0.8444444444444446,10,3,1,3,2,2,1,1,1,1,3
2.5,2.7,0.6777777777777777,10,2,4,3,2,3,4,2,3,2,2
3.91,3.5,0.2777777777777778,10,3,4,3,4,4,3,4,3,3,4
3.14,3.5,1.1666666666666667,10,3,2,2,5,4,3,3,4,4,5
4.94,4.8,0.17777777777777773,10,5,5,5,4,5,5,5,5,5,4
3.69,4.3,0.4555555555555555,10,5,5,4,4,4,3,5,4,4,5
3.91,4.1,0.5444444444444444,10,4,4,5,3,3,5,4,4,4,5
3.68,3.7,0.8999999999999999,10,5,4,3,4,5,4,3,3,2,4
1.79,1.9,0.3222222222222223,10,3,2,2,2,2,1,2,2,1,2
2.63,2.1,0.5444444444444444,10,3,2,3,2,1,2,2,1,2,3
2.45,2.5,0.9444444444444444,10,4,2,2,3,2,4,2,1,2,3
3.97,4.1,0.5444444444444444,10,4,4,4,4,4,5,5,5,3,3
2.89,3.2,0.8444444444444444,10,3,3,3,3,4,4,3,5,2,2
4.17,4.4,0.711111111111111,10,3,5,5,5,5,3,4,4,5,5
4.67,4.9,0.09999999999999998,10,5,5,4,5,5,5,5,5,5,5
1.61,1.4,0.48888888888888915,10,1,3,2,1,1,1,1,1,1,2
1.47,1.5,0.5,10,1,3,2,2,1,1,2,1,1,1
3.69,4.0,0.8888888888888888,10,3,4,5,5,5,5,3,3,3,4
4.99,5.0,0.0,10,5,5,5,5,5,5,5,5,5,5
1.75,1.8,1.0666666666666669,10,3,1,2,1,2,1,1,2,4,1
1.19,1.1,0.09999999999999999,10,1,1,1,1,1,2,1,1,1,1
1.83,1.5,0.2777777777777778,10,2,2,1,2,1,1,2,1,2,1
1.96,2.0,0.4444444444444444,10,2,1,2,2,2,3,1,2,2,3
3.01,2.6,0.7111111111111112,10,2,2,1,3,3,2,4,3,3,3
2.75,3.2,0.17777777777777773,10,4,3,3,3,4,3,3,3,3,3
2.66,2.0,0.4444444444444444,10,2,1,3,2,2,1,2,2,2,3
3.37,3.2,1.288888888888889,10,4,3,2,3,5,1,4,4,3,3
3.16,2.9,1.8777777777777775,10,2,2,2,5,5,1,3,3,4,2
1.62,1.5,0.2777777777777778,10,2,1,1,1,1,2,2,2,2,1
3.44,4.0,1.1111111111111112,10,5,2,5,4,3,4,5,4,3,5
3.55,3.5,0.7222222222222222,10,5,4,3,4,4,3,4,3,2,3
4.55,4.9,0.09999999999999996,10,4,5,5,5,5,5,5,5,5,5
3.42,4.0,0.8888888888888888,10,4,3,5,3,3,4,5,3,5,5
1.9,2.5,0.9444444444444444,10,3,2,2,2,1,4,2,3,2,4
2.1,2.4,1.1555555555555557,10,2,4,1,2,3,2,4,2,1,3
3.4,2.9,0.7666666666666666,10,2,4,2,3,4,2,3,2,3,4
3.62,3.3,1.1222222222222222,10,3,3,2,5,3,3,5,3,2,4
3.1,3.6,0.9333333333333333,10,3,3,5,4,3,3,4,2,5,4
4.67,4.6,0.26666666666666666,10,5,4,4,5,4,5,4,5,5,5
1.92,1.4,0.48888888888888893,10,1,2,1,1,2,1,1,3,1,1
2.41,3.1,0.3222222222222222,10,4,4,3,3,3,3,3,3,3,2
3.1100000000000003,3.1,1.4333333333333333,10,1,3,3,4,4,1,4,4,4,3
4.29,4.2,0.6222222222222222,10,3,4,5,3,5,4,4,5,5,4
2.43,2.7,0.6777777777777777,10,2,2,3,2,2,4,4,2,3,3
2.25,2.5,0.7222222222222222,10,4,1,2,2,3,2,2,3,3,3
2.53,2.3,0.6777777777777777,10,4,3,1,2,2,3,2,2,2,2
1.62,1.3,0.23333333333333334,10,1,1,1,1,1,1,2,1,2,2
2.24,2.3,0.8999999999999999,10,3,2,4,3,2,3,1,2,2,1
2.56,2.4,0.48888888888888893,10,3,2,3,2,3,3,2,3,2,1
4.63,4.6,0.2666666666666667,10,4,4,5,5,5,5,4,5,4,5
1.87,1.7,0.23333333333333334,10,2,1,2,1,2,2,2,1,2,2
1.57,1.7,0.6777777777777778,10,1,1,3,3,2,1,2,2,1,1
4.48,4.3,0.4555555555555555,10,5,4,4,4,4,3,5,5,5,4
1.11,1.1,0.09999999999999999,10,1,1,1,1,1,1,1,2,1,1
2.65,2.1,1.4333333333333333,10,3,1,4,1,2,4,1,1,2,2
3.19,3.0,1.1111111111111112,10,2,4,2,3,5,2,3,3,4,2
4.24,3.8,0.8444444444444444,10,5,5,5,4,3,4,3,3,3,3
4.82,4.9,0.09999999999999999,10,5,5,5,5,5,5,5,5,4,5
3.62,3.4,0.9333333333333336,10,4,5,4,3,2,3,4,4,2,3
2.96,2.7,1.1222222222222222,10,3,3,3,2,4,4,1,3,1,3
4.51,4.7,0.23333333333333334,10,5,5,5,5,5,4,5,4,5,4
4.62,4.6,0.4888888888888887,10,5,3,5,5,5,5,4,5,4,5
1.87,1.9,0.9888888888888889,10,1,1,3,4,2,2,1,2,1,2
2.53,2.6,2.0444444444444447,10,1,2,3,4,4,5,2,3,1,1
4.61,4.9,0.09999999999999998,10,5,5,5,4,5,5,5,5,5,5
4.470000000000001,4.7,0.23333333333333334,10,5,4,5,5,4,5,4,5,5,5
3.83,4.3,0.8999999999999999,10,5,5,5,5,4,4,5,2,4,4
1.38,1.3,0.23333333333333334,10,1,2,2,1,1,2,1,1,1,1
1.44,1.6,0.48888888888888904,10,3,1,2,2,1,1,2,1,2,1
1.69,1.6,0.48888888888888904,10,1,2,3,2,1,1,2,2,1,1
1.89,1.8,1.0666666666666669,10,2,2,1,1,2,1,1,3,1,4
3.31,3.3,0.8999999999999999,10,3,3,4,4,2,3,3,5,4,2
2.3,2.0,0.4444444444444444,10,1,3,2,2,2,2,2,3,1,2
1.5,1.2,0.1777777777777778,10,1,1,1,1,2,1,2,1,1,1
3.1100000000000003,3.1,1.4333333333333333,10,2,4,4,5,3,1,2,4,3,3
3.44,3.8,1.2888888888888894,10,4,4,4,3,1,4,5,5,4,4
1.46,1.6,0.7111111111111112,10,1,1,2,3,1,2,3,1,1,1
2.65,2.1,0.5444444444444445,10,2,2,3,2,2,1,3,2,1,3
3.74,3.7,0.4555555555555555,10,5,3,3,3,4,4,3,4,4,4
2.37,2.3,1.1222222222222222,10,4,2,3,2,4,1,2,2,1,2
3.46,3.0,1.1111111111111112,10,4,1,3,2,3,4,2,4,4,3
3.78,3.8,0.8444444444444444,10,3,3,3,3,3,5,4,5,5,4
1.75,1.9,0.9888888888888889,10,3,1,2,1,2,1,2,2,4,1
3.14,3.3,0.6777777777777777,10,3,4,4,4,4,3,4,2,2,3
2.04,2.2,0.8444444444444444,10,4,2,1,3,1,2,2,2,2,3
3.14,2.6,1.3777777777777778,10,1,3,4,2,4,2,2,3,1,4
2.97,3.0,0.8888888888888888,10,4,2,3,4,1,3,3,4,3,3
4.8100000000000005,4.9,0.09999999999999999,10,5,5,5,5,5,5,4,5,5,5
4.9,5.0,0.0,10,5,5,5,5,5,5,5,5,5,5
1.1,1.2,0.1777777777777778,10,1,1,1,1,2,1,1,2,1,1
2.44,2.6,0.7111111111111112,10,2,2,4,3,2,2,3,2,4,2
4.45,4.5,0.5,10,5,5,3,5,5,4,5,4,5,4
3.15,3.2,1.2888888888888892,10,4,2,3,4,4,5,1,3,3,3
3.07,3.4,2.0444444444444443,10,4,5,2,4,5,3,3,1,2,5
2.8,2.8,1.288888888888889,10,1,4,3,1,4,3,2,3,3,4
1.71,1.1,0.09999999999999999,10,1,1,1,2,1,1,1,1,1,1
3.38,3.5,1.3888888888888888,10,3,5,3,4,3,5,4,3,4,1
4.17,4.1,0.5444444444444445,10,5,5,4,4,4,4,3,3,4,5
4.779999999999999,4.9,0.09999999999999999,10,5,5,5,5,5,5,5,4,5,5
3.42,3.3,1.3444444444444443,10,5,4,1,4,3,2,3,4,3,4
4.89,4.9,0.09999999999999998,10,5,5,5,4,5,5,5,5,5,5
4.01,3.6,0.7111111111111112,10,4,5,4,4,4,2,3,3,3,4
2.14,2.0,0.6666666666666666,10,2,2,1,1,2,1,3,3,3,2
4.24,4.1,0.3222222222222222,10,4,5,4,4,4,5,4,4,3,4
2.19,2.5,1.8333333333333333,10,5,3,2,3,4,1,2,1,3,1
2.68,2.6,1.1555555555555557,10,3,4,1,2,3,1,3,4,2,3
3.65,3.6,0.7111111111111114,10,2,4,5,3,4,4,4,4,3,3
4.84,4.7,0.23333333333333334,10,5,5,5,5,4,4,5,5,5,4
1.83,1.6,0.48888888888888893,10,2,2,1,1,2,1,3,1,2,1
1.9,1.9,0.9888888888888887,10,4,1,3,1,2,1,2,2,1,2
3.33,3.5,0.5,10,3,4,3,3,3,4,4,3,5,3
1.08,1.2,0.17777777777777784,10,1,2,1,1,1,1,1,1,2,1
2.71,2.6,1.3777777777777778,10,3,1,3,3,2,5,2,3,1,3
2.93,2.9,1.6555555555555554,10,4,3,1,2,3,5,1,3,4,3
4.45,4.7,0.23333333333333334,10,5,5,5,5,5,4,5,4,4,5
2.34,2.2,1.288888888888889,10,1,2,4,3,3,3,1,1,3,1
4.5600000000000005,4.4,0.26666666666666666,10,4,5,4,4,5,4,4,4,5,5
4.9,4.7,0.23333333333333334,10,4,4,5,5,4,5,5,5,5,5
3.42,3.2,0.6222222222222222,10,4,3,3,2,3,4,4,3,4,2
2.56,3.0,1.5555555555555556,10,2,4,5,1,2,2,4,3,3,4
1.1,1.2,0.17777777777777784,10,1,2,1,1,1,1,1,1,1,2
3.27,2.4,0.2666666666666667,10,2,2,2,2,3,2,3,2,3,3
2.11,2.1,0.3222222222222223,10,3,2,2,2,3,2,1,2,2,2
4.8,4.9,0.09999999999999999,10,5,5,5,5,5,5,5,5,5,4
4.74,4.8,0.17777777777777773,10,5,4,5,5,5,5,4,5,5,5
4.12,4.4,0.4888888888888888,10,5,4,3,5,4,5,5,5,4,4
3.21,3.3,0.8999999999999999,10,2,3,5,4,3,4,4,3,2,3
4.67,4.7,0.23333333333333334,10,5,5,5,5,5,4,5,4,5,4
4.03,4.0,0.6666666666666666,10,4,4,4,4,5,4,4,5,2,4
3.9,4.2,0.39999999999999997,10,4,5,4,4,4,5,4,3,4,5
2.73,3.0,0.4444444444444444,10,3,4,3,2,3,3,3,4,3,2
3.47,3.4,0.48888888888888904,10,3,3,4,5,3,3,3,3,3,4
4.05,4.1,0.7666666666666666,10,5,4,3,3,5,3,4,4,5,5
3.81,3.6,1.3777777777777775,10,5,4,5,4,3,2,2,3,3,5
3.56,3.6,1.377777777777778,10,4,5,4,5,4,4,3,3,3,1
3.17,3.6,1.377777777777778,10,5,3,4,3,4,5,3,4,4,1
2.09,1.8,1.0666666666666669,10,4,1,1,2,3,1,2,2,1,1
2.91,2.6,0.7111111111111112,10,3,4,1,3,2,3,3,2,2,3
3.25,3.3,1.1222222222222222,10,3,3,4,4,3,1,3,3,4,5
4.65,4.8,0.17777777777777773,10,5,5,5,4,5,5,5,4,5,5
4.61,4.6,0.2666666666666667,10,4,4,5,5,5,5,4,5,5,4
3.94,2.9,0.9888888888888889,10,3,1,3,4,4,3,3,2,4,2
1.24,1.1,0.09999999999999999,10,1,1,1,1,1,1,1,2,1,1
2.1,1.7,0.45555555555555544,10,1,3,2,1,2,2,2,1,1,2
2.33,2.2,0.6222222222222222,10,2,3,3,2,1,3,3,2,1,2
1.84,2.4,0.9333333333333336,10,3,2,2,1,2,2,2,2,4,4
1.38,1.2,0.1777777777777778,10,1,1,1,2,1,2,1,1,1,1
3.03,2.7,1.3444444444444443,10,2,2,2,2,1,3,5,4,3,3
2.21,2.3,0.8999999999999999,10,2,3,2,2,4,3,3,2,1,1
1.12,1.1,0.09999999999999999,10,1,1,2,1,1,1,1,1,1,1
4.09,4.1,0.5444444444444444,10,5,3,4,3,4,5,4,4,5,4
4.55,4.4,0.48888888888888893,10,4,5,5,5,5,4,4,5,4,3
1.7,1.7,0.6777777777777777,10,2,1,1,1,1,1,2,3,2,3
2.56,2.8,0.8444444444444444,10,1,3,3,4,2,2,3,3,4,3
4.65,4.6,0.26666666666666666,10,5,4,5,4,5,4,5,4,5,5
2.35,2.2,0.39999999999999997,10,2,3,1,2,2,2,2,3,3,2
1.54,1.6,0.48888888888888893,10,2,1,2,1,1,2,3,1,1,2
4.87,4.9,0.09999999999999999,10,5,5,5,5,5,5,4,5,5,5
2.88,3.5,0.7222222222222222,10,4,2,5,3,4,3,3,4,4,3
3.59,3.3,1.3444444444444443,10,3,5,3,4,2,2,4,2,5,3
2.57,2.2,0.8444444444444444,10,3,3,4,2,2,2,1,2,2,1
3.76,4.2,0.8444444444444444,10,5,5,5,3,3,4,5,4,3,5
2.82,3.1,0.9888888888888887,10,3,3,1,3,4,4,4,3,4,2
4.779999999999999,4.7,0.4555555555555555,10,3,5,5,4,5,5,5,5,5,5
1.56,1.9,1.2111111111111112,10,2,1,1,1,1,4,2,3,1,3
3.33,3.4,1.3777777777777778,10,4,2,3,4,2,3,4,2,5,5
2.73,2.8,1.7333333333333338,10,2,1,2,4,1,3,5,3,3,4
2.73,2.4,0.9333333333333333,10,1,1,4,3,3,3,2,2,2,3
4.35,4.1,0.9888888888888887,10,3,2,4,5,4,4,5,5,5,4
2.57,2.4,0.7111111111111112,10,2,1,1,3,3,3,3,3,2,3
3.15,2.9,1.4333333333333333,10,4,3,2,5,3,2,1,2,4,3
4.25,4.1,0.7666666666666666,10,4,5,5,3,3,5,4,4,5,3
2.05,2.2,1.0666666666666667,10,2,3,2,3,3,4,1,1,1,2
2.47,2.3,0.8999999999999999,10,2,1,2,3,4,2,1,2,3,3
3.29,3.2,1.5111111111111113,10,2,1,4,3,4,5,4,3,2,4
4.4,4.5,0.5,10,5,5,4,4,5,5,3,4,5,5
3.35,3.4,1.822222222222222,10,3,4,1,3,5,2,3,5,3,5
1.96,1.8,0.4,10,2,2,2,1,2,1,2,3,1,2
1.12,1.1,0.09999999999999999,10,1,1,1,1,2,1,1,1,1,1
4.83,4.7,0.23333333333333334,10,5,4,4,5,5,5,5,4,5,5
1.91,2.3,0.6777777777777777,10,3,3,2,3,1,3,2,1,2,3
2.13,2.3,1.5666666666666667,10,1,3,2,1,5,3,2,2,1,3
2.0,1.8,0.4,10,2,2,2,2,1,1,2,2,1,3
1.05,1.0,0.0,10,1,1,1,1,1,1,1,1,1,1
3.45,3.6,0.9333333333333336,10,4,4,4,5,4,2,4,3,4,2
3.95,4.0,0.8888888888888888,10,4,4,5,4,2,4,5,5,3,4
2.38,2.6,1.155555555555556,10,1,3,3,2,4,4,3,3,1,2
2.8600000000000003,3.5,2.0555555555555554,10,5,2,1,4,4,2,5,5,4,3
1.34,1.3,0.23333333333333334,10,2,1,2,2,1,1,1,1,1,1
1.77,1.5,0.7222222222222222,10,1,1,2,3,3,1,1,1,1,1
2.58,2.1,0.5444444444444444,10,2,2,2,2,1,3,1,3,2,3
4.45,4.1,0.7666666666666666,10,5,3,5,4,4,3,3,5,5,4
4.4,4.2,0.39999999999999997,10,5,4,4,4,4,5,3,5,4,4
1.78,1.9,0.9888888888888887,10,2,4,2,2,1,2,1,3,1,1
1.81,2.2,1.0666666666666669,10,2,4,1,1,3,3,2,2,3,1
3.56,3.5,0.9444444444444444,10,4,2,4,2,3,4,3,4,5,4
4.96,5.0,0.0,10,5,5,5,5,5,5,5,5,5,5
1.04,1.0,0.0,10,1,1,1,1,1,1,1,1,1,1
4.44,4.1,0.5444444444444444,10,4,5,5,5,3,4,4,4,3,4
3.5,3.7,0.23333333333333334,10,3,4,3,4,4,3,4,4,4,4
3.34,3.6,1.1555555555555557,10,3,3,4,2,2,4,4,5,5,4
4.08,4.3,0.23333333333333334,10,5,4,5,4,4,5,4,4,4,4
1.19,1.3,0.23333333333333334,10,1,1,2,1,2,1,2,1,1,1
2.72,2.8,1.5111111111111115,10,1,4,4,2,1,4,3,2,4,3
4.16,3.6,1.1555555555555557,10,4,3,4,2,5,4,5,2,3,4
2.1,2.7,1.1222222222222222,10,3,2,2,4,3,4,1,2,2,4
4.15,4.0,0.4444444444444444,10,4,5,4,5,4,3,3,4,4,4
4.34,4.4,0.26666666666666666,10,4,5,4,4,4,4,5,4,5,5
4.25,4.4,0.26666666666666666,10,4,5,5,4,5,4,4,5,4,4
2.75,3.1,2.0999999999999996,10,2,1,4,4,2,5,5,2,2,4
2.85,3.4,0.7111111111111112,10,2,4,3,4,4,2,3,4,4,4
1.39,1.5,0.2777777777777778,10,1,1,2,1,1,2,2,1,2,2
2.73,2.5,1.1666666666666667,10,3,2,1,1,3,4,2,2,3,4
4.32,4.5,0.5,10,5,4,4,4,5,5,5,3,5,5
1.19,1.3,0.23333333333333334,10,1,2,2,1,2,1,1,1,1,1
4.03,3.9,0.7666666666666666,10,5,3,4,4,4,5,3,5,3,3
1.35,1.2,0.17777777777777778,10,1,1,1,1,1,1,1,2,2,1
2.53,2.4,1.3777777777777775,10,3,2,1,2,1,4,4,3,3,1
4.8,4.7,0.23333333333333334,10,5,5,5,5,4,5,4,5,5,4
2.8,3.0,1.1111111111111112,10,3,4,5,4,2,2,2,3,2,3
2.71,3.0,0.6666666666666666,10,3,2,3,4,2,2,3,4,4,3
2.49,2.4,1.1555555555555557,10,3,2,2,4,1,2,2,3,4,1
4.58,4.1,0.9888888888888887,10,5,4,5,2,4,3,5,4,5,4
2.6100000000000003,2.5,0.7222222222222222,10,3,1,2,3,3,2,2,4,3,2
2.67,2.9,0.9888888888888889,10,3,2,3,4,2,4,1,3,3,4
1.83,2.1,0.5444444444444446,10,3,1,3,2,2,2,3,2,1,2
3.93,4.0,1.1111111111111112,10,4,5,5,3,3,4,5,5,4,2
4.01,4.1,0.9888888888888889,10,3,4,5,4,4,5,5,5,2,4
2.2,2.5,0.7222222222222222,10,3,2,3,1,2,2,4,3,3,2
2.39,2.3,0.4555555555555555,10,3,3,3,2,2,3,2,2,2,1
3.35,3.6,0.2666666666666667,10,4,4,3,4,4,4,4,3,3,3
3.07,3.0,1.5555555555555556,10,3,1,3,5,3,1,4,3,3,4
1.14,1.0,0.0,10,1,1,1,1,1,1,1,1,1,1
3.02,3.3,1.1222222222222222,10,4,4,4,3,2,4,5,2,2,3
1.9,1.7,0.8999999999999999,10,2,2,1,4,2,1,1,1,1,2
3.56,3.6,0.9333333333333333,10,4,3,3,3,3,4,2,4,5,5
4.71,4.7,0.23333333333333334,10,5,5,4,4,5,5,5,4,5,5
4.68,4.6,0.26666666666666666,10,5,5,4,5,4,4,4,5,5,5
4.32,4.5,0.5,10,5,5,5,4,5,4,5,3,4,5
3.23,3.2,1.0666666666666667,10,4,4,2,2,2,3,3,4,5,3
2.6100000000000003,2.9,1.877777777777778,10,1,5,1,2,4,2,4,3,3,4
4.68,4.9,0.09999999999999999,10,5,5,5,5,5,5,5,5,5,4
1.02,1.2,0.17777777777777784,10,1,2,2,1,1,1,1,1,1,1
1.49,1.4,0.9333333333333331,10,1,1,1,1,1,1,1,4,1,2
4.25,4.4,0.9333333333333333,10,5,4,5,4,5,4,5,5,5,2
4.05,4.4,0.2666666666666667,10,5,4,5,4,5,4,4,4,4,5
1.49,1.3,0.23333333333333334,10,2,1,1,2,2,1,1,1,1,1
2.09,2.3,1.7888888888888888,10,2,2,3,5,1,2,1,1,4,2
4.73,4.7,0.23333333333333334,10,4,5,5,4,5,4,5,5,5,5
2.83,2.9,1.2111111111111112,10,4,4,1,4,2,3,2,4,3,2
3.84,3.3,0.6777777777777777,10,4,2,2,4,4,4,3,3,4,3
2.96,3.2,0.6222222222222222,10,3,3,3,3,4,2,4,2,4,4
1.19,1.5,0.2777777777777778,10,2,2,2,1,2,1,1,1,2,1
3.53,3.4,0.7111111111111112,10,3,4,3,3,5,4,3,4,3,2
2.68,3.0,0.6666666666666666,10,4,3,3,4,2,2,2,4,3,3
4.92,5.0,0.0,10,5,5,5,5,5,5,5,5,5,5
2.81,3.0,0.4444444444444444,10,2,4,3,3,2,3,3,4,3,3
3.33,3.6,0.48888888888888893,10,4,3,3,4,4,3,3,5,4,3
3.34,3.3,0.23333333333333334,10,4,3,3,3,3,4,4,3,3,3
4.49,4.9,0.09999999999999999,10,5,5,5,5,5,5,5,4,5,5
1.64,1.7,0.6777777777777777,10,2,1,1,2,1,3,1,2,3,1
4.2,4.4,0.9333333333333333,10,5,5,5,4,5,5,5,4,2,4
2.33,2.4,0.7111111111111112,10,1,2,2,4,2,2,3,2,3,3
4.46,4.7,0.23333333333333334,10,5,4,5,5,5,5,4,5,4,5
4.779999999999999,4.8,0.17777777777777776,10,5,5,5,5,5,5,5,4,5,4
4.92,5.0,0.0,10,5,5,5,5,5,5,5,5,5,5
2.23,2.3,1.5666666666666667,10,2,4,3,4,1,3,1,1,3,1
4.07,4.5,0.2777777777777778,10,4,5,5,4,5,4,5,4,5,4
1.87,1.9,1.877777777777778,10,3,1,1,2,1,1,1,1,5,3
4.13,4.3,0.4555555555555555,10,4,5,4,5,4,4,5,5,3,4
3.61,3.9,0.7666666666666667,10,3,3,3,4,5,4,3,5,5,4
1.2,1.0,0.0,10,1,1,1,1,1,1,1,1,1,1
2.4,2.4,0.7111111111111112,10,3,2,3,3,2,4,1,2,2,2
2.84,3.1,1.2111111111111112,10,4,2,1,3,2,3,4,4,4,4
4.7,5.0,0.0,10,5,5,5,5,5,5,5,5,5,5
4.86,5.0,0.0,10,5,5,5,5,5,5,5,5,5,5
4.08,3.9,0.5444444444444444,10,4,5,4,4,4,3,5,3,4,3
1.21,1.0,0.0,10,1,1,1,1,1,1,1,1,1,1
4.45,4.8,0.17777777777777773,10,4,5,5,5,5,5,5,5,5,4
4.529999999999999,4.3,0.4555555555555555,10,5,4,4,4,5,4,4,5,5,3
2.12,2.3,0.6777777777777777,10,3,2,3,1,3,2,3,1,2,3
1.48,1.6,0.7111111111111112,10,2,3,1,1,1,3,1,1,1,2
4.83,4.8,0.17777777777777776,10,5,5,5,5,5,5,5,4,5,4
1.52,1.6,0.7111111111111112,10,3,1,3,1,1,2,1,2,1,1
2.69,2.6,0.9333333333333336,10,3,1,3,2,4,4,2,2,2,3
1.21,1.3,0.23333333333333334,10,2,1,1,2,1,1,1,2,1,1
4.76,4.8,0.17777777777777776,10,5,5,5,5,5,4,5,4,5,5
4.71,4.8,0.17777777777777773,10,5,5,5,5,4,5,5,5,4,5
4.46,4.4,0.4888888888888888,10,5,5,3,4,4,5,4,4,5,5
2.08,1.7,0.23333333333333334,10,2,2,2,1,2,2,1,1,2,2
3.77,3.5,0.9444444444444444,10,5,2,4,3,4,2,4,4,4,3
2.46,3.2,0.8444444444444444,10,4,3,5,2,3,3,4,3,2,3
3.96,3.6,1.6,10,4,5,5,4,3,2,2,2,5,4
3.61,3.9,0.32222222222222224,10,3,4,4,4,4,4,5,3,4,4
1.59,2.0,1.1111111111111112,10,3,1,1,1,2,2,1,2,4,3
1.44,1.8,0.4000000000000001,10,1,2,2,1,3,1,2,2,2,2
1.56,1.5,0.5,10,1,1,3,1,1,2,2,1,2,1
3.04,3.2,2.4000000000000004,10,5,1,3,5,2,3,5,3,4,1
2.81,2.5,0.2777777777777778,10,3,2,3,3,2,2,2,3,2,3
4.51,4.5,0.5,10,4,4,5,3,5,4,5,5,5,5
4.279999999999999,4.3,0.4555555555555555,10,4,4,4,5,5,5,5,4,3,4
4.65,4.6,0.4888888888888888,10,4,5,5,5,5,3,5,5,5,4
2.27,2.5,1.1666666666666667,10,3,2,4,3,1,3,2,4,2,1
1.93,1.3,0.45555555555555544,10,3,1,1,1,1,1,1,1,1,2
4.470000000000001,4.3,0.6777777777777777,10,4,5,3,5,5,3,4,5,5,4
2.02,2.1,0.7666666666666666,10,2,2,3,1,2,2,4,1,2,2
1.0,1.0,0.0,10,1,1,1,1,1,1,1,1,1,1
1.59,1.6,0.7111111111111112,10,1,1,1,1,3,3,1,2,1,2
1.22,1.1,0.09999999999999999,10,1,2,1,1,1,1,1,1,1,1
4.07,4.2,0.6222222222222222,10,4,3,4,4,5,5,4,3,5,5
3.67,3.7,0.6777777777777777,10,3,4,5,4,3,3,3,5,3,4
4.33,4.4,0.4888888888888888,10,4,4,5,5,5,3,5,4,5,4
2.48,2.1,1.2111111111111112,10,3,3,2,1,4,1,2,3,1,1
1.23,1.2,0.17777777777777778,10,1,1,1,1,1,1,2,1,2,1
4.24,4.2,0.6222222222222222,10,5,3,4,4,4,3,5,5,5,4
1.82,1.7,0.6777777777777777,10,1,1,1,3,2,1,1,3,2,2
2.49,1.9,0.9888888888888889,10,2,3,2,4,1,2,1,1,2,1
1.02,1.0,0.0,10,1,1,1,1,1,1,1,1,1,1
1.35,1.5,0.2777777777777778,10,1,1,1,2,2,1,1,2,2,2
3.43,3.4,0.7111111111111111,10,3,3,4,4,3,2,3,3,4,5
4.220000000000001,4.5,0.5,10,5,5,4,5,5,4,5,3,4,5
3.67,3.6,0.48888888888888893,10,4,3,3,4,3,3,5,4,4,3
3.17,2.9,1.4333333333333333,10,1,3,2,3,2,4,5,2,4,3
1.95,2.1,0.7666666666666665,10,1,2,1,3,1,3,2,3,3,2
1.79,1.5,0.2777777777777778,10,1,1,2,1,1,2,2,2,2,1
2.1,2.5,1.1666666666666667,10,1,4,3,3,2,2,2,4,1,3
4.14,4.1,0.9888888888888889,10,5,5,3,4,3,5,5,5,3,3
4.470000000000001,4.5,0.5,10,5,5,5,3,4,4,5,5,4,5
1.57,1.3,0.23333333333333334,10,1,1,1,2,1,1,2,2,1,1
4.82,4.6,0.4888888888888888,10,5,5,5,5,3,4,5,4,5,5
1.37,1.2,0.1777777777777778,10,1,1,1,1,1,2,2,1,1,1
4.16,4.1,0.5444444444444444,10,3,5,4,4,4,4,3,5,5,4
2.18,2.1,0.5444444444444444,10,1,2,2,2,1,3,2,2,3,3
4.9,4.9,0.09999999999999998,10,5,5,5,5,5,4,5,5,5,5
3.53,3.4,1.3777777777777778,10,5,2,3,4,4,2,5,3,2,4
1.29,1.5,0.2777777777777778,10,2,1,1,1,2,2,2,1,1,2
2.36,2.4,0.9333333333333333,10,2,1,3,4,3,1,3,2,3,2
2.27,2.6,0.7111111111111114,10,1,2,4,2,3,3,3,2,3,3
2.66,3.0,1.3333333333333333,10,4,5,4,3,3,2,3,3,2,1
1.76,1.6,0.48888888888888904,10,1,1,2,3,1,1,2,2,1,2
2.9,2.6,0.9333333333333333,10,4,3,3,2,4,2,2,1,3,2
2.28,2.9,0.9888888888888887,10,2,3,3,3,2,2,5,2,4,3
3.13,3.0,0.6666666666666666,10,3,3,3,4,4,2,3,4,2,2
3.84,4.1,0.9888888888888887,10,5,4,5,4,3,4,4,5,5,2
2.66,2.8,1.7333333333333334,10,1,4,2,3,4,5,3,1,3,2
4.34,4.2,1.0666666666666669,10,5,2,5,3,4,4,4,5,5,5
4.7,4.6,0.26666666666666666,10,5,5,4,5,4,5,4,5,5,4
3.52,4.1,1.211111111111111,10,3,2,5,5,3,5,4,5,4,5
1.04,1.0,0.0,10,1,1,1,1,1,1,1,1,1,1
4.91,4.8,0.17777777777777773,10,4,5,5,5,5,5,4,5,5,5
1.59,1.5,0.5,10,1,2,1,1,1,3,1,2,1,2
3.02,2.7,2.011111111111111,10,1,4,2,4,1,2,2,4,2,5
1.11,1.2,0.17777777777777784,10,2,1,2,1,1,1,1,1,1,1
4.33,4.1,0.5444444444444444,10,4,5,5,3,4,4,3,4,5,4
3.85,3.7,1.1222222222222222,10,4,5,2,5,3,4,4,4,2,4
4.1,3.8,0.8444444444444444,10,5,4,5,3,3,5,3,4,3,3
4.17,4.4,0.26666666666666666,10,4,5,4,4,4,5,5,5,4,4
2.21,2.1,0.3222222222222222,10,2,3,2,2,3,2,2,2,2,1
4.86,5.0,0.0,10,5,5,5,5,5,5,5,5,5,5
3.23,3.3,0.4555555555555555,10,3,2,3,4,3,4,3,3,4,4
1.03,1.0,0.0,10,1,1,1,1,1,1,1,1,1,1
1.97,1.9,0.32222222222222224,10,2,2,2,1,3,2,2,2,2,1
3.69,3.2,0.6222222222222222,10,4,3,3,4,2,3,2,4,3,4
1.53,1.8,0.6222222222222223,10,2,1,3,2,1,2,1,1,2,3
2.56,2.1,0.9888888888888889,10,1,2,3,2,2,1,4,2,3,1
3.09,3.0,1.5555555555555556,10,4,4,2,3,2,3,2,1,5,4
3.42,3.6,1.6,10,2,4,2,4,4,5,5,3,2,5
1.32,1.5,0.5,10,3,1,1,2,2,1,1,2,1,1
2.1,2.0,1.1111111111111112,10,3,1,1,3,2,2,1,1,2,4
3.54,2.7,1.3444444444444443,10,2,4,3,3,1,4,4,3,1,2
1.55,1.6,0.48888888888888904,10,1,2,2,1,3,1,1,2,2,1
3.3,3.5,0.9444444444444444,10,3,5,3,3,2,4,4,3,3,5
4.29,4.1,0.5444444444444444,10,3,4,4,5,4,5,4,3,4,5
3.24,3.6,0.7111111111111112,10,3,4,4,4,5,2,3,4,3,4
1.0699999999999998,1.0,0.0,10,1,1,1,1,1,1,1,1,1,1
2.12,1.9,0.5444444444444444,10,2,2,3,2,2,2,1,3,1,1
2.59,3.1,0.5444444444444445,10,4,4,2,4,3,3,3,3,2,3
3.38,2.3,0.8999999999999999,10,2,1,2,2,3,3,1,3,4,2
1.84,1.8,1.288888888888889,10,1,1,1,4,3,1,1,3,1,2
2.76,3.0,1.3333333333333333,10,3,2,3,4,3,3,4,1,2,5
4.75,4.6,0.26666666666666666,10,5,5,5,5,4,4,5,4,5,4
3.34,3.6,1.1555555555555557,10,2,3,5,5,3,3,3,4,3,5
2.0,1.6,0.2666666666666667,10,2,2,1,1,2,1,2,2,2,1
4.54,4.4,0.48888888888888893,10,5,4,5,5,5,4,4,5,4,3
1.54,1.4,0.2666666666666667,10,1,2,1,1,1,2,2,1,2,1
3.86,4.2,1.0666666666666669,10,5,4,4,2,5,5,3,5,4,5
4.84,4.7,0.23333333333333334,10,4,5,5,5,5,4,4,5,5,5
3.44,3.4,1.6000000000000003,10,3,2,2,3,2,4,5,5,3,5
1.59,1.1,0.09999999999999999,10,2,1,1,1,1,1,1,1,1,1
2.39,1.8,0.6222222222222223,10,2,1,2,1,3,2,2,3,1,1
2.59,2.7,0.6777777777777777,10,1,3,3,3,2,3,3,3,2,4
1.21,1.3,0.45555555555555544,10,3,1,1,2,1,1,1,1,1,1
2.99,2.5,1.3888888888888888,10,3,3,1,4,4,3,2,1,3,1
2.31,2.6,0.48888888888888904,10,2,2,4,3,2,3,2,3,3,2
3.03,3.5,0.9444444444444444,10,4,4,5,4,3,3,2,2,4,4
3.1100000000000003,3.4,0.7111111111111112,10,2,4,4,4,3,3,4,2,4,4
3.99,4.2,0.39999999999999997,10,5,5,4,4,5,4,4,3,4,4
3.5,3.5,0.9444444444444444,10,2,3,5,3,4,3,5,4,3,3
3.94,4.1,0.7666666666666666,10,5,3,4,4,4,5,5,5,3,3
4.720000000000001,4.3,0.4555555555555556,10,5,5,5,4,4,4,5,3,4,4
4.33,4.0,0.6666666666666666,10,4,5,3,3,5,4,4,3,4,5
3.39,3.2,0.6222222222222222,10,5,3,3,3,2,4,3,3,3,3
1.95,1.6,0.7111111111111112,10,3,1,1,2,3,1,1,1,1,2
1.87,1.4,0.2666666666666667,10,2,1,2,1,2,2,1,1,1,1
2.77,3.0,0.6666666666666666,10,4,2,4,2,3,3,2,3,4,3
2.02,1.9,0.5444444444444445,10,3,2,2,2,2,1,1,2,1,3
1.51,1.7,0.6777777777777777,10,2,1,1,1,3,2,1,1,3,2
2.08,1.7,0.6777777777777777,10,1,2,3,1,1,2,1,2,1,3
1.35,1.5,0.7222222222222222,10,3,1,1,1,2,3,1,1,1,1
3.45,3.7,0.23333333333333334,10,4,4,4,3,3,4,4,4,3,4
2.96,2.9,0.5444444444444443,10,3,3,3,4,2,2,4,3,2,3
3.3600000000000003,3.0,1.3333333333333333,10,4,3,3,3,2,5,4,1,3,2
4.83,4.7,0.4555555555555555,10,5,5,5,3,5,4,5,5,5,5
2.63,2.9,0.7666666666666666,10,2,2,2,4,3,2,4,3,3,4
4.8,4.7,0.23333333333333334,10,5,4,5,5,5,4,5,5,4,5
2.88,3.0,2.0,10,2,2,4,4,2,5,5,3,2,1
2.59,2.6,0.48888888888888904,10,2,3,2,3,4,2,3,2,2,3
2.59,2.5,0.9444444444444444,10,1,2,3,1,3,2,3,3,4,3
1.5,1.3,0.45555555555555544,10,1,1,1,3,1,2,1,1,1,1
1.82,2.0,1.1111111111111112,10,3,1,2,1,2,1,2,4,1,3
4.1,4.2,0.39999999999999997,10,4,4,4,3,4,5,4,4,5,5
2.29,2.5,1.6111111111111112,10,1,1,2,2,3,2,3,2,4,5
2.66,2.4,0.7111111111111112,10,3,2,4,3,1,2,3,2,2,2
1.31,1.1,0.1,10,1,1,1,1,1,1,1,1,2,1
3.29,3.7,0.23333333333333334,10,4,4,4,4,3,4,4,4,3,3
1.75,1.9,0.7666666666666665,10,2,1,2,4,2,1,2,2,1,2
4.85,4.8,0.17777777777777773,10,5,5,4,5,4,5,5,5,5,5
2.25,1.8,0.4000000000000001,10,3,1,2,2,2,2,2,1,2,1
1.19,1.0,0.0,10,1,1,1,1,1,1,1,1,1,1
4.5,4.2,0.6222222222222222,10,4,3,4,5,5,5,4,5,3,4
2.88,3.4,1.3777777777777778,10,3,5,3,3,1,3,3,4,5,4
4.32,4.4,0.48888888888888893,10,5,4,5,5,5,4,5,4,4,3
2.2,2.0,0.4444444444444444,10,1,2,2,2,2,2,3,1,2,3
4.43,4.2,0.17777777777777773,10,5,4,4,4,4,5,4,4,4,4
3.94,3.7,0.6777777777777777,10,4,4,3,4,3,2,4,5,4,4
4.529999999999999,4.6,0.26666666666666666,10,4,5,5,5,4,5,5,5,4,4
4.02,3.6,1.155555555555556,10,4,3,3,2,5,5,4,2,4,4
2.68,2.3,1.1222222222222222,10,3,1,2,4,3,1,2,3,3,1
1.03,1.0,0.0,10,1,1,1,1,1,1,1,1,1,1
3.2,3.7,0.6777777777777777,10,4,5,2,4,4,4,3,3,4,4
1.57,1.3,0.23333333333333334,10,1,1,2,1,1,1,1,2,1,2
3.71,3.4,0.9333333333333333,10,2,3,2,4,4,5,4,4,3,3
3.34,3.1,0.7666666666666666,10,3,4,4,2,3,3,4,2,4,2
1.57,1.5,0.2777777777777778,10,1,2,2,1,2,1,2,1,1,2
4.33,4.5,0.2777777777777778,10,4,4,5,5,5,5,4,4,4,5
1.54,1.8,0.4000000000000001,10,2,2,2,1,3,1,1,2,2,2
3.02,3.1,1.6555555555555557,10,2,5,4,4,4,3,2,1,2,4
4.65,4.3,0.4555555555555555,10,4,3,4,5,4,5,4,5,4,5
4.33,4.2,1.066666666666667,10,3,4,5,5,5,2,4,5,5,4
3.47,3.8,0.6222222222222222,10,3,4,5,4,3,5,3,4,4,3
3.26,3.6,1.8222222222222224,10,5,3,5,4,2,3,4,4,5,1
3.66,4.2,1.288888888888889,10,5,2,5,5,3,5,5,4,5,3
4.62,4.7,0.4555555555555555,10,5,4,5,5,5,5,3,5,5,5
4.64,4.5,0.2777777777777778,10,4,5,5,5,4,5,4,4,5,4
4.14,4.3,0.6777777777777777,10,3,5,5,3,4,5,5,5,4,4
1.7,1.7,0.4555555555555556,10,1,2,2,1,2,2,1,3,2,1
4.29,4.5,0.5,10,5,5,4,3,5,5,4,4,5,5
2.83,3.0,0.6666666666666666,10,4,3,4,2,3,3,2,3,4,2
1.98,1.5,0.7222222222222222,10,1,1,1,1,1,2,3,1,3,1
2.77,3.0,0.4444444444444444,10,3,3,3,2,4,2,4,3,3,3
4.03,4.1,0.32222222222222224,10,5,4,4,4,4,4,5,4,4,3
1.01,1.0,0.0,10,1,1,1,1,1,1,1,1,1,1
1.83,1.8,0.6222222222222223,10,3,1,1,2,2,2,3,2,1,1
3.56,3.5,1.1666666666666667,10,3,4,3,2,4,5,3,5,4,2
3.08,3.1,1.2111111111111112,10,1,4,4,4,3,3,2,2,4,4
3.91,3.9,0.5444444444444444,10,4,5,4,4,4,3,3,5,4,3
2.53,2.7,0.6777777777777777,10,4,3,4,3,2,3,2,2,2,2
2.2,2.6,0.2666666666666667,10,3,3,2,2,2,3,2,3,3,3
4.55,4.5,0.5,10,4,5,5,5,3,5,5,4,4,5
3.3600000000000003,3.0,0.4444444444444444,10,4,3,4,3,3,3,2,3,3,2
2.85,2.8,1.288888888888889,10,1,4,5,3,2,3,2,3,3,2
4.46,4.4,0.2666666666666667,10,4,4,5,5,4,5,4,4,5,4
1.42,1.3,0.4555555555555555,10,1,1,1,1,1,1,1,3,2,1
3.84,4.0,0.6666666666666666,10,5,4,4,3,3,5,3,4,5,4
1.11,1.0,0.0,10,1,1,1,1,1,1,1,1,1,1
1.69,1.5,0.5,10,3,1,1,1,1,2,2,2,1,1
1.04,1.0,0.0,10,1,1,1,1,1,1,1,1,1,1
1.25,1.2,0.17777777777777784,10,2,1,1,1,1,1,1,2,1,1
3.37,3.3,0.8999999999999999,10,3,5,2,3,4,4,3,2,4,3
3.29,3.2,0.39999999999999997,10,4,4,3,3,3,2,4,3,3,3
1.7,1.6,0.48888888888888893,10,1,2,1,2,1,2,1,1,3,2
4.35,4.5,0.5,10,4,5,3,5,5,5,5,4,5,4
1.82,2.0,0.8888888888888888,10,2,1,1,3,2,3,1,1,3,3
2.89,3.4,0.9333333333333333,10,2,4,4,3,3,5,2,4,4,3
1.29,1.1,0.09999999999999999,10,1,1,1,1,2,1,1,1,1,1
3.31,3.0,0.6666666666666666,10,3,2,4,2,2,4,4,3,3,3
4.5200000000000005,4.3,0.4555555555555555,10,5,5,5,4,4,4,3,4,5,4
1.66,1.9,0.9888888888888889,10,2,1,4,2,2,3,2,1,1,1
3.62,3.5,0.7222222222222222,10,3,4,3,3,5,3,5,3,3,3
1.45,1.3,0.23333333333333334,10,1,2,1,2,1,1,1,1,2,1
1.52,1.5,0.5,10,1,1,1,2,1,2,3,1,2,1
3.45,4.1,0.7666666666666666,10,3,3,5,4,4,4,5,5,3,5
1.65,2.1,0.5444444444444444,10,3,3,2,2,2,3,2,1,1,2
2.27,2.5,0.7222222222222222,10,2,3,2,2,4,2,3,3,1,3
3.87,3.6,1.155555555555556,10,2,4,5,4,5,3,2,4,3,4
4.8100000000000005,4.7,0.23333333333333334,10,5,5,5,5,5,5,5,4,4,4
1.65,1.7,0.4555555555555556,10,2,2,1,1,2,2,2,1,1,3
3.35,3.8,1.2888888888888888,10,3,5,3,5,3,3,5,4,5,2
3.68,3.7,0.8999999999999999,10,3,3,2,4,5,3,4,4,5,4
4.08,4.6,0.2666666666666667,10,5,4,4,5,5,5,4,5,5,4
4.45,4.1,0.7666666666666666,10,4,4,3,5,3,5,5,3,5,4
2.31,2.4,0.7111111111111114,10,2,4,2,2,2,1,3,3,2,3
1.13,1.2,0.1777777777777778,10,1,1,1,1,2,2,1,1,1,1
3.7,3.5,0.7222222222222222,10,4,4,2,4,4,3,3,3,5,3
3.13,3.0,0.6666666666666666,10,2,4,3,4,2,3,3,2,3,4
3.76,3.5,1.6111111111111112,10,4,4,3,5,4,1,5,3,4,2
4.8100000000000005,4.5,0.7222222222222222,10,5,4,5,5,5,5,3,3,5,5
1.92,1.8,0.4,10,2,2,2,2,2,1,1,3,1,2
1.27,1.2,0.1777777777777778,10,1,1,1,1,1,2,1,1,2,1
2.69,3.0,1.5555555555555556,10,4,1,4,4,2,2,3,3,2,5
1.28,1.4,0.48888888888888893,10,1,1,2,2,1,1,3,1,1,1
2.13,2.2,1.288888888888889,10,1,2,4,3,2,2,1,2,4,1
3.1,2.5,1.8333333333333333,10,2,1,4,3,1,5,3,3,1,2
1.34,1.3,0.23333333333333334,10,2,1,1,2,1,1,1,1,2,1
4.63,4.8,0.17777777777777776,10,5,5,5,5,5,5,5,5,4,4
1.35,1.6,0.7111111111111112,10,2,1,1,1,3,1,2,3,1,1
3.07,3.0,0.8888888888888888,10,4,2,2,4,2,4,4,2,3,3
3.71,3.4,1.6,10,3,4,4,2,4,5,3,1,5,3
4.470000000000001,4.8,0.17777777777777773,10,5,5,4,5,5,5,5,4,5,5
1.65,1.3,0.23333333333333334,10,1,2,2,1,1,2,1,1,1,1
3.99,4.3,1.1222222222222222,10,5,5,5,2,5,5,5,4,4,3
3.0,3.3,1.788888888888889,10,4,2,4,2,4,3,5,3,5,1
1.65,1.4,0.48888888888888904,10,1,1,2,1,1,3,1,1,1,2
4.88,5.0,0.0,10,5,5,5,5,5,5,5,5,5,5
1.31,1.5,0.5,10,1,1,1,2,2,2,1,1,1,3
2.36,2.1,0.5444444444444444,10,2,2,2,3,2,1,3,1,2,3
3.84,4.2,0.8444444444444444,10,4,4,3,5,3,5,5,3,5,5
3.58,3.1,0.7666666666666665,10,4,4,2,2,3,4,3,3,4,2
3.13,3.1,0.32222222222222235,10,2,4,3,3,3,3,3,4,3,3
1.01,1.0,0.0,10,1,1,1,1,1,1,1,1,1,1
2.18,2.3,0.4555555555555555,10,2,1,2,3,2,3,2,3,3,2
4.65,4.3,0.6777777777777777,10,5,5,4,4,5,3,5,5,3,4
1.78,1.9,0.32222222222222224,10,1,2,2,2,2,2,3,2,2,1
2.6100000000000003,2.9,0.5444444444444445,10,2,3,4,3,2,3,4,2,3,3
4.35,4.4,0.711111111111111,10,5,4,5,3,5,5,4,5,5,3
1.24,1.0,0.0,10,1,1,1,1,1,1,1,1,1,1
4.75,4.6,0.4888888888888888,10,5,4,3,5,5,4,5,5,5,5
3.14,2.9,1.2111111111111112,10,3,4,4,1,2,4,3,2,4,2
2.96,3.0,1.1111111111111112,10,3,1,2,4,3,4,4,2,4,3
2.6,3.2,0.39999999999999997,10,3,4,3,2,3,3,4,4,3,3
3.22,3.0,1.7777777777777777,10,4,5,5,2,2,2,2,2,2,4
4.5200000000000005,4.5,0.2777777777777778,10,4,4,5,4,5,5,4,5,4,5
2.1,2.1,0.7666666666666666,10,1,1,1,2,3,2,3,2,3,3
1.76,1.8,0.8444444444444446,10,2,1,1,3,2,3,1,3,1,1
1.33,1.3,0.23333333333333334,10,1,1,1,1,2,1,1,1,2,2
1.48,1.5,0.5,10,1,2,1,1,2,1,2,3,1,1
3.77,3.6,1.1555555555555557,10,4,4,4,3,1,5,3,4,4,4
1.43,1.6,0.48888888888888893,10,1,2,2,1,2,1,2,1,3,1
4.73,4.6,0.4888888888888888,10,4,5,3,5,4,5,5,5,5,5
4.57,4.3,0.4555555555555555,10,4,4,3,4,5,4,4,5,5,5
3.43,3.8,0.6222222222222222,10,5,5,4,4,3,4,3,3,4,3
1.3,1.4,0.48888888888888904,10,2,1,1,1,3,1,1,2,1,1
3.53,3.7,1.1222222222222222,10,4,3,5,5,3,5,3,3,2,4
4.279999999999999,3.7,0.8999999999999999,10,3,5,4,4,2,4,4,3,5,3
1.95,1.9,1.211111111111111,10,3,1,1,1,1,2,1,3,2,4
4.48,4.6,0.4888888888888888,10,5,4,4,5,3,5,5,5,5,5
3.45,3.7,0.23333333333333334,10,3,4,4,4,4,4,4,3,4,3
1.39,1.3,0.23333333333333334,10,2,2,1,1,1,2,1,1,1,1
1.53,1.6,0.48888888888888893,10,1,2,1,2,2,3,1,2,1,1
2.58,2.1,0.9888888888888889,10,4,1,1,3,2,1,2,2,2,3
1.29,1.4,0.2666666666666667,10,1,2,1,1,1,1,2,2,2,1
3.46,3.3,0.4555555555555555,10,4,2,4,3,3,3,4,3,4,3
4.59,4.6,0.2666666666666667,10,4,5,4,5,5,5,4,5,4,5
2.67,2.3,1.5666666666666667,10,2,2,2,4,1,1,1,4,2,4
4.7,4.6,0.26666666666666666,10,5,5,5,5,4,5,5,4,4,4
4.17,4.3,0.8999999999999999,10,5,5,5,4,4,5,4,5,2,4
4.85,4.9,0.09999999999999999,10,5,5,5,5,5,5,5,5,5,4
1.25,1.1,0.1,10,1,1,1,1,1,1,1,1,1,2
2.6,2.6,0.7111111111111112,10,3,2,3,3,4,3,1,2,2,3
4.0600000000000005,4.3,0.6777777777777777,10,5,4,5,5,3,3,5,4,5,4
1.32,1.2,0.1777777777777778,10,1,1,2,1,1,1,1,1,2,1
3.18,3.3,0.8999999999999999,10,3,3,3,2,4,2,4,5,3,4
4.93,5.0,0.0,10,5,5,5,5,5,5,5,5,5,5
3.14,2.3,1.5666666666666667,10,3,1,3,5,1,3,1,2,2,2
2.82,3.2,1.0666666666666667,10,4,3,4,4,4,4,1,3,2,3
1.08,1.1,0.09999999999999999,10,1,1,1,1,1,2,1,1,1,1
4.93,5.0,0.0,10,5,5,5,5,5,5,5,5,5,5
2.98,3.1,1.4333333333333336,10,4,2,4,2,1,4,4,4,4,2
3.22,3.1,0.3222222222222222,10,3,2,3,3,3,3,3,4,4,3
2.27,1.9,0.5444444444444444,10,2,3,1,1,2,1,3,2,2,2
4.04,4.4,0.4888888888888888,10,5,3,5,4,4,4,4,5,5,5
3.66,3.2,1.2888888888888888,10,4,3,3,4,1,3,2,5,4,3
2.14,2.6,0.48888888888888915,10,3,1,3,2,3,3,3,3,2,3
4.65,4.5,0.5,10,5,5,5,5,4,4,3,4,5,5
3.71,3.4,1.377777777777778,10,4,4,4,3,4,5,4,2,3,1
2.46,2.3,0.4555555555555555,10,1,2,2,2,3,2,3,3,2,3
2.64,3.3,1.1222222222222222,10,4,3,5,2,2,4,2,3,4,4
4.37,4.2,0.6222222222222222,10,5,4,4,5,3,3,4,5,4,5
4.91,4.9,0.09999999999999999,10,5,5,5,5,5,5,5,4,5,5
3.59,3.3,1.1222222222222222,10,2,5,3,4,4,3,4,2,2,4
2.81,2.8,1.288888888888889,10,1,2,3,3,4,4,3,4,3,1
1.81,2.0,0.4444444444444444,10,2,2,2,2,2,3,1,2,3,1
3.49,3.2,0.8444444444444444,10,5,4,3,2,3,3,3,2,4,3
2.73,3.3,0.4555555555555555,10,4,4,4,3,2,3,3,3,3,4
1.49,1.7,0.4555555555555556,10,1,1,1,2,2,2,2,3,2,1
1.24,1.4,0.48888888888888904,10,1,1,2,1,3,1,1,1,1,2
4.13,3.8,1.5111111111111115,10,5,4,3,5,4,1,4,5,3,4
4.85,4.8,0.17777777777777773,10,5,5,5,5,4,5,5,5,5,4
2.9,3.0,1.1111111111111112,10,4,3,2,4,4,4,1,3,3,2
3.74,3.6,1.3777777777777778,10,3,3,5,5,5,2,3,4,2,4
1.77,1.9,0.5444444444444443,10,2,2,1,3,1,3,2,2,2,1
3.28,3.5,1.8333333333333333,10,2,1,3,4,5,4,5,5,3,3
2.28,2.2,0.8444444444444444,10,2,3,1,1,2,3,1,3,3,3
1.12,1.1,0.09999999999999999,10,1,1,1,1,1,2,1,1,1,1
4.41,4.5,0.5,10,5,5,3,5,5,5,4,4,5,4
3.63,3.8,0.8444444444444444,10,2,4,4,4,4,3,5,4,3,5
2.01,1.7,0.6777777777777777,10,2,2,1,1,3,1,2,1,3,1
3.42,3.2,1.2888888888888888,10,4,1,3,3,4,4,5,3,2,3
3.21,3.8,0.6222222222222222,10,4,4,5,4,3,3,4,3,3,5
1.19,1.2,0.17777777777777778,10,1,1,1,1,1,1,1,1,2,2
1.79,1.5,0.2777777777777778,10,2,2,2,1,1,2,1,2,1,1
2.8,2.5,0.7222222222222222,10,3,3,2,3,4,2,2,1,2,3
1.56,1.7,1.1222222222222222,10,1,1,1,2,1,3,1,2,1,4
4.91,4.8,0.17777777777777773,10,5,5,4,5,5,4,5,5,5,5
4.41,4.7,0.23333333333333334,10,4,5,5,4,5,5,5,5,4,5
1.7,1.8,0.6222222222222223,10,1,2,2,3,1,2,2,1,3,1
4.59,4.6,0.4888888888888888,10,4,5,5,5,3,5,5,5,4,5
1.43,1.3,0.23333333333333334,10,1,1,2,1,1,2,2,1,1,1
4.66,4.6,0.26666666666666666,10,4,5,5,4,4,4,5,5,5,5
1.87,2.2,1.288888888888889,10,4,3,1,2,3,1,1,3,1,3
1.76,1.8,1.066666666666667,10,2,2,3,1,4,2,1,1,1,1
1.14,1.0,0.0,10,1,1,1,1,1,1,1,1,1,1
2.25,2.7,2.011111111111111,10,4,1,2,5,1,3,3,3,1,4
4.37,4.7,0.23333333333333334,10,5,5,5,5,5,5,4,5,4,4
4.65,4.6,0.26666666666666666,10,5,5,4,5,4,4,5,4,5,5
4.19,4.5,0.2777777777777778,10,5,4,4,5,5,5,4,4,5,4
4.84,4.8,0.17777777777777776,10,5,5,5,5,5,4,5,5,4,5
4.11,4.1,0.7666666666666666,10,4,4,5,5,3,3,5,5,4,3
2.32,2.0,0.6666666666666666,10,1,3,1,3,2,1,2,3,2,2
3.33,3.0,1.5555555555555556,10,4,1,3,5,2,4,4,2,3,2
2.54,3.0,1.3333333333333333,10,2,4,5,2,3,4,3,3,1,3
4.13,4.4,0.26666666666666666,10,4,5,4,4,4,5,4,5,4,5
3.91,4.1,0.9888888888888887,10,5,4,4,5,2,4,5,3,5,4
1.98,2.2,0.8444444444444444,10,3,1,2,3,3,3,3,2,1,1
4.8,4.9,0.09999999999999999,10,5,5,5,5,5,5,5,5,5,4
2.73,2.9,1.2111111111111112,10,3,4,3,2,3,2,5,1,3,3
1.89,2.2,0.6222222222222222,10,3,2,1,2,3,1,3,2,3,2
1.59,2.0,0.2222222222222222,10,2,2,2,2,1,2,2,2,2,3
4.970000000000001,5.0,0.0,10,5,5,5,5,5,5,5,5,5,5
3.12,2.9,0.9888888888888889,10,2,4,3,2,3,3,1,4,4,3
1.79,1.9,0.5444444444444445,10,2,2,1,1,3,2,2,2,3,1
1.02,1.0,0.0,10,1,1,1,1,1,1,1,1,1,1
1.57,1.5,0.5,10,1,1,2,2,3,1,1,1,1,2
1.01,1.0,0.0,10,1,1,1,1,1,1,1,1,1,1
2.42,2.2,1.288888888888889,10,1,3,1,3,2,3,3,4,1,1
2.08,1.7,0.6777777777777777,10,1,1,1,1,1,2,3,2,3,2
4.3100000000000005,4.4,0.26666666666666666,10,4,5,5,5,4,4,5,4,4,4
3.2,3.0,0.8888888888888888,10,3,2,3,3,4,3,1,4,4,3
2.24,2.3,1.1222222222222222,10,1,1,2,2,3,2,2,4,2,4
1.02,1.0,0.0,10,1,1,1,1,1,1,1,1,1,1
4.62,4.9,0.09999999999999996,10,4,5,5,5,5,5,5,5,5,5
2.51,2.5,1.6111111111111112,10,1,2,1,3,3,4,4,1,2,4
5.0,5.0,0.0,10,5,5,5,5,5,5,5,5,5,5
1.35,1.2,0.1777777777777778,10,1,1,1,1,1,2,1,2,1,1
3.75,3.5,0.7222222222222222,10,3,3,3,4,3,3,5,3,5,3
4.529999999999999,4.6,0.26666666666666666,10,4,5,5,5,5,4,4,4,5,5
2.9,2.8,0.8444444444444444,10,3,1,4,3,3,2,2,3,3,4
4.18,4.5,0.2777777777777778,10,4,4,5,4,4,5,4,5,5,5
3.22,2.7,1.1222222222222222,10,4,4,2,2,2,3,2,4,3,1
4.970000000000001,5.0,0.0,10,5,5,5,5,5,5,5,5,5,5
3.88,4.5,0.2777777777777778,10,5,4,5,4,5,5,4,4,5,4
3.04,3.4,0.48888888888888904,10,4,2,4,3,4,4,4,3,3,3
1.73,2.0,0.6666666666666666,10,2,1,3,3,2,1,3,2,1,2
4.84,4.8,0.39999999999999997,10,5,5,5,5,5,5,5,3,5,5
1.15,1.3,0.23333333333333334,10,2,2,1,1,2,1,1,1,1,1
3.71,3.5,0.7222222222222222,10,4,3,5,4,4,4,2,3,3,3
1.63,1.7,0.6777777777777777,10,2,1,1,2,3,1,1,2,3,1
1.54,1.5,0.5,10,1,1,3,2,1,1,1,2,1,2
4.46,4.3,0.4555555555555555,10,4,4,5,3,5,5,4,4,4,5
3.35,3.0,0.8888888888888888,10,3,4,3,1,2,3,4,3,4,3
1.78,2.3,1.3444444444444443,10,3,1,1,2,4,4,2,2,3,1
2.65,2.9,1.4333333333333333,10,4,1,4,4,1,3,2,4,3,3
1.85,1.8,0.6222222222222223,10,2,1,2,1,1,2,2,3,3,1
2.79,3.0,0.6666666666666666,10,3,4,2,3,2,3,4,2,4,3
1.3,1.3,0.23333333333333334,10,1,1,1,2,1,2,1,1,1,2
4.25,4.0,0.6666666666666666,10,5,4,4,4,3,3,5,3,5,4
1.29,1.1,0.09999999999999999,10,1,1,1,1,1,1,2,1,1,1
4.41,4.3,0.6777777777777777,10,3,5,3,5,5,4,4,5,4,5
2.52,2.5,0.7222222222222222,10,2,2,2,3,3,1,3,2,3,4
4.720000000000001,4.5,0.5,10,4,5,5,4,5,3,5,5,4,5
3.94,4.0,1.1111111111111112,10,4,4,3,2,5,5,5,4,3,5
3.88,3.3,1.1222222222222222,10,4,3,5,3,2,3,3,5,3,2
4.0600000000000005,4.0,1.1111111111111112,10,5,3,3,4,5,4,4,5,2,5
2.75,2.6,0.2666666666666667,10,2,3,3,2,3,3,3,3,2,2
1.99,2.2,0.6222222222222222,10,2,1,2,4,2,2,2,2,2,3
4.66,4.6,0.48888888888888893,10,4,5,5,4,5,5,5,5,3,5
3.05,2.9,0.9888888888888889,10,2,3,4,4,3,2,3,3,4,1
2.79,3.1,1.2111111111111112,10,4,3,3,3,5,2,1,4,3,3
4.26,4.5,0.2777777777777778,10,4,5,4,5,4,5,5,4,4,5
3.72,3.6,0.2666666666666667,10,4,4,4,4,3,3,3,3,4,4
3.56,3.6,0.9333333333333333,10,5,4,4,5,3,2,3,3,3,4
3.62,3.5,1.6111111111111112,10,1,4,5,2,4,3,5,4,3,4
1.53,1.9,1.4333333333333336,10,2,2,1,2,1,2,5,1,2,1
2.95,2.5,0.7222222222222222,10,2,3,2,4,2,1,3,3,2,3
2.03,1.7,0.4555555555555556,10,2,2,2,1,1,2,1,3,1,2
1.9,1.4,0.7111111111111114,10,1,3,1,1,1,3,1,1,1,1
4.5600000000000005,4.6,0.26666666666666666,10,4,5,5,5,4,5,4,5,5,4
3.23,3.0,0.8888888888888888,10,3,2,5,3,2,3,3,4,2,3
2.11,2.5,0.7222222222222222,10,2,4,3,3,1,2,2,2,3,3
4.62,4.9,0.09999999999999998,10,5,5,4,5,5,5,5,5,5,5
4.94,4.9,0.09999999999999998,10,5,5,5,5,4,5,5,5,5,5
3.3600000000000003,3.6,0.7111111111111111,10,4,4,4,3,3,3,4,4,2,5
3.63,3.7,1.1222222222222222,10,3,5,3,4,2,5,5,4,3,3
4.86,5.0,0.0,10,5,5,5,5,5,5,5,5,5,5
3.88,4.1,0.7666666666666666,10,3,3,4,5,4,4,5,3,5,5
2.51,2.4,0.7111111111111112,10,2,2,3,4,3,1,3,2,2,2
4.86,5.0,0.0,10,5,5,5,5,5,5,5,5,5,5
1.88,1.7,0.6777777777777778,10,1,2,1,3,2,3,1,2,1,1
3.9,3.9,0.5444444444444444,10,4,4,5,4,4,3,4,3,3,5
4.71,4.8,0.17777777777777773,10,5,5,4,5,5,4,5,5,5,5
1.53,1.2,0.17777777777777778,10,1,1,1,1,1,1,2,1,1,2
1.19,1.1,0.1,10,1,1,1,1,1,1,1,1,1,2
2.22,2.1,1.2111111111111112,10,3,1,4,1,3,1,1,2,3,2
3.84,3.7,1.1222222222222222,10,2,5,4,3,3,5,3,3,4,5
1.01,1.0,0.0,10,1,1,1,1,1,1,1,1,1,1
4.470000000000001,4.5,0.9444444444444444,10,5,5,4,4,5,5,5,5,5,2
1.44,1.5,0.5,10,1,1,1,1,1,2,2,1,3,2
4.42,4.4,0.711111111111111,10,5,4,3,3,5,5,5,5,5,4
3.21,3.3,1.5666666666666667,10,4,2,5,4,4,2,3,2,5,2
3.61,3.6,0.9333333333333333,10,5,3,3,4,4,3,4,3,2,5
4.7,4.7,0.23333333333333334,10,5,5,5,5,4,5,4,4,5,5
3.98,4.1,0.9888888888888887,10,4,5,4,3,4,4,2,5,5,5
2.57,2.5,0.9444444444444444,10,3,2,4,2,4,2,3,2,2,1
3.88,3.7,0.6777777777777777,10,4,4,4,3,3,5,4,4,2,4
4.1,3.8,0.8444444444444444,10,4,3,5,3,3,3,4,5,3,5
2.12,1.5,0.5,10,1,3,2,1,1,2,2,1,1,1
3.3600000000000003,3.8,1.0666666666666667,10,3,3,5,3,4,5,4,5,2,4
1.48,1.4,0.2666666666666667,10,1,1,1,1,1,2,2,1,2,2
1.32,1.5,0.5,10,1,1,1,2,1,2,1,2,1,3
4.8,4.9,0.09999999999999998,10,5,5,5,5,5,4,5,5,5,5
4.32,4.5,0.2777777777777778,10,5,4,5,5,4,4,4,5,4,5
4.2,4.3,0.4555555555555555,10,4,5,4,4,5,3,4,4,5,5
1.17,1.1,0.1,10,1,1,1,1,1,1,1,1,2,1
1.28,1.2,0.1777777777777778,10,1,1,2,1,1,2,1,1,1,1
3.75,3.8,1.288888888888889,10,4,4,4,5,4,1,3,5,4,4
3.77,3.4,1.155555555555556,10,2,5,3,4,4,2,3,3,3,5
3.19,2.6,1.5999999999999999,10,1,4,3,1,1,2,3,3,4,4
4.39,4.2,0.6222222222222222,10,4,5,4,5,4,5,5,3,4,3
4.39,4.4,0.4888888888888888,10,5,5,5,4,3,5,4,4,5,4
3.24,2.6,1.155555555555556,10,1,3,4,2,4,3,2,1,3,3
3.52,3.7,1.3444444444444443,10,5,4,4,5,4,3,5,3,2,2
1.05,1.0,0.0,10,1,1,1,1,1,1,1,1,1,1
4.79,4.7,0.4555555555555555,10,5,5,5,3,5,5,5,5,5,4
2.27,2.4,0.9333333333333333,10,1,3,3,3,3,2,2,4,1,2
1.74,1.4,0.2666666666666667,10,2,1,1,2,1,2,1,1,1,2
3.68,4.1,0.7666666666666666,10,5,4,4,5,5,3,5,3,4,3
2.08,2.1,0.5444444444444446,10,3,3,3,2,2,2,1,2,1,2
4.529999999999999,4.4,0.711111111111111,10,5,3,3,4,5,5,4,5,5,5
4.95,4.9,0.09999999999999996,10,5,4,5,5,5,5,5,5,5,5
4.59,4.8,0.17777777777777776,10,5,5,5,5,5,4,4,5,5,5
3.75,3.6,0.9333333333333333,10,3,5,4,3,3,3,4,2,4,5
4.92,5.0,0.0,10,5,5,5,5,5,5,5,5,5,5
2.32,2.5,0.5,10,2,2,4,2,3,2,2,3,2,3
4.5600000000000005,4.7,0.4555555555555555,10,3,5,5,5,5,5,5,5,5,4
1.08,1.0,0.0,10,1,1,1,1,1,1,1,1,1,1
3.29,3.6,0.7111111111111112,10,4,3,4,2,4,5,4,3,3,4
4.33,4.2,0.39999999999999997,10,4,4,4,5,4,5,5,4,3,4
4.94,4.9,0.09999999999999999,10,5,5,5,5,5,5,5,5,5,4
2.37,2.3,0.8999999999999999,10,3,3,1,1,2,3,2,2,2,4
2.04,2.4,0.7111111111111111,10,2,2,2,2,2,1,3,4,3,3
3.69,4.4,0.4888888888888888,10,4,5,3,5,5,5,4,4,4,5
3.84,4.1,0.9888888888888889,10,5,3,3,5,3,4,3,5,5,5
4.88,5.0,0.0,10,5,5,5,5,5,5,5,5,5,5
2.6,2.9,0.5444444444444444,10,3,3,2,3,4,4,3,3,2,2
4.970000000000001,4.9,0.09999999999999996,10,4,5,5,5,5,5,5,5,5,5
3.66,3.7,1.3444444444444443,10,5,5,2,4,4,4,3,5,3,2
1.67,1.7,0.23333333333333334,10,2,2,1,2,2,2,1,2,2,1
3.38,2.9,1.4333333333333333,10,3,4,1,4,4,2,4,3,3,1
3.65,3.8,0.6222222222222222,10,4,2,5,3,4,4,4,4,4,4
1.1800000000000002,1.4,0.2666666666666667,10,1,2,2,1,1,1,1,1,2,2
1.96,1.9,0.7666666666666665,10,3,1,3,3,2,1,2,1,2,1
3.24,3.2,0.8444444444444444,10,3,3,3,2,3,4,3,4,5,2
4.84,4.8,0.17777777777777776,10,5,5,5,5,5,5,4,4,5,5
3.82,3.8,0.6222222222222222,10,5,4,4,3,4,3,5,3,4,3
2.18,2.6,0.9333333333333333,10,2,2,2,3,2,5,3,3,2,2
2.69,2.6,1.1555555555555557,10,2,4,3,2,2,4,2,1,4,2
2.67,2.6,0.9333333333333333,10,2,1,2,3,3,3,4,2,4,2
4.83,4.8,0.17777777777777773,10,4,5,5,5,5,5,5,5,4,5
4.92,4.9,0.09999999999999998,10,5,5,5,4,5,5,5,5,5,5
3.58,3.8,1.0666666666666669,10,5,5,4,3,5,3,4,2,4,3
3.34,3.4,1.155555555555556,10,2,5,2,4,3,4,3,5,3,3
3.96,3.4,1.3777777777777778,10,3,4,4,5,2,4,3,2,2,5
4.75,4.6,0.4888888888888888,10,4,5,5,5,5,5,3,5,5,4
4.48,4.4,0.26666666666666666,10,4,4,5,4,5,4,4,5,4,5
1.91,2.0,0.8888888888888888,10,1,3,3,3,3,1,2,1,2,1
2.21,1.9,0.5444444444444445,10,1,3,2,2,3,2,1,2,2,1
4.88,4.7,0.4555555555555555,10,4,5,5,5,3,5,5,5,5,5
3.45,3.3,0.8999999999999999,10,4,3,4,1,4,3,3,4,3,4
4.29,3.7,0.8999999999999999,10,4,3,3,4,5,4,5,4,3,2
3.51,3.7,0.6777777777777777,10,4,3,3,3,5,5,3,4,4,3
1.36,1.5,0.5,10,1,2,2,3,1,1,1,1,2,1
1.38,1.3,0.23333333333333334,10,2,2,1,2,1,1,1,1,1,1
1.76,1.8,0.4000000000000001,10,2,2,2,2,1,2,3,1,1,2
4.61,4.7,0.23333333333333334,10,4,5,5,5,5,5,4,4,5,5
2.6,2.3,0.8999999999999999,10,2,2,2,3,1,1,4,3,2,3
3.58,3.6,0.7111111111111112,10,4,4,2,3,4,4,3,4,3,5
3.44,3.1,1.4333333333333331,10,4,3,3,4,3,4,2,2,1,5
2.31,2.5,0.5,10,2,3,3,4,2,2,2,2,2,3
2.06,1.4,0.2666666666666667,10,2,1,2,1,1,1,2,1,2,1
3.32,3.6,0.9333333333333336,10,2,4,2,3,4,4,4,5,4,4
2.57,3.0,1.5555555555555556,10,4,1,3,5,2,4,4,2,2,3
3.92,4.2,0.39999999999999997,10,4,4,4,3,4,4,5,5,4,5
